figure_id,panel_id,series_id,series_name,x,x_unit,y,y_unit,marker_shape,line_style,color_hex,is_inferred,confidence,source_pixel_x,source_pixel_y,notes,point_id,source_instance_id,species,export_eligible,species_evidence,quantity_type,loading_basis,evidence_type,normalized_x,normalized_x_unit,normalized_y,normalized_y_unit,conversion_id,uncertainty_x,uncertainty_y,status
figp1a,a,figp1a:a:co2-273k-78e92393,CO2 273K,98.3138,mbar,3.2484,mmol/g,square,solid,#030303,false,medium,285.0000,304.5000,"evidence_kind=partial_marker; evidence_ref=panel.png; source_evidence=CO2 273K partial coloured glyph/shape context at native coordinates (285.0,304.5); uncertainty_px=4.5",pt-a04-451a9d67edb28d1d,src-a04-451a9d67edb28d1d,CO2,true,Legend group heading 'CO2 @' binds the 273K entry to CO2.,co2_loading,mmol per gram of sorbent,partially_visible_marker,,,,,,6.2562,0.0362,review
figp1a,a,figp1a:a:co2-273k-78e92393,CO2 273K,116.3872,mbar,3.3571,mmol/g,square,solid,#030303,false,medium,298.0000,291.0000,"evidence_kind=partial_marker; evidence_ref=panel.png; source_evidence=CO2 273K partial coloured glyph/shape context at native coordinates (298.0,291.0); uncertainty_px=4.5",pt-a04-98ed28a28fc737a1,src-a04-98ed28a28fc737a1,CO2,true,Legend group heading 'CO2 @' binds the 273K entry to CO2.,co2_loading,mmol per gram of sorbent,partially_visible_marker,,,,,,6.2562,0.0362,review
figp1a,a,figp1a:a:co2-273k-78e92393,CO2 273K,145.5827,mbar,3.5100,mmol/g,square,solid,#030303,false,medium,319.0000,272.0000,"evidence_kind=partial_marker; evidence_ref=panel.png; source_evidence=CO2 273K partial coloured glyph/shape context at native coordinates (319.0,272.0); uncertainty_px=4.5",pt-a04-16594aa9fc1f8aef,src-a04-16594aa9fc1f8aef,CO2,true,Legend group heading 'CO2 @' binds the 273K entry to CO2.,co2_loading,mmol per gram of sorbent,partially_visible_marker,,,,,,6.2562,0.0362,review
figp1a,a,figp1a:a:co2-273k-78e92393,CO2 273K,178.9490,mbar,3.7031,mmol/g,square,solid,#030303,false,medium,343.0000,248.0000,"evidence_kind=partial_marker; evidence_ref=panel.png; source_evidence=CO2 273K partial coloured glyph/shape context at native coordinates (343.0,248.0); uncertainty_px=4.5",pt-a04-236356820ee7767e,src-a04-236356820ee7767e,CO2,true,Legend group heading 'CO2 @' binds the 273K entry to CO2.,co2_loading,mmol per gram of sorbent,partially_visible_marker,,,,,,6.2562,0.0362,review
figp1a,a,figp1a:a:co2-273k-78e92393,CO2 273K,218.7522,mbar,3.8363,mmol/g,square,solid,#030303,false,high,371.6300,231.4500,assigned_by=joint_assignment; source=auto,pt-5d59dc46b8d7e61d,src-1b9129593bb3658a,CO2,true,Legend group heading 'CO2 @' binds the 273K entry to CO2.,co2_loading,mmol per gram of sorbent,visible_marker,,,,,,6.2562,0.0362,review
figp1a,a,figp1a:a:co2-273k-78e92393,CO2 273K,252.2159,mbar,3.9649,mmol/g,square,solid,#030303,false,high,395.7000,215.4700,assigned_by=joint_assignment; source=auto,pt-a702fcf410824c94,src-e41c77ec1628c082,CO2,true,Legend group heading 'CO2 @' binds the 273K entry to CO2.,co2_loading,mmol per gram of sorbent,visible_marker,,,,,,3.4757,0.0201,review
figp1a,a,figp1a:a:co2-273k-78e92393,CO2 273K,289.6139,mbar,4.0622,mmol/g,square,solid,#030303,false,high,422.6000,203.3900,assigned_by=joint_assignment; source=auto,pt-edce563dc2defb76,src-38b9f82896cce1f6,CO2,true,Legend group heading 'CO2 @' binds the 273K entry to CO2.,co2_loading,mmol per gram of sorbent,visible_marker,,,,,,3.4757,0.0201,review
figp1a,a,figp1a:a:co2-273k-78e92393,CO2 273K,325.9971,mbar,4.1817,mmol/g,square,solid,#030303,false,high,448.7700,188.5300,assigned_by=joint_assignment; source=auto,pt-9d7a62213f7a7d22,src-71f19d762e020e1d,CO2,true,Legend group heading 'CO2 @' binds the 273K entry to CO2.,co2_loading,mmol per gram of sorbent,visible_marker,,,,,,3.4757,0.0201,review
figp1a,a,figp1a:a:co2-273k-78e92393,CO2 273K,360.7676,mbar,4.2493,mmol/g,square,solid,#030303,false,high,473.7800,180.1400,assigned_by=joint_assignment; source=auto,pt-33ca8b84412110c0,src-cf83c136b1256c5e,CO2,true,Legend group heading 'CO2 @' binds the 273K entry to CO2.,co2_loading,mmol per gram of sorbent,visible_marker,,,,,,3.4757,0.0201,review
figp1a,a,figp1a:a:co2-273k-78e92393,CO2 273K,396.6225,mbar,4.3401,mmol/g,square,solid,#030303,false,high,499.5700,168.8500,assigned_by=joint_assignment; source=auto,pt-538e2faa2e0dd71e,src-a4be9aaf2ba6ddc0,CO2,true,Legend group heading 'CO2 @' binds the 273K entry to CO2.,co2_loading,mmol per gram of sorbent,visible_marker,,,,,,3.4757,0.0201,review
figp1a,a,figp1a:a:co2-273k-78e92393,CO2 273K,432.1298,mbar,4.4117,mmol/g,square,solid,#030303,false,high,525.1100,159.9500,assigned_by=joint_assignment; source=auto,pt-8e02a29c585b5fe0,src-c9cd4d469dadc6ee,CO2,true,Legend group heading 'CO2 @' binds the 273K entry to CO2.,co2_loading,mmol per gram of sorbent,visible_marker,,,,,,3.4757,0.0201,review
figp1a,a,figp1a:a:co2-273k-78e92393,CO2 273K,468.3739,mbar,4.4660,mmol/g,square,solid,#030303,false,high,551.1800,153.2100,assigned_by=joint_assignment; source=auto,pt-10f673ff7311d2eb,src-60881d609546aea4,CO2,true,Legend group heading 'CO2 @' binds the 273K entry to CO2.,co2_loading,mmol per gram of sorbent,visible_marker,,,,,,3.4757,0.0201,review
figp1a,a,figp1a:a:co2-273k-78e92393,CO2 273K,503.5754,mbar,4.5160,mmol/g,square,solid,#030303,false,high,576.5000,147.0000,assigned_by=joint_assignment; source=auto,pt-814c8c606417f4d5,src-27d3ac60cc4d5334,CO2,true,Legend group heading 'CO2 @' binds the 273K entry to CO2.,co2_loading,mmol per gram of sorbent,visible_marker,,,,,,3.4757,0.0201,review
figp1a,a,figp1a:a:co2-273k-78e92393,CO2 273K,539.7083,mbar,4.5840,mmol/g,square,solid,#030303,false,high,602.4900,138.5500,assigned_by=joint_assignment; source=auto,pt-1f52499f7200b5db,src-62c3b27f7b7b2f12,CO2,true,Legend group heading 'CO2 @' binds the 273K entry to CO2.,co2_loading,mmol per gram of sorbent,visible_marker,,,,,,3.4757,0.0201,review
figp1a,a,figp1a:a:co2-273k-78e92393,CO2 273K,577.2593,mbar,4.6166,mmol/g,square,solid,#030303,false,high,629.5000,134.5000,assigned_by=joint_assignment; source=auto,pt-26ba7a91566ebf28,src-19adf94d9673d472,CO2,true,Legend group heading 'CO2 @' binds the 273K entry to CO2.,co2_loading,mmol per gram of sorbent,visible_marker,,,,,,3.4757,0.0201,review
figp1a,a,figp1a:a:co2-273k-78e92393,CO2 273K,612.9473,mbar,4.6651,mmol/g,square,solid,#030303,false,high,655.1700,128.4700,assigned_by=joint_assignment; source=auto,pt-774eb30c5f5ab698,src-5165455992b63a38,CO2,true,Legend group heading 'CO2 @' binds the 273K entry to CO2.,co2_loading,mmol per gram of sorbent,visible_marker,,,,,,3.4757,0.0201,review
figp1a,a,figp1a:a:co2-273k-78e92393,CO2 273K,648.1627,mbar,4.7127,mmol/g,square,solid,#030303,false,high,680.5000,122.5600,assigned_by=joint_assignment; source=auto,pt-032e9d8fff4e30fd,src-ad9846ffd0bee62c,CO2,true,Legend group heading 'CO2 @' binds the 273K entry to CO2.,co2_loading,mmol per gram of sorbent,visible_marker,,,,,,3.4757,0.0201,review
figp1a,a,figp1a:a:co2-273k-78e92393,CO2 273K,683.6144,mbar,4.7333,mmol/g,square,solid,#030303,false,high,706.0000,120.0000,assigned_by=joint_assignment; source=auto,pt-a06525c9d8b3d392,src-8dd4adafdd8e9b04,CO2,true,Legend group heading 'CO2 @' binds the 273K entry to CO2.,co2_loading,mmol per gram of sorbent,visible_marker,,,,,,3.4757,0.0201,review
figp1a,a,figp1a:a:co2-273k-78e92393,CO2 273K,718.3709,mbar,4.7735,mmol/g,square,solid,#030303,false,medium,731.0000,115.0000,assigned_by=joint_assignment; source=auto,pt-25c6267f7cadb068,src-90a3238cf10386bb,CO2,true,Legend group heading 'CO2 @' binds the 273K entry to CO2.,co2_loading,mmol per gram of sorbent,visible_marker,,,,,,3.4757,0.0201,review
figp1a,a,figp1a:a:co2-273k-78e92393,CO2 273K,746.1762,mbar,4.8057,mmol/g,square,solid,#030303,false,medium,751.0000,111.0000,assigned_by=joint_assignment; source=auto,pt-da94dad5f34bc01e,src-0fc3579c7bb670fd,CO2,true,Legend group heading 'CO2 @' binds the 273K entry to CO2.,co2_loading,mmol per gram of sorbent,visible_marker,,,,,,3.4757,0.0201,review
figp1a,a,figp1a:a:co2-273k-78e92393,CO2 273K,791.7073,mbar,4.8334,mmol/g,square,solid,#030303,false,high,783.7500,107.5500,assigned_by=joint_assignment; source=auto,pt-8ac51459d8a5d393,src-172c708ea60aff7c,CO2,true,Legend group heading 'CO2 @' binds the 273K entry to CO2.,co2_loading,mmol per gram of sorbent,visible_marker,,,,,,3.4757,0.0201,review
figp1a,a,figp1a:a:co2-273k-78e92393,CO2 273K,827.1034,mbar,4.8591,mmol/g,square,solid,#030303,false,high,809.2100,104.3600,assigned_by=joint_assignment; source=auto,pt-826bb87e71a0f65b,src-c08e8974a49a2f02,CO2,true,Legend group heading 'CO2 @' binds the 273K entry to CO2.,co2_loading,mmol per gram of sorbent,visible_marker,,,,,,3.4757,0.0201,review
figp1a,a,figp1a:a:co2-273k-78e92393,CO2 273K,844.2870,mbar,4.8897,mmol/g,square,solid,#030303,false,medium,821.5700,100.5600,assigned_by=joint_assignment; source=auto,pt-1ac744db646d81ba,src-ca87efee9d8f2f5d,CO2,true,Legend group heading 'CO2 @' binds the 273K entry to CO2.,co2_loading,mmol per gram of sorbent,visible_marker,,,,,,3.4757,0.0201,review
figp1a,a,figp1a:a:co2-273k-78e92393,CO2 273K,854.6167,mbar,4.8902,mmol/g,square,solid,#030303,false,medium,829.0000,100.5000,assigned_by=joint_assignment; source=auto,pt-ecb766b85984030e,src-5ec605cee2bd1194,CO2,true,Legend group heading 'CO2 @' binds the 273K entry to CO2.,co2_loading,mmol per gram of sorbent,visible_marker,,,,,,3.4757,0.0201,review
figp1a,a,figp1a:a:co2-273k-78e92393,CO2 273K,899.1051,mbar,4.9103,mmol/g,square,solid,#030303,false,high,861.0000,98.0000,"evidence_kind=native_visible; evidence_ref=panel.png; source_evidence=CO2 273K visible filled glyph core and series-colour trajectory at native coordinates (861.0,98.0); uncertainty_px=2.5",pt-a04-e24af1b95bab3741,src-a04-e24af1b95bab3741,CO2,true,Legend group heading 'CO2 @' binds the 273K entry to CO2.,co2_loading,mmol per gram of sorbent,visible_marker,,,,,,3.4757,0.0201,review
figp1a,a,figp1a:a:co2-273k-78e92393,CO2 273K,937.4527,mbar,4.9311,mmol/g,square,solid,#030303,false,high,888.5830,95.4170,"evidence_kind=native_visible; evidence_ref=panel.png; source_evidence=CO2 273K visible filled glyph core and series-colour trajectory at native coordinates (888.6,95.4); uncertainty_px=2.5",pt-a04-1a282ae747a3967a,src-a04-1a282ae747a3967a,CO2,true,Legend group heading 'CO2 @' binds the 273K entry to CO2.,co2_loading,mmol per gram of sorbent,visible_marker,,,,,,3.4757,0.0201,review
figp1a,a,figp1a:a:co2-273k-78e92393,CO2 273K,961.6669,mbar,4.9505,mmol/g,square,solid,#030303,false,medium,906.0000,93.0000,assigned_by=joint_assignment; source=auto,pt-9efcd7cd943bcfd3,src-35cbf85482989c92,CO2,true,Legend group heading 'CO2 @' binds the 273K entry to CO2.,co2_loading,mmol per gram of sorbent,visible_marker,,,,,,3.4757,0.0201,review
figp1a,a,figp1a:a:co2-273k-78e92393,CO2 273K,1008.9358,mbar,4.9666,mmol/g,square,solid,#030303,false,high,940.0000,91.0000,"evidence_kind=native_visible; evidence_ref=panel.png; source_evidence=CO2 273K visible filled glyph core and series-colour trajectory at native coordinates (940.0,91.0); uncertainty_px=2.5",pt-a04-f5788b28de0e882f,src-a04-f5788b28de0e882f,CO2,true,Legend group heading 'CO2 @' binds the 273K entry to CO2.,co2_loading,mmol per gram of sorbent,visible_marker,,,,,,3.4757,0.0201,review
figp1a,a,figp1a:a:co2-273k-78e92393,CO2 273K,1097.2175,mbar,5.0069,mmol/g,square,solid,#030303,false,high,1003.5000,86.0000,"evidence_kind=native_visible; evidence_ref=panel.png; source_evidence=CO2 273K visible filled glyph core and series-colour trajectory at native coordinates (1003.5,86.0); uncertainty_px=2.5",pt-a04-5019db7f78e07dae,src-a04-5019db7f78e07dae,CO2,true,Legend group heading 'CO2 @' binds the 273K entry to CO2.,co2_loading,mmol per gram of sorbent,visible_marker,,,,,,3.4757,0.0201,review
figp1a,a,figp1a:a:co2-273k-78e92393,CO2 273K,1196.6213,mbar,5.0471,mmol/g,square,solid,#030303,false,high,1075.0000,81.0000,"evidence_kind=native_visible; evidence_ref=panel.png; source_evidence=CO2 273K visible filled glyph core and series-colour trajectory at native coordinates (1075.0,81.0); uncertainty_px=2.5",pt-a04-1ad23eadd7cea423,src-a04-1ad23eadd7cea423,CO2,true,Legend group heading 'CO2 @' binds the 273K entry to CO2.,co2_loading,mmol per gram of sorbent,visible_marker,,,,,,3.4757,0.0201,review
figp1a,a,figp1a:a:co2-283k-09bb156a,CO2 283K,126.3512,mbar,2.9493,mmol/g,hexagon,solid,#f1231f,false,medium,305.1670,341.6670,"evidence_kind=partial_marker; evidence_ref=panel.png; source_evidence=CO2 283K partial coloured glyph/shape context at native coordinates (305.2,341.7); uncertainty_px=4.5",pt-a04-ebdb04bd795f91f8,src-a04-ebdb04bd795f91f8,CO2,true,Legend group heading 'CO2 @' binds the 283K entry to CO2.,co2_loading,mmol per gram of sorbent,partially_visible_marker,,,,,,6.2562,0.0362,review
figp1a,a,figp1a:a:co2-283k-09bb156a,CO2 283K,140.4846,mbar,3.0003,mmol/g,hexagon,solid,#f1231f,false,medium,315.3330,335.3330,"evidence_kind=partial_marker; evidence_ref=panel.png; source_evidence=CO2 283K partial coloured glyph/shape context at native coordinates (315.3,335.3); uncertainty_px=4.5",pt-a04-62646d2bd3d614b7,src-a04-62646d2bd3d614b7,CO2,true,Legend group heading 'CO2 @' binds the 283K entry to CO2.,co2_loading,mmol per gram of sorbent,partially_visible_marker,,,,,,6.2562,0.0362,review
figp1a,a,figp1a:a:co2-283k-09bb156a,CO2 283K,170.6075,mbar,3.1237,mmol/g,hexagon,solid,#f1231f,false,medium,337.0000,320.0000,"evidence_kind=partial_marker; evidence_ref=panel.png; source_evidence=CO2 283K partial coloured glyph/shape context at native coordinates (337.0,320.0); uncertainty_px=4.5",pt-a04-793e5320e64586da,src-a04-793e5320e64586da,CO2,true,Legend group heading 'CO2 @' binds the 283K entry to CO2.,co2_loading,mmol per gram of sorbent,partially_visible_marker,,,,,,6.2562,0.0362,review
figp1a,a,figp1a:a:co2-283k-09bb156a,CO2 283K,228.3312,mbar,3.2950,mmol/g,hexagon,solid,#f1231f,false,high,378.5200,298.7100,assigned_by=joint_assignment; source=auto,pt-8ad6466cec5dac1d,src-653f766cc5c47b9b,CO2,true,Legend group heading 'CO2 @' binds the 283K entry to CO2.,co2_loading,mmol per gram of sorbent,visible_marker,,,,,,6.2562,0.0362,review
figp1a,a,figp1a:a:co2-283k-09bb156a,CO2 283K,251.5485,mbar,3.3973,mmol/g,hexagon,solid,#f1231f,false,high,395.2200,286.0000,assigned_by=joint_assignment; source=auto,pt-9df7d873eca735c3,src-f25997db6c292157,CO2,true,Legend group heading 'CO2 @' binds the 283K entry to CO2.,co2_loading,mmol per gram of sorbent,visible_marker,,,,,,3.4757,0.0201,review
figp1a,a,figp1a:a:co2-283k-09bb156a,CO2 283K,294.5633,mbar,3.4664,mmol/g,hexagon,solid,#f1231f,false,high,426.1600,277.4200,assigned_by=joint_assignment; source=auto,pt-6a49f8673f2deb74,src-ba3adf25d0b4259d,CO2,true,Legend group heading 'CO2 @' binds the 283K entry to CO2.,co2_loading,mmol per gram of sorbent,visible_marker,,,,,,3.4757,0.0201,review
figp1a,a,figp1a:a:co2-283k-09bb156a,CO2 283K,326.9842,mbar,3.5885,mmol/g,hexagon,solid,#f1231f,false,high,449.4800,262.2400,assigned_by=joint_assignment; source=auto,pt-6257647345dac5b3,src-e3a1778d5b5b868d,CO2,true,Legend group heading 'CO2 @' binds the 283K entry to CO2.,co2_loading,mmol per gram of sorbent,visible_marker,,,,,,3.4757,0.0201,review
figp1a,a,figp1a:a:co2-283k-09bb156a,CO2 283K,355.2343,mbar,3.5987,mmol/g,hexagon,solid,#f1231f,false,high,469.8000,260.9800,assigned_by=joint_assignment; source=auto,pt-b877b69d5e3f7e70,src-cc4349ca875f7ae1,CO2,true,Legend group heading 'CO2 @' binds the 283K entry to CO2.,co2_loading,mmol per gram of sorbent,visible_marker,,,,,,3.4757,0.0201,review
figp1a,a,figp1a:a:co2-283k-09bb156a,CO2 283K,402.2669,mbar,3.7584,mmol/g,hexagon,solid,#f1231f,false,medium,503.6300,241.1300,assigned_by=joint_assignment; source=auto,pt-d3e01dd342187eda,src-586ccca70e7eab59,CO2,true,Legend group heading 'CO2 @' binds the 283K entry to CO2.,co2_loading,mmol per gram of sorbent,visible_marker,,,,,,3.4757,0.0201,review
figp1a,a,figp1a:a:co2-283k-09bb156a,CO2 283K,469.4722,mbar,3.8198,mmol/g,hexagon,solid,#f1231f,false,low,551.9700,233.5100,assigned_by=joint_assignment; source=auto,pt-ff66b2d89acc57f0,src-dd16c32ad75e06c0,CO2,true,Legend group heading 'CO2 @' binds the 283K entry to CO2.,co2_loading,mmol per gram of sorbent,visible_marker,,,,,,3.4757,0.0201,review
figp1a,a,figp1a:a:co2-283k-09bb156a,CO2 283K,483.7780,mbar,3.9006,mmol/g,hexagon,solid,#f1231f,false,medium,562.2600,223.4600,assigned_by=joint_assignment; source=auto,pt-38bff4157bcf26a5,src-7dba0256da6a7f87,CO2,true,Legend group heading 'CO2 @' binds the 283K entry to CO2.,co2_loading,mmol per gram of sorbent,visible_marker,,,,,,3.4757,0.0201,review
figp1a,a,figp1a:a:co2-283k-09bb156a,CO2 283K,532.5067,mbar,3.9294,mmol/g,hexagon,solid,#f1231f,false,high,597.3100,219.8900,assigned_by=joint_assignment; source=auto,pt-5d6b74e8c7ec41ac,src-9571a603dcd93ec1,CO2,true,Legend group heading 'CO2 @' binds the 283K entry to CO2.,co2_loading,mmol per gram of sorbent,visible_marker,,,,,,3.4757,0.0201,review
figp1a,a,figp1a:a:co2-283k-09bb156a,CO2 283K,558.8661,mbar,4.0057,mmol/g,hexagon,solid,#f1231f,false,high,616.2700,210.4000,assigned_by=joint_assignment; source=auto,pt-c4072e224d1aaf6a,src-14d32b2649c9dfc3,CO2,true,Legend group heading 'CO2 @' binds the 283K entry to CO2.,co2_loading,mmol per gram of sorbent,visible_marker,,,,,,3.4757,0.0201,review
figp1a,a,figp1a:a:co2-283k-09bb156a,CO2 283K,593.9563,mbar,4.0147,mmol/g,hexagon,solid,#f1231f,false,high,641.5100,209.2900,assigned_by=joint_assignment; source=auto,pt-450afc335e6079fa,src-fb5cbaf7d7ba2f65,CO2,true,Legend group heading 'CO2 @' binds the 283K entry to CO2.,co2_loading,mmol per gram of sorbent,visible_marker,,,,,,3.4757,0.0201,review
figp1a,a,figp1a:a:co2-283k-09bb156a,CO2 283K,636.9989,mbar,4.1101,mmol/g,hexagon,solid,#f1231f,false,medium,672.4700,197.4300,assigned_by=joint_assignment; source=auto,pt-bfe1ff74bfb60dce,src-f8382ff1eadafcf0,CO2,true,Legend group heading 'CO2 @' binds the 283K entry to CO2.,co2_loading,mmol per gram of sorbent,visible_marker,,,,,,3.4757,0.0201,review
figp1a,a,figp1a:a:co2-283k-09bb156a,CO2 283K,654.5023,mbar,4.0919,mmol/g,hexagon,solid,#f1231f,false,medium,685.0600,199.6900,assigned_by=joint_assignment; source=auto,pt-00cd2a8a696aaa52,src-6474ddfe00858a99,CO2,true,Legend group heading 'CO2 @' binds the 283K entry to CO2.,co2_loading,mmol per gram of sorbent,visible_marker,,,,,,3.4757,0.0201,review
figp1a,a,figp1a:a:co2-283k-09bb156a,CO2 283K,713.0184,mbar,4.1709,mmol/g,hexagon,solid,#f1231f,false,high,727.1500,189.8800,assigned_by=joint_assignment; source=auto,pt-6ad894cba0353b46,src-7d34a85bc70fa0ec,CO2,true,Legend group heading 'CO2 @' binds the 283K entry to CO2.,co2_loading,mmol per gram of sorbent,visible_marker,,,,,,3.4757,0.0201,review
figp1a,a,figp1a:a:co2-283k-09bb156a,CO2 283K,774.9407,mbar,4.2170,mmol/g,hexagon,solid,#f1231f,false,medium,771.6900,184.1500,assigned_by=joint_assignment; source=auto,pt-baa0aa5d6442979d,src-8be032efc88f2c18,CO2,true,Legend group heading 'CO2 @' binds the 283K entry to CO2.,co2_loading,mmol per gram of sorbent,visible_marker,,,,,,3.4757,0.0201,review
figp1a,a,figp1a:a:co2-283k-09bb156a,CO2 283K,788.2038,mbar,4.2641,mmol/g,hexagon,solid,#f1231f,false,medium,781.2300,178.2900,assigned_by=joint_assignment; source=auto,pt-c38811d7271b2189,src-a03ac958f9513bf4,CO2,true,Legend group heading 'CO2 @' binds the 283K entry to CO2.,co2_loading,mmol per gram of sorbent,visible_marker,,,,,,3.4757,0.0201,review
figp1a,a,figp1a:a:co2-283k-09bb156a,CO2 283K,836.4598,mbar,4.2714,mmol/g,hexagon,solid,#f1231f,false,high,815.9400,177.3900,assigned_by=joint_assignment; source=auto,pt-e8ddc420c156e4dc,src-14d24c4c49e0e530,CO2,true,Legend group heading 'CO2 @' binds the 283K entry to CO2.,co2_loading,mmol per gram of sorbent,visible_marker,,,,,,3.4757,0.0201,review
figp1a,a,figp1a:a:co2-283k-09bb156a,CO2 283K,867.6156,mbar,4.3265,mmol/g,hexagon,solid,#f1231f,false,high,838.3500,170.5400,assigned_by=joint_assignment; source=auto,pt-c5cb9051093365a6,src-b70f9140495add67,CO2,true,Legend group heading 'CO2 @' binds the 283K entry to CO2.,co2_loading,mmol per gram of sorbent,visible_marker,,,,,,3.4757,0.0201,review
figp1a,a,figp1a:a:co2-283k-09bb156a,CO2 283K,895.6294,mbar,4.3213,mmol/g,hexagon,solid,#f1231f,false,high,858.5000,171.1900,assigned_by=joint_assignment; source=auto,pt-3b61e3681c809c7a,src-9faa496ca0ea5596,CO2,true,Legend group heading 'CO2 @' binds the 283K entry to CO2.,co2_loading,mmol per gram of sorbent,visible_marker,,,,,,3.4757,0.0201,review
figp1a,a,figp1a:a:co2-283k-09bb156a,CO2 283K,926.7713,mbar,4.3661,mmol/g,hexagon,solid,#f1231f,false,high,880.9000,165.6200,assigned_by=joint_assignment; source=auto,pt-d72a8fcbac430e65,src-e0dcc8c6dcedae72,CO2,true,Legend group heading 'CO2 @' binds the 283K entry to CO2.,co2_loading,mmol per gram of sorbent,visible_marker,,,,,,3.4757,0.0201,review
figp1a,a,figp1a:a:co2-283k-09bb156a,CO2 283K,956.4117,mbar,4.3703,mmol/g,hexagon,solid,#f1231f,false,high,902.2200,165.1000,assigned_by=joint_assignment; source=auto,pt-ba411b1462021e99,src-3a5660d58256a28a,CO2,true,Legend group heading 'CO2 @' binds the 283K entry to CO2.,co2_loading,mmol per gram of sorbent,visible_marker,,,,,,3.4757,0.0201,review
figp1a,a,figp1a:a:co2-283k-09bb156a,CO2 283K,1003.4165,mbar,4.4171,mmol/g,hexagon,solid,#f1231f,false,medium,936.0300,159.2800,assigned_by=joint_assignment; source=auto,pt-379b289f99c6a596,src-c28f2f29aad05c64,CO2,true,Legend group heading 'CO2 @' binds the 283K entry to CO2.,co2_loading,mmol per gram of sorbent,visible_marker,,,,,,3.4757,0.0201,review
figp1a,a,figp1a:a:co2-283k-09bb156a,CO2 283K,1078.4490,mbar,4.4516,mmol/g,hexagon,solid,#f1231f,false,high,990.0000,155.0000,"evidence_kind=native_visible; evidence_ref=panel.png; source_evidence=CO2 283K visible filled glyph core and series-colour trajectory at native coordinates (990.0,155.0); uncertainty_px=2.5",pt-a04-055180aa9ecfcde6,src-a04-055180aa9ecfcde6,CO2,true,Legend group heading 'CO2 @' binds the 283K entry to CO2.,co2_loading,mmol per gram of sorbent,visible_marker,,,,,,3.4757,0.0201,review
figp1a,a,figp1a:a:co2-283k-09bb156a,CO2 283K,1138.2303,mbar,4.4757,mmol/g,hexagon,solid,#f1231f,false,high,1033.0000,152.0000,"evidence_kind=native_visible; evidence_ref=panel.png; source_evidence=CO2 283K visible filled glyph core and series-colour trajectory at native coordinates (1033.0,152.0); uncertainty_px=2.5",pt-a04-566e28e97d341733,src-a04-566e28e97d341733,CO2,true,Legend group heading 'CO2 @' binds the 283K entry to CO2.,co2_loading,mmol per gram of sorbent,visible_marker,,,,,,3.4757,0.0201,review
figp1a,a,figp1a:a:co2-283k-09bb156a,CO2 283K,1198.0115,mbar,4.5079,mmol/g,hexagon,solid,#f1231f,false,high,1076.0000,148.0000,"evidence_kind=native_visible; evidence_ref=panel.png; source_evidence=CO2 283K visible filled glyph core and series-colour trajectory at native coordinates (1076.0,148.0); uncertainty_px=2.5",pt-a04-d3636441947a094d,src-a04-d3636441947a094d,CO2,true,Legend group heading 'CO2 @' binds the 283K entry to CO2.,co2_loading,mmol per gram of sorbent,visible_marker,,,,,,3.4757,0.0201,review
figp1a,a,figp1a:a:co2-293k-5864b600,CO2 293K,6.5565,mbar,0.0092,mmol/g,triangle_up,solid,#384ca8,false,medium,219.0000,707.0000,"evidence_kind=partial_marker; evidence_ref=panel.png; source_evidence=CO2 293K partial coloured glyph/shape context at native coordinates (219.0,707.0); uncertainty_px=4.5",pt-a04-f2cd4de8464d08d4,src-a04-f2cd4de8464d08d4,CO2,true,Legend group heading 'CO2 @' binds the 293K entry to CO2.,co2_loading,mmol per gram of sorbent,partially_visible_marker,,,,,,6.2562,0.0362,review
figp1a,a,figp1a:a:co2-293k-5864b600,CO2 293K,106.1924,mbar,2.6033,mmol/g,triangle_up,solid,#384ca8,false,medium,290.6670,384.6670,"evidence_kind=partial_marker; evidence_ref=panel.png; source_evidence=CO2 293K partial coloured glyph/shape context at native coordinates (290.7,384.7); uncertainty_px=4.5",pt-a04-36ad1f369f73319f,src-a04-36ad1f369f73319f,CO2,true,Legend group heading 'CO2 @' binds the 293K entry to CO2.,co2_loading,mmol per gram of sorbent,partially_visible_marker,,,,,,6.2562,0.0362,review
figp1a,a,figp1a:a:co2-293k-5864b600,CO2 293K,176.1685,mbar,2.8098,mmol/g,triangle_up,solid,#384ca8,false,medium,341.0000,359.0000,"evidence_kind=partial_marker; evidence_ref=panel.png; source_evidence=CO2 293K partial coloured glyph/shape context at native coordinates (341.0,359.0); uncertainty_px=4.5",pt-a04-4c2fd29fc1243213,src-a04-4c2fd29fc1243213,CO2,true,Legend group heading 'CO2 @' binds the 293K entry to CO2.,co2_loading,mmol per gram of sorbent,partially_visible_marker,,,,,,6.2562,0.0362,review
figp1a,a,figp1a:a:co2-293k-5864b600,CO2 293K,235.3242,mbar,2.9607,mmol/g,triangle_up,solid,#384ca8,false,high,383.5500,340.2600,assigned_by=joint_assignment; source=auto,pt-2e73e83c2266cb91,src-510ead4abfc7cd5e,CO2,true,Legend group heading 'CO2 @' binds the 293K entry to CO2.,co2_loading,mmol per gram of sorbent,visible_marker,,,,,,3.4757,0.0201,review
figp1a,a,figp1a:a:co2-293k-5864b600,CO2 293K,249.3936,mbar,3.0235,mmol/g,triangle_up,solid,#384ca8,false,low,393.6700,332.4500,assigned_by=joint_assignment; source=auto,pt-cdb205c100b1a051,src-1c9b0d84ddc746df,CO2,true,Legend group heading 'CO2 @' binds the 293K entry to CO2.,co2_loading,mmol per gram of sorbent,visible_marker,,,,,,3.4757,0.0201,review
figp1a,a,figp1a:a:co2-293k-5864b600,CO2 293K,294.9525,mbar,3.0780,mmol/g,triangle_up,solid,#384ca8,false,high,426.4400,325.6800,assigned_by=joint_assignment; source=auto,pt-03fb7e1d650536c9,src-5988ab93908ed7e4,CO2,true,Legend group heading 'CO2 @' binds the 293K entry to CO2.,co2_loading,mmol per gram of sorbent,visible_marker,,,,,,3.4757,0.0201,review
figp1a,a,figp1a:a:co2-293k-5864b600,CO2 293K,329.1252,mbar,3.1862,mmol/g,triangle_up,solid,#384ca8,false,high,451.0200,312.2400,assigned_by=joint_assignment; source=auto,pt-0b89ab1a71e56b53,src-07ca342405895c2f,CO2,true,Legend group heading 'CO2 @' binds the 293K entry to CO2.,co2_loading,mmol per gram of sorbent,visible_marker,,,,,,3.4757,0.0201,review
figp1a,a,figp1a:a:co2-293k-5864b600,CO2 293K,358.5293,mbar,3.1892,mmol/g,triangle_up,solid,#384ca8,false,high,472.1700,311.8600,assigned_by=joint_assignment; source=auto,pt-bde3a386f1815f3b,src-02dafb6c332671c3,CO2,true,Legend group heading 'CO2 @' binds the 293K entry to CO2.,co2_loading,mmol per gram of sorbent,visible_marker,,,,,,3.4757,0.0201,review
figp1a,a,figp1a:a:co2-293k-5864b600,CO2 293K,411.1229,mbar,3.3088,mmol/g,triangle_up,solid,#384ca8,false,medium,510.0000,297.0000,assigned_by=joint_assignment; source=auto,pt-952a4f639b23fafd,src-90723b954f458a1d,CO2,true,Legend group heading 'CO2 @' binds the 293K entry to CO2.,co2_loading,mmol per gram of sorbent,visible_marker,,,,,,3.4757,0.0201,review
figp1a,a,figp1a:a:co2-293k-5864b600,CO2 293K,486.9756,mbar,3.4486,mmol/g,triangle_up,solid,#384ca8,false,medium,564.5600,279.6300,assigned_by=joint_assignment; source=auto,pt-345335b5ff94faf3,src-6bdec6953c0be71c,CO2,true,Legend group heading 'CO2 @' binds the 293K entry to CO2.,co2_loading,mmol per gram of sorbent,visible_marker,,,,,,3.4757,0.0201,review
figp1a,a,figp1a:a:co2-293k-5864b600,CO2 293K,535.1482,mbar,3.4634,mmol/g,triangle_up,solid,#384ca8,false,high,599.2100,277.7900,assigned_by=joint_assignment; source=auto,pt-e9355bfaa1d8cc2c,src-05f4f691a29e40d4,CO2,true,Legend group heading 'CO2 @' binds the 293K entry to CO2.,co2_loading,mmol per gram of sorbent,visible_marker,,,,,,3.4757,0.0201,review
figp1a,a,figp1a:a:co2-293k-5864b600,CO2 293K,561.1878,mbar,3.5440,mmol/g,triangle_up,solid,#384ca8,false,high,617.9400,267.7800,assigned_by=joint_assignment; source=auto,pt-f32f2a5f0c7076ae,src-94f488d1cc0fbbb0,CO2,true,Legend group heading 'CO2 @' binds the 293K entry to CO2.,co2_loading,mmol per gram of sorbent,visible_marker,,,,,,3.4757,0.0201,review
figp1a,a,figp1a:a:co2-293k-5864b600,CO2 293K,595.7637,mbar,3.5506,mmol/g,triangle_up,solid,#384ca8,false,high,642.8100,266.9500,assigned_by=joint_assignment; source=auto,pt-9beca3847be3225f,src-d27120f20dcd8d7e,CO2,true,Legend group heading 'CO2 @' binds the 293K entry to CO2.,co2_loading,mmol per gram of sorbent,visible_marker,,,,,,3.4757,0.0201,review
figp1a,a,figp1a:a:co2-293k-5864b600,CO2 293K,636.7347,mbar,3.6272,mmol/g,triangle_up,solid,#384ca8,false,high,672.2800,257.4400,assigned_by=joint_assignment; source=auto,pt-618fca344ede64f3,src-dde630a0fb60a8ab,CO2,true,Legend group heading 'CO2 @' binds the 293K entry to CO2.,co2_loading,mmol per gram of sorbent,visible_marker,,,,,,3.4757,0.0201,review
figp1a,a,figp1a:a:co2-293k-5864b600,CO2 293K,654.9611,mbar,3.6143,mmol/g,triangle_up,solid,#384ca8,false,medium,685.3900,259.0400,assigned_by=joint_assignment; source=auto,pt-631a476a6f4589b1,src-4dccee5766625c18,CO2,true,Legend group heading 'CO2 @' binds the 293K entry to CO2.,co2_loading,mmol per gram of sorbent,visible_marker,,,,,,3.4757,0.0201,review
figp1a,a,figp1a:a:co2-293k-5864b600,CO2 293K,714.2001,mbar,3.6951,mmol/g,triangle_up,solid,#384ca8,false,medium,728.0000,249.0000,assigned_by=joint_assignment; source=auto,pt-aa8cdf79098a5d2f,src-59faf413bab583f3,CO2,true,Legend group heading 'CO2 @' binds the 293K entry to CO2.,co2_loading,mmol per gram of sorbent,visible_marker,,,,,,3.4757,0.0201,review
figp1a,a,figp1a:a:co2-293k-5864b600,CO2 293K,775.9278,mbar,3.7449,mmol/g,triangle_up,solid,#384ca8,false,high,772.4000,242.8100,assigned_by=joint_assignment; source=auto,pt-e8a6eabef0d0ebad,src-387435abe2885d43,CO2,true,Legend group heading 'CO2 @' binds the 293K entry to CO2.,co2_loading,mmol per gram of sorbent,visible_marker,,,,,,3.4757,0.0201,review
figp1a,a,figp1a:a:co2-293k-5864b600,CO2 293K,837.4191,mbar,3.8015,mmol/g,triangle_up,solid,#384ca8,false,high,816.6300,235.7800,assigned_by=joint_assignment; source=auto,pt-feabd6960a8a3d9d,src-e090973d0de9f97e,CO2,true,Legend group heading 'CO2 @' binds the 293K entry to CO2.,co2_loading,mmol per gram of sorbent,visible_marker,,,,,,3.4757,0.0201,review
figp1a,a,figp1a:a:co2-293k-5864b600,CO2 293K,870.3405,mbar,3.8613,mmol/g,triangle_up,solid,#384ca8,false,high,840.3100,228.3500,assigned_by=joint_assignment; source=auto,pt-fc8eeffe49189756,src-447cbff8037460e7,CO2,true,Legend group heading 'CO2 @' binds the 293K entry to CO2.,co2_loading,mmol per gram of sorbent,visible_marker,,,,,,3.4757,0.0201,review
figp1a,a,figp1a:a:co2-293k-5864b600,CO2 293K,882.4219,mbar,3.8480,mmol/g,triangle_up,solid,#384ca8,false,medium,849.0000,230.0000,"evidence_kind=partial_marker; evidence_ref=panel.png; source_evidence=CO2 293K partial coloured glyph/shape context at native coordinates (849.0,230.0); uncertainty_px=4.5",pt-7448c0b160a62913,src-84222bcab700a678,CO2,true,Legend group heading 'CO2 @' binds the 293K entry to CO2.,co2_loading,mmol per gram of sorbent,partially_visible_marker,,,,,,6.2562,0.0362,review
figp1a,a,figp1a:a:co2-293k-5864b600,CO2 293K,896.3246,mbar,3.8641,mmol/g,triangle_up,solid,#384ca8,false,high,859.0000,228.0000,"evidence_kind=native_visible; evidence_ref=panel.png; source_evidence=CO2 293K visible filled glyph core and series-colour trajectory at native coordinates (859.0,228.0); uncertainty_px=2.5",pt-a04-dffd6c85c7589fc1,src-a04-dffd6c85c7589fc1,CO2,true,Legend group heading 'CO2 @' binds the 293K entry to CO2.,co2_loading,mmol per gram of sorbent,visible_marker,,,,,,3.4757,0.0201,review
figp1a,a,figp1a:a:co2-293k-5864b600,CO2 293K,927.6055,mbar,3.9043,mmol/g,triangle_up,solid,#384ca8,false,high,881.5000,223.0000,"evidence_kind=native_visible; evidence_ref=panel.png; source_evidence=CO2 293K visible filled glyph core and series-colour trajectory at native coordinates (881.5,223.0); uncertainty_px=2.5",pt-a04-6031fad374615135,src-a04-6031fad374615135,CO2,true,Legend group heading 'CO2 @' binds the 293K entry to CO2.,co2_loading,mmol per gram of sorbent,visible_marker,,,,,,3.4757,0.0201,review
figp1a,a,figp1a:a:co2-293k-5864b600,CO2 293K,957.4961,mbar,3.9043,mmol/g,triangle_up,solid,#384ca8,false,medium,903.0000,223.0000,assigned_by=joint_assignment; source=auto,pt-f00ff25358807d89,src-e4c216b1357c6d0c,CO2,true,Legend group heading 'CO2 @' binds the 293K entry to CO2.,co2_loading,mmol per gram of sorbent,visible_marker,,,,,,3.4757,0.0201,review
figp1a,a,figp1a:a:co2-293k-5864b600,CO2 293K,1005.5575,mbar,3.9531,mmol/g,triangle_up,solid,#384ca8,false,medium,937.5700,216.9400,assigned_by=joint_assignment; source=auto,pt-af3fd062c4a6de0e,src-48d5fddf44e9acf5,CO2,true,Legend group heading 'CO2 @' binds the 293K entry to CO2.,co2_loading,mmol per gram of sorbent,visible_marker,,,,,,3.4757,0.0201,review
figp1a,a,figp1a:a:co2-293k-5864b600,CO2 293K,1081.9246,mbar,4.0036,mmol/g,triangle_up,solid,#384ca8,false,high,992.5000,210.6670,"evidence_kind=native_visible; evidence_ref=panel.png; source_evidence=CO2 293K visible filled glyph core and series-colour trajectory at native coordinates (992.5,210.7); uncertainty_px=2.5",pt-a04-8c716830e3db5791,src-a04-8c716830e3db5791,CO2,true,Legend group heading 'CO2 @' binds the 293K entry to CO2.,co2_loading,mmol per gram of sorbent,visible_marker,,,,,,3.4757,0.0201,review
figp1a,a,figp1a:a:co2-293k-5864b600,CO2 293K,1143.7913,mbar,4.0331,mmol/g,triangle_up,solid,#384ca8,false,medium,1037.0000,207.0000,"evidence_kind=partial_marker; evidence_ref=panel.png; source_evidence=CO2 293K partial coloured glyph/shape context at native coordinates (1037.0,207.0); uncertainty_px=4.5",pt-a04-660c3fd5bce22bac,src-a04-660c3fd5bce22bac,CO2,true,Legend group heading 'CO2 @' binds the 293K entry to CO2.,co2_loading,mmol per gram of sorbent,partially_visible_marker,,,,,,6.2562,0.0362,review
figp1a,a,figp1a:a:co2-293k-5864b600,CO2 293K,1190.5973,mbar,4.0599,mmol/g,triangle_up,solid,#384ca8,false,high,1070.6670,203.6670,"evidence_kind=native_visible; evidence_ref=panel.png; source_evidence=CO2 293K visible filled glyph core and series-colour trajectory at native coordinates (1070.7,203.7); uncertainty_px=2.5",pt-a04-d79a171e7201b25d,src-a04-d79a171e7201b25d,CO2,true,Legend group heading 'CO2 @' binds the 293K entry to CO2.,co2_loading,mmol per gram of sorbent,visible_marker,,,,,,3.4757,0.0201,review
figp1a,a,figp1a:a:co2-303k-bc2a4dd1,CO2 303K,17.6786,mbar,1.0313,mmol/g,triangle_down,solid,#0d7d75,false,medium,227.0000,580.0000,"evidence_kind=partial_marker; evidence_ref=panel.png; source_evidence=CO2 303K partial coloured glyph/shape context at native coordinates (227.0,580.0); uncertainty_px=4.5",pt-a04-8d830ebdb652cdd8,src-a04-8d830ebdb652cdd8,CO2,true,Legend group heading 'CO2 @' binds the 303K entry to CO2.,co2_loading,mmol per gram of sorbent,partially_visible_marker,,,,,,6.2562,0.0362,review
figp1a,a,figp1a:a:co2-303k-bc2a4dd1,CO2 303K,32.9715,mbar,1.4498,mmol/g,triangle_down,solid,#0d7d75,false,medium,238.0000,528.0000,"evidence_kind=partial_marker; evidence_ref=panel.png; source_evidence=CO2 303K partial coloured glyph/shape context at native coordinates (238.0,528.0); uncertainty_px=4.5",pt-a04-7c6d14b6e360fd9d,src-a04-7c6d14b6e360fd9d,CO2,true,Legend group heading 'CO2 @' binds the 303K entry to CO2.,co2_loading,mmol per gram of sorbent,partially_visible_marker,,,,,,6.2562,0.0362,review
figp1a,a,figp1a:a:co2-303k-bc2a4dd1,CO2 303K,77.4599,mbar,2.1137,mmol/g,triangle_down,solid,#0d7d75,false,medium,270.0000,445.5000,"evidence_kind=partial_marker; evidence_ref=panel.png; source_evidence=CO2 303K partial coloured glyph/shape context at native coordinates (270.0,445.5); uncertainty_px=4.5",pt-a04-65c081df0a5632c1,src-a04-65c081df0a5632c1,CO2,true,Legend group heading 'CO2 @' binds the 303K entry to CO2.,co2_loading,mmol per gram of sorbent,partially_visible_marker,,,,,,6.2562,0.0362,review
figp1a,a,figp1a:a:co2-303k-bc2a4dd1,CO2 303K,103.8748,mbar,2.3109,mmol/g,triangle_down,solid,#0d7d75,false,medium,289.0000,421.0000,"evidence_kind=partial_marker; evidence_ref=panel.png; source_evidence=CO2 303K partial coloured glyph/shape context at native coordinates (289.0,421.0); uncertainty_px=4.5",pt-a04-e04c751671d08614,src-a04-e04c751671d08614,CO2,true,Legend group heading 'CO2 @' binds the 303K entry to CO2.,co2_loading,mmol per gram of sorbent,partially_visible_marker,,,,,,6.2562,0.0362,review
figp1a,a,figp1a:a:co2-303k-bc2a4dd1,CO2 303K,169.9123,mbar,2.5966,mmol/g,triangle_down,solid,#0d7d75,false,medium,336.5000,385.5000,"evidence_kind=partial_marker; evidence_ref=panel.png; source_evidence=CO2 303K partial coloured glyph/shape context at native coordinates (336.5,385.5); uncertainty_px=4.5",pt-da070114c83a94c7,src-d68d70fe00eba4e5,CO2,true,Legend group heading 'CO2 @' binds the 303K entry to CO2.,co2_loading,mmol per gram of sorbent,partially_visible_marker,,,,,,6.2562,0.0362,review
figp1a,a,figp1a:a:co2-303k-bc2a4dd1,CO2 303K,229.2209,mbar,2.6971,mmol/g,triangle_down,solid,#0d7d75,false,high,379.1600,373.0100,assigned_by=joint_assignment; source=auto,pt-352b90c54f11fb33,src-f9c0365900351055,CO2,true,Legend group heading 'CO2 @' binds the 303K entry to CO2.,co2_loading,mmol per gram of sorbent,visible_marker,,,,,,6.2562,0.0362,review
figp1a,a,figp1a:a:co2-303k-bc2a4dd1,CO2 303K,249.1573,mbar,2.7816,mmol/g,triangle_down,solid,#0d7d75,false,high,393.5000,362.5100,assigned_by=joint_assignment; source=auto,pt-62b173921b21dde2,src-55c47f2ec7a3bfe0,CO2,true,Legend group heading 'CO2 @' binds the 303K entry to CO2.,co2_loading,mmol per gram of sorbent,visible_marker,,,,,,6.2562,0.0362,review
figp1a,a,figp1a:a:co2-303k-bc2a4dd1,CO2 303K,354.1221,mbar,2.8984,mmol/g,triangle_down,solid,#0d7d75,false,high,469.0000,348.0000,assigned_by=joint_assignment; source=auto,pt-c737792d8eb45abc,src-26709bf76e4878f9,CO2,true,Legend group heading 'CO2 @' binds the 303K entry to CO2.,co2_loading,mmol per gram of sorbent,visible_marker,,,,,,6.2562,0.0362,review
figp1a,a,figp1a:a:co2-303k-bc2a4dd1,CO2 303K,402.6701,mbar,3.0219,mmol/g,triangle_down,solid,#0d7d75,false,high,503.9200,332.6500,assigned_by=joint_assignment; source=auto,pt-9cee2e26a9820e34,src-b1bf16501d30756c,CO2,true,Legend group heading 'CO2 @' binds the 303K entry to CO2.,co2_loading,mmol per gram of sorbent,visible_marker,,,,,,6.2562,0.0362,review
figp1a,a,figp1a:a:co2-303k-bc2a4dd1,CO2 303K,477.0909,mbar,3.0882,mmol/g,triangle_down,solid,#0d7d75,false,high,557.4500,324.4100,assigned_by=joint_assignment; source=auto,pt-8a058c032a74e72a,src-3300106835f55ecd,CO2,true,Legend group heading 'CO2 @' binds the 303K entry to CO2.,co2_loading,mmol per gram of sorbent,visible_marker,,,,,,6.2562,0.0362,review
figp1a,a,figp1a:a:co2-303k-bc2a4dd1,CO2 303K,533.4660,mbar,3.1076,mmol/g,triangle_down,solid,#0d7d75,false,high,598.0000,322.0000,assigned_by=joint_assignment; source=auto,pt-ce64257c0ccd141b,src-a6d4487f5ba684a8,CO2,true,Legend group heading 'CO2 @' binds the 303K entry to CO2.,co2_loading,mmol per gram of sorbent,visible_marker,,,,,,3.4757,0.0201,review
figp1a,a,figp1a:a:co2-303k-bc2a4dd1,CO2 303K,558.2405,mbar,3.1854,mmol/g,triangle_down,solid,#0d7d75,false,high,615.8200,312.3300,assigned_by=joint_assignment; source=auto,pt-facee901a6490719,src-d61dde44750fbd0c,CO2,true,Legend group heading 'CO2 @' binds the 303K entry to CO2.,co2_loading,mmol per gram of sorbent,visible_marker,,,,,,6.2562,0.0362,review
figp1a,a,figp1a:a:co2-303k-bc2a4dd1,CO2 303K,593.1778,mbar,3.1705,mmol/g,triangle_down,solid,#0d7d75,false,high,640.9500,314.1800,assigned_by=joint_assignment; source=auto,pt-05a63e3bc160a278,src-f2c2bee36d464e73,CO2,true,Legend group heading 'CO2 @' binds the 303K entry to CO2.,co2_loading,mmol per gram of sorbent,visible_marker,,,,,,3.4757,0.0201,review
figp1a,a,figp1a:a:co2-303k-bc2a4dd1,CO2 303K,631.9244,mbar,3.2498,mmol/g,triangle_down,solid,#0d7d75,false,high,668.8200,304.3300,assigned_by=joint_assignment; source=auto,pt-6ac393cd4b29721b,src-25a809ce6734496a,CO2,true,Legend group heading 'CO2 @' binds the 303K entry to CO2.,co2_loading,mmol per gram of sorbent,visible_marker,,,,,,3.4757,0.0201,review
figp1a,a,figp1a:a:co2-303k-bc2a4dd1,CO2 303K,655.6145,mbar,3.2266,mmol/g,triangle_down,solid,#0d7d75,false,high,685.8600,307.2200,assigned_by=joint_assignment; source=auto,pt-3898560b18c3b38e,src-634bbf5969f7b80f,CO2,true,Legend group heading 'CO2 @' binds the 303K entry to CO2.,co2_loading,mmol per gram of sorbent,visible_marker,,,,,,6.2562,0.0362,review
figp1a,a,figp1a:a:co2-303k-bc2a4dd1,CO2 303K,709.3342,mbar,3.3249,mmol/g,triangle_down,solid,#0d7d75,false,high,724.5000,295.0000,"evidence_kind=native_visible; evidence_ref=panel.png; source_evidence=CO2 303K visible filled glyph core and series-colour trajectory at native coordinates (724.5,295.0); uncertainty_px=2.5",pt-a04-45a66df679f2951c,src-a04-45a66df679f2951c,CO2,true,Legend group heading 'CO2 @' binds the 303K entry to CO2.,co2_loading,mmol per gram of sorbent,visible_marker,,,,,,3.4757,0.0201,review
figp1a,a,figp1a:a:co2-303k-bc2a4dd1,CO2 303K,773.9814,mbar,3.3329,mmol/g,triangle_down,solid,#0d7d75,false,high,771.0000,294.0000,"evidence_kind=native_visible; evidence_ref=panel.png; source_evidence=CO2 303K visible filled glyph core and series-colour trajectory at native coordinates (771.0,294.0); uncertainty_px=2.5",pt-a04-ab6e15a1d220f2d7,src-a04-ab6e15a1d220f2d7,CO2,true,Legend group heading 'CO2 @' binds the 303K entry to CO2.,co2_loading,mmol per gram of sorbent,visible_marker,,,,,,3.4757,0.0201,review
figp1a,a,figp1a:a:co2-303k-bc2a4dd1,CO2 303K,781.1691,mbar,3.3532,mmol/g,triangle_down,solid,#0d7d75,false,high,776.1700,291.4800,assigned_by=joint_assignment; source=auto,pt-ab3404c41f8ff6f3,src-2997c0f6c5c21a35,CO2,true,Legend group heading 'CO2 @' binds the 303K entry to CO2.,co2_loading,mmol per gram of sorbent,visible_marker,,,,,,3.4757,0.0201,review
figp1a,a,figp1a:a:co2-303k-bc2a4dd1,CO2 303K,836.5433,mbar,3.3812,mmol/g,triangle_down,solid,#0d7d75,false,high,816.0000,288.0000,"evidence_kind=native_visible; evidence_ref=panel.png; source_evidence=CO2 303K visible filled glyph core and series-colour trajectory at native coordinates (816.0,288.0); uncertainty_px=2.5",pt-a04-1f154e44e1ba140d,src-a04-1f154e44e1ba140d,CO2,true,Legend group heading 'CO2 @' binds the 303K entry to CO2.,co2_loading,mmol per gram of sorbent,visible_marker,,,,,,3.4757,0.0201,review
figp1a,a,figp1a:a:co2-303k-bc2a4dd1,CO2 303K,866.7120,mbar,3.4351,mmol/g,triangle_down,solid,#0d7d75,false,high,837.7000,281.3000,assigned_by=joint_assignment; source=auto,pt-8a9a19dd97f52234,src-924ba5e6d8010beb,CO2,true,Legend group heading 'CO2 @' binds the 303K entry to CO2.,co2_loading,mmol per gram of sorbent,visible_marker,,,,,,3.4757,0.0201,review
figp1a,a,figp1a:a:co2-303k-bc2a4dd1,CO2 303K,883.1171,mbar,3.4537,mmol/g,triangle_down,solid,#0d7d75,false,medium,849.5000,279.0000,"evidence_kind=partial_marker; evidence_ref=panel.png; source_evidence=CO2 303K partial coloured glyph/shape context at native coordinates (849.5,279.0); uncertainty_px=4.5",pt-a04-623afb32cd47ca5f,src-a04-623afb32cd47ca5f,CO2,true,Legend group heading 'CO2 @' binds the 303K entry to CO2.,co2_loading,mmol per gram of sorbent,partially_visible_marker,,,,,,6.2562,0.0362,review
figp1a,a,figp1a:a:co2-303k-bc2a4dd1,CO2 303K,895.6294,mbar,3.4380,mmol/g,triangle_down,solid,#0d7d75,false,high,858.5000,280.9500,assigned_by=joint_assignment; source=auto,pt-ef84771ada273ec4,src-3b22aa27b829813d,CO2,true,Legend group heading 'CO2 @' binds the 303K entry to CO2.,co2_loading,mmol per gram of sorbent,visible_marker,,,,,,3.4757,0.0201,review
figp1a,a,figp1a:a:co2-303k-bc2a4dd1,CO2 303K,925.5201,mbar,3.4778,mmol/g,triangle_down,solid,#0d7d75,false,high,880.0000,276.0000,"evidence_kind=native_visible; evidence_ref=panel.png; source_evidence=CO2 303K visible filled glyph core and series-colour trajectory at native coordinates (880.0,276.0); uncertainty_px=2.5",pt-a04-3e85e1841b0b437e,src-a04-3e85e1841b0b437e,CO2,true,Legend group heading 'CO2 @' binds the 303K entry to CO2.,co2_loading,mmol per gram of sorbent,visible_marker,,,,,,3.4757,0.0201,review
figp1a,a,figp1a:a:co2-303k-bc2a4dd1,CO2 303K,928.5508,mbar,3.4797,mmol/g,triangle_down,solid,#0d7d75,false,high,882.1800,275.7700,assigned_by=joint_assignment; source=auto,pt-78a5a180f07e128e,src-259962f8d66b494a,CO2,true,Legend group heading 'CO2 @' binds the 303K entry to CO2.,co2_loading,mmol per gram of sorbent,visible_marker,,,,,,3.4757,0.0201,review
figp1a,a,figp1a:a:co2-303k-bc2a4dd1,CO2 303K,957.4961,mbar,3.4758,mmol/g,triangle_down,solid,#0d7d75,false,high,903.0000,276.2500,"evidence_kind=native_visible; evidence_ref=panel.png; source_evidence=CO2 303K visible filled glyph core and series-colour trajectory at native coordinates (903.0,276.2); uncertainty_px=2.5",pt-a04-872a7d28800c0bb5,src-a04-872a7d28800c0bb5,CO2,true,Legend group heading 'CO2 @' binds the 303K entry to CO2.,co2_loading,mmol per gram of sorbent,visible_marker,,,,,,3.4757,0.0201,review
figp1a,a,figp1a:a:co2-303k-bc2a4dd1,CO2 303K,1003.3748,mbar,3.5180,mmol/g,triangle_down,solid,#0d7d75,false,high,936.0000,271.0000,"evidence_kind=native_visible; evidence_ref=panel.png; source_evidence=CO2 303K visible filled glyph core and series-colour trajectory at native coordinates (936.0,271.0); uncertainty_px=2.5",pt-a04-515ffbbaa778605d,src-a04-515ffbbaa778605d,CO2,true,Legend group heading 'CO2 @' binds the 303K entry to CO2.,co2_loading,mmol per gram of sorbent,visible_marker,,,,,,3.4757,0.0201,review
figp1a,a,figp1a:a:co2-303k-bc2a4dd1,CO2 303K,1011.7164,mbar,3.5261,mmol/g,triangle_down,solid,#0d7d75,false,high,942.0000,270.0000,"evidence_kind=native_visible; evidence_ref=panel.png; source_evidence=CO2 303K visible filled glyph core and series-colour trajectory at native coordinates (942.0,270.0); uncertainty_px=2.5",pt-a04-942f9bb59518b81f,src-a04-942f9bb59518b81f,CO2,true,Legend group heading 'CO2 @' binds the 303K entry to CO2.,co2_loading,mmol per gram of sorbent,visible_marker,,,,,,3.4757,0.0201,review
figp1a,a,figp1a:a:co2-303k-bc2a4dd1,CO2 303K,1020.0579,mbar,3.5180,mmol/g,triangle_down,solid,#0d7d75,false,high,948.0000,271.0000,"evidence_kind=native_visible; evidence_ref=panel.png; source_evidence=CO2 303K visible filled glyph core and series-colour trajectory at native coordinates (948.0,271.0); uncertainty_px=2.5",pt-5723dbe4fcd45d35,src-79904abb01394dbc,CO2,true,Legend group heading 'CO2 @' binds the 303K entry to CO2.,co2_loading,mmol per gram of sorbent,visible_marker,,,,,,3.4757,0.0201,review
figp1a,a,figp1a:a:co2-303k-bc2a4dd1,CO2 303K,1077.7538,mbar,3.5556,mmol/g,triangle_down,solid,#0d7d75,false,high,989.5000,266.3330,"evidence_kind=native_visible; evidence_ref=panel.png; source_evidence=CO2 303K visible filled glyph core and series-colour trajectory at native coordinates (989.5,266.3); uncertainty_px=2.5",pt-a04-d4cab0c8eb35e6ee,src-a04-d4cab0c8eb35e6ee,CO2,true,Legend group heading 'CO2 @' binds the 303K entry to CO2.,co2_loading,mmol per gram of sorbent,visible_marker,,,,,,3.4757,0.0201,review
figp1a,a,figp1a:a:co2-303k-bc2a4dd1,CO2 303K,1137.5351,mbar,3.5905,mmol/g,triangle_down,solid,#0d7d75,false,high,1032.5000,262.0000,"evidence_kind=native_visible; evidence_ref=panel.png; source_evidence=CO2 303K visible filled glyph core and series-colour trajectory at native coordinates (1032.5,262.0); uncertainty_px=2.5",pt-a04-38e557ec411edace,src-a04-38e557ec411edace,CO2,true,Legend group heading 'CO2 @' binds the 303K entry to CO2.,co2_loading,mmol per gram of sorbent,visible_marker,,,,,,3.4757,0.0201,review
figp1a,a,figp1a:a:co2-303k-bc2a4dd1,CO2 303K,1192.4505,mbar,3.6146,mmol/g,triangle_down,solid,#0d7d75,false,high,1072.0000,259.0000,"evidence_kind=native_visible; evidence_ref=panel.png; source_evidence=CO2 303K visible filled glyph core and series-colour trajectory at native coordinates (1072.0,259.0); uncertainty_px=2.5",pt-a04-911c3b3aea5b6e1a,src-a04-911c3b3aea5b6e1a,CO2,true,Legend group heading 'CO2 @' binds the 303K entry to CO2.,co2_loading,mmol per gram of sorbent,visible_marker,,,,,,3.4757,0.0201,review
figp1a,a,figp1a:a:co2-313k-21d87380,CO2 313K,17.6786,mbar,0.7013,mmol/g,triangle_left,solid,#b152a1,false,medium,227.0000,621.0000,"evidence_kind=partial_marker; evidence_ref=panel.png; source_evidence=CO2 313K partial coloured glyph/shape context at native coordinates (227.0,621.0); uncertainty_px=4.5",pt-a04-af75cbb010b14f6f,src-a04-af75cbb010b14f6f,CO2,true,Legend group heading 'CO2 @' binds the 313K entry to CO2.,co2_loading,mmol per gram of sorbent,partially_visible_marker,,,,,,6.2562,0.0362,review
figp1a,a,figp1a:a:co2-313k-21d87380,CO2 313K,34.3617,mbar,1.2244,mmol/g,triangle_left,solid,#b152a1,false,medium,239.0000,556.0000,"evidence_kind=partial_marker; evidence_ref=panel.png; source_evidence=CO2 313K partial coloured glyph/shape context at native coordinates (239.0,556.0); uncertainty_px=4.5",pt-a04-7dd2eb078d6854c6,src-a04-7dd2eb078d6854c6,CO2,true,Legend group heading 'CO2 @' binds the 313K entry to CO2.,co2_loading,mmol per gram of sorbent,partially_visible_marker,,,,,,6.2562,0.0362,review
figp1a,a,figp1a:a:co2-313k-21d87380,CO2 313K,56.6059,mbar,1.5584,mmol/g,triangle_left,solid,#b152a1,false,low,255.0000,514.5000,"overlap_flag=true; assigned_by=agent03_review_points; source=agent03_review_points; evidence_kind=partial_marker; uncertainty_px=4.5; evidence_ref=ambiguity:ambiguity_001_native.png; source_evidence=At approximately panel pixel (255,515), a magenta filled left-triangle marker is visibly distinct from the adjacent teal and blue glyphs.",pt-2340997f829c4392,src-530624bdfc867eb2,CO2,true,Legend group heading 'CO2 @' binds the 313K entry to CO2.,co2_loading,mmol per gram of sorbent,partially_visible_marker,,,,,,6.2562,0.0362,review
figp1a,a,figp1a:a:co2-313k-21d87380,CO2 313K,64.9475,mbar,1.7435,mmol/g,triangle_left,solid,#b152a1,false,medium,261.0000,491.5000,"evidence_kind=partial_marker; evidence_ref=panel.png; source_evidence=CO2 313K partial coloured glyph/shape context at native coordinates (261.0,491.5); uncertainty_px=4.5",pt-a04-e973537155b49924,src-a04-e973537155b49924,CO2,true,Legend group heading 'CO2 @' binds the 313K entry to CO2.,co2_loading,mmol per gram of sorbent,partially_visible_marker,,,,,,6.2562,0.0362,review
figp1a,a,figp1a:a:co2-313k-21d87380,CO2 313K,78.8501,mbar,1.8441,mmol/g,triangle_left,solid,#b152a1,false,low,271.0000,479.0000,"overlap_flag=true; assigned_by=agent03_review_points; source=agent03_review_points; evidence_kind=partial_marker; uncertainty_px=4.5; evidence_ref=ambiguity:ambiguity_002_native.png; source_evidence=At approximately panel pixel (271,479), a magenta left-pointing triangular glyph is visible in the native crop.",pt-deb5505ec4c9cb16,src-80524d772e471140,CO2,true,Legend group heading 'CO2 @' binds the 313K entry to CO2.,co2_loading,mmol per gram of sorbent,partially_visible_marker,,,,,,6.2562,0.0362,review
figp1a,a,figp1a:a:co2-313k-21d87380,CO2 313K,104.5700,mbar,2.1620,mmol/g,triangle_left,solid,#b152a1,false,medium,289.5000,439.5000,"evidence_kind=partial_marker; evidence_ref=panel.png; source_evidence=CO2 313K partial coloured glyph/shape context at native coordinates (289.5,439.5); uncertainty_px=4.5",pt-a04-62eac6d48a3f9c4b,src-a04-62eac6d48a3f9c4b,CO2,true,Legend group heading 'CO2 @' binds the 313K entry to CO2.,co2_loading,mmol per gram of sorbent,partially_visible_marker,,,,,,6.2562,0.0362,review
figp1a,a,figp1a:a:co2-313k-21d87380,CO2 313K,113.6067,mbar,2.2063,mmol/g,triangle_left,solid,#b152a1,false,medium,296.0000,434.0000,"evidence_kind=partial_marker; evidence_ref=panel.png; source_evidence=CO2 313K partial coloured glyph/shape context at native coordinates (296.0,434.0); uncertainty_px=4.5",pt-1eb73ef370edfbbf,src-6c7bca125457e3df,CO2,true,Legend group heading 'CO2 @' binds the 313K entry to CO2.,co2_loading,mmol per gram of sorbent,partially_visible_marker,,,,,,6.2562,0.0362,review
figp1a,a,figp1a:a:co2-313k-21d87380,CO2 313K,123.3385,mbar,2.2264,mmol/g,triangle_left,solid,#b152a1,false,medium,303.0000,431.5000,"evidence_kind=partial_marker; evidence_ref=panel.png; source_evidence=CO2 313K partial coloured glyph/shape context at native coordinates (303.0,431.5); uncertainty_px=4.5",pt-a04-d804eaab787eaebd,src-a04-d804eaab787eaebd,CO2,true,Legend group heading 'CO2 @' binds the 313K entry to CO2.,co2_loading,mmol per gram of sorbent,partially_visible_marker,,,,,,6.2562,0.0362,review
figp1a,a,figp1a:a:co2-313k-21d87380,CO2 313K,174.7782,mbar,2.4477,mmol/g,triangle_left,solid,#b152a1,false,medium,340.0000,404.0000,"evidence_kind=partial_marker; evidence_ref=panel.png; source_evidence=CO2 313K partial coloured glyph/shape context at native coordinates (340.0,404.0); uncertainty_px=4.5",pt-a04-3b73960ac4d38435,src-a04-3b73960ac4d38435,CO2,true,Legend group heading 'CO2 @' binds the 313K entry to CO2.,co2_loading,mmol per gram of sorbent,partially_visible_marker,,,,,,6.2562,0.0362,review
figp1a,a,figp1a:a:co2-313k-21d87380,CO2 313K,235.7830,mbar,2.5749,mmol/g,triangle_left,solid,#b152a1,false,medium,383.8800,388.1900,assigned_by=color; source=auto,pt-93653ad782c363a8,src-6d8e3162549a605c,CO2,true,Legend group heading 'CO2 @' binds the 313K entry to CO2.,co2_loading,mmol per gram of sorbent,visible_marker,,,,,,3.4757,0.0201,review
figp1a,a,figp1a:a:co2-313k-21d87380,CO2 313K,250.7561,mbar,2.6486,mmol/g,triangle_left,solid,#b152a1,false,high,394.6500,379.0400,assigned_by=color; source=auto,pt-224785c58f42678a,src-2ac8f550357fb568,CO2,true,Legend group heading 'CO2 @' binds the 313K entry to CO2.,co2_loading,mmol per gram of sorbent,visible_marker,,,,,,3.4757,0.0201,review
figp1a,a,figp1a:a:co2-313k-21d87380,CO2 313K,296.3706,mbar,2.7026,mmol/g,triangle_left,solid,#b152a1,false,high,427.4600,372.3200,assigned_by=color; source=auto,pt-bb5a2bf44b52fdc0,src-53b40e02539dbbb3,CO2,true,Legend group heading 'CO2 @' binds the 313K entry to CO2.,co2_loading,mmol per gram of sorbent,visible_marker,,,,,,3.4757,0.0201,review
figp1a,a,figp1a:a:co2-313k-21d87380,CO2 313K,331.8779,mbar,2.8018,mmol/g,triangle_left,solid,#b152a1,false,high,453.0000,360.0000,"evidence_kind=native_visible; evidence_ref=panel.png; source_evidence=CO2 313K visible filled glyph core and series-colour trajectory at native coordinates (453.0,360.0); uncertainty_px=2.5",pt-a04-0d578cb192d7983c,src-a04-0d578cb192d7983c,CO2,true,Legend group heading 'CO2 @' binds the 313K entry to CO2.,co2_loading,mmol per gram of sorbent,visible_marker,,,,,,3.4757,0.0201,review
figp1a,a,figp1a:a:co2-313k-21d87380,CO2 313K,357.5005,mbar,2.7941,mmol/g,triangle_left,solid,#b152a1,false,high,471.4300,360.9600,assigned_by=color; source=auto,pt-35634c96522978b2,src-c0db79f760951c0d,CO2,true,Legend group heading 'CO2 @' binds the 313K entry to CO2.,co2_loading,mmol per gram of sorbent,visible_marker,,,,,,3.4757,0.0201,review
figp1a,a,figp1a:a:co2-313k-21d87380,CO2 313K,409.7326,mbar,2.8903,mmol/g,triangle_left,solid,#b152a1,false,high,509.0000,349.0000,"evidence_kind=native_visible; evidence_ref=panel.png; source_evidence=CO2 313K visible filled glyph core and series-colour trajectory at native coordinates (509.0,349.0); uncertainty_px=2.5",pt-a04-640209ac133141b7,src-a04-640209ac133141b7,CO2,true,Legend group heading 'CO2 @' binds the 313K entry to CO2.,co2_loading,mmol per gram of sorbent,visible_marker,,,,,,3.4757,0.0201,review
figp1a,a,figp1a:a:co2-313k-21d87380,CO2 313K,418.0742,mbar,2.8742,mmol/g,triangle_left,solid,#b152a1,false,high,515.0000,351.0000,"evidence_kind=native_visible; evidence_ref=panel.png; source_evidence=CO2 313K visible filled glyph core and series-colour trajectory at native coordinates (515.0,351.0); uncertainty_px=2.5",pt-a04-b61f66b43511ceb1,src-a04-b61f66b43511ceb1,CO2,true,Legend group heading 'CO2 @' binds the 313K entry to CO2.,co2_loading,mmol per gram of sorbent,visible_marker,,,,,,3.4757,0.0201,review
figp1a,a,figp1a:a:co2-313k-21d87380,CO2 313K,473.7125,mbar,2.9469,mmol/g,triangle_left,solid,#b152a1,false,medium,555.0200,341.9700,assigned_by=color; source=auto,pt-8c2a9afd5dcc3d24,src-df9012643a5228c9,CO2,true,Legend group heading 'CO2 @' binds the 313K entry to CO2.,co2_loading,mmol per gram of sorbent,visible_marker,,,,,,3.4757,0.0201,review
figp1a,a,figp1a:a:co2-313k-21d87380,CO2 313K,534.8563,mbar,2.9949,mmol/g,triangle_left,solid,#b152a1,false,high,599.0000,336.0000,"evidence_kind=native_visible; evidence_ref=panel.png; source_evidence=CO2 313K visible filled glyph core and series-colour trajectory at native coordinates (599.0,336.0); uncertainty_px=2.5",pt-a04-5ddbc747b460914c,src-a04-5ddbc747b460914c,CO2,true,Legend group heading 'CO2 @' binds the 313K entry to CO2.,co2_loading,mmol per gram of sorbent,visible_marker,,,,,,3.4757,0.0201,review
figp1a,a,figp1a:a:co2-313k-21d87380,CO2 313K,561.2713,mbar,3.0593,mmol/g,triangle_left,solid,#b152a1,false,high,618.0000,328.0000,"evidence_kind=native_visible; evidence_ref=panel.png; source_evidence=CO2 313K visible filled glyph core and series-colour trajectory at native coordinates (618.0,328.0); uncertainty_px=2.5",pt-a04-4f8f87018b369f72,src-a04-4f8f87018b369f72,CO2,true,Legend group heading 'CO2 @' binds the 313K entry to CO2.,co2_loading,mmol per gram of sorbent,visible_marker,,,,,,3.4757,0.0201,review
figp1a,a,figp1a:a:co2-313k-21d87380,CO2 313K,583.5155,mbar,3.0593,mmol/g,triangle_left,solid,#b152a1,false,medium,634.0000,328.0000,"evidence_kind=partial_marker; evidence_ref=panel.png; source_evidence=CO2 313K partial coloured glyph/shape context at native coordinates (634.0,328.0); uncertainty_px=4.5",pt-a04-9c869802b7f1e2fa,src-a04-9c869802b7f1e2fa,CO2,true,Legend group heading 'CO2 @' binds the 313K entry to CO2.,co2_loading,mmol per gram of sorbent,partially_visible_marker,,,,,,6.2562,0.0362,review
figp1a,a,figp1a:a:co2-313k-21d87380,CO2 313K,593.9841,mbar,3.0538,mmol/g,triangle_left,solid,#b152a1,false,high,641.5300,328.6800,assigned_by=color; source=auto,pt-1acd00cc0d9cfe9f,src-c18ec08ed86f879b,CO2,true,Legend group heading 'CO2 @' binds the 313K entry to CO2.,co2_loading,mmol per gram of sorbent,visible_marker,,,,,,3.4757,0.0201,review
figp1a,a,figp1a:a:co2-313k-21d87380,CO2 313K,637.6662,mbar,3.1223,mmol/g,triangle_left,solid,#b152a1,false,medium,672.9500,320.1800,assigned_by=color; source=auto,pt-a0540384117e84db,src-f32c07dd458b066d,CO2,true,Legend group heading 'CO2 @' binds the 313K entry to CO2.,co2_loading,mmol per gram of sorbent,visible_marker,,,,,,3.4757,0.0201,review
figp1a,a,figp1a:a:co2-313k-21d87380,CO2 313K,657.1994,mbar,3.0996,mmol/g,triangle_left,solid,#b152a1,false,high,687.0000,323.0000,"evidence_kind=native_visible; evidence_ref=panel.png; source_evidence=CO2 313K visible filled glyph core and series-colour trajectory at native coordinates (687.0,323.0); uncertainty_px=2.5",pt-a04-8e79bc070342601b,src-a04-8e79bc070342601b,CO2,true,Legend group heading 'CO2 @' binds the 313K entry to CO2.,co2_loading,mmol per gram of sorbent,visible_marker,,,,,,3.4757,0.0201,review
figp1a,a,figp1a:a:co2-313k-21d87380,CO2 313K,713.3660,mbar,3.1756,mmol/g,triangle_left,solid,#b152a1,false,medium,727.4000,313.5500,assigned_by=color; source=auto,pt-80f123ade4bfc21f,src-8c0204f4c960e6c1,CO2,true,Legend group heading 'CO2 @' binds the 313K entry to CO2.,co2_loading,mmol per gram of sorbent,visible_marker,,,,,,3.4757,0.0201,review
figp1a,a,figp1a:a:co2-313k-21d87380,CO2 313K,776.7620,mbar,3.1921,mmol/g,triangle_left,solid,#b152a1,false,high,773.0000,311.5000,"evidence_kind=native_visible; evidence_ref=panel.png; source_evidence=CO2 313K visible filled glyph core and series-colour trajectory at native coordinates (773.0,311.5); uncertainty_px=2.5",pt-a04-481f3e50d39eb66e,src-a04-481f3e50d39eb66e,CO2,true,Legend group heading 'CO2 @' binds the 313K entry to CO2.,co2_loading,mmol per gram of sorbent,visible_marker,,,,,,3.4757,0.0201,review
figp1a,a,figp1a:a:co2-313k-21d87380,CO2 313K,793.3617,mbar,3.2534,mmol/g,triangle_left,solid,#b152a1,false,medium,784.9400,303.8800,assigned_by=color; source=auto,pt-fa27792f1556cd52,src-f60103e7d58a19cf,CO2,true,Legend group heading 'CO2 @' binds the 313K entry to CO2.,co2_loading,mmol per gram of sorbent,visible_marker,,,,,,3.4757,0.0201,review
figp1a,a,figp1a:a:co2-313k-21d87380,CO2 313K,837.9335,mbar,3.2444,mmol/g,triangle_left,solid,#b152a1,false,high,817.0000,305.0000,"evidence_kind=native_visible; evidence_ref=panel.png; source_evidence=CO2 313K visible filled glyph core and series-colour trajectory at native coordinates (817.0,305.0); uncertainty_px=2.5",pt-a04-9fa32a866a9d7c44,src-a04-9fa32a866a9d7c44,CO2,true,Legend group heading 'CO2 @' binds the 313K entry to CO2.,co2_loading,mmol per gram of sorbent,visible_marker,,,,,,3.4757,0.0201,review
figp1a,a,figp1a:a:co2-313k-21d87380,CO2 313K,867.5600,mbar,3.2918,mmol/g,triangle_left,solid,#b152a1,false,high,838.3100,299.1100,assigned_by=color; source=auto,pt-6032f82e13693c12,src-0a8e9589820296b8,CO2,true,Legend group heading 'CO2 @' binds the 313K entry to CO2.,co2_loading,mmol per gram of sorbent,visible_marker,,,,,,3.4757,0.0201,review
figp1a,a,figp1a:a:co2-313k-21d87380,CO2 313K,900.4953,mbar,3.2927,mmol/g,triangle_left,solid,#b152a1,false,high,862.0000,299.0000,"evidence_kind=native_visible; evidence_ref=panel.png; source_evidence=CO2 313K visible filled glyph core and series-colour trajectory at native coordinates (862.0,299.0); uncertainty_px=2.5",pt-a04-3fe542d285af7c58,src-a04-3fe542d285af7c58,CO2,true,Legend group heading 'CO2 @' binds the 313K entry to CO2.,co2_loading,mmol per gram of sorbent,visible_marker,,,,,,3.4757,0.0201,review
figp1a,a,figp1a:a:co2-313k-21d87380,CO2 313K,929.6909,mbar,3.3410,mmol/g,triangle_left,solid,#b152a1,false,high,883.0000,293.0000,"evidence_kind=native_visible; evidence_ref=panel.png; source_evidence=CO2 313K visible filled glyph core and series-colour trajectory at native coordinates (883.0,293.0); uncertainty_px=2.5",pt-a04-ceef9a0fc06de15a,src-a04-ceef9a0fc06de15a,CO2,true,Legend group heading 'CO2 @' binds the 313K entry to CO2.,co2_loading,mmol per gram of sorbent,visible_marker,,,,,,3.4757,0.0201,review
figp1a,a,figp1a:a:co2-313k-21d87380,CO2 313K,956.0641,mbar,3.3284,mmol/g,triangle_left,solid,#b152a1,false,high,901.9700,294.5700,assigned_by=color; source=auto,pt-3b9c0941ecc6e42a,src-80238c901dc74457,CO2,true,Legend group heading 'CO2 @' binds the 313K entry to CO2.,co2_loading,mmol per gram of sorbent,visible_marker,,,,,,3.4757,0.0201,review
figp1a,a,figp1a:a:co2-313k-21d87380,CO2 313K,1009.6310,mbar,3.3692,mmol/g,triangle_left,solid,#b152a1,false,high,940.5000,289.5000,"evidence_kind=native_visible; evidence_ref=panel.png; source_evidence=CO2 313K visible filled glyph core and series-colour trajectory at native coordinates (940.5,289.5); uncertainty_px=2.5",pt-a04-598e1fec4c616d70,src-a04-598e1fec4c616d70,CO2,true,Legend group heading 'CO2 @' binds the 313K entry to CO2.,co2_loading,mmol per gram of sorbent,visible_marker,,,,,,3.4757,0.0201,review
figp1a,a,figp1a:a:co2-313k-21d87380,CO2 313K,1081.1739,mbar,3.4096,mmol/g,triangle_left,solid,#b152a1,false,high,991.9600,284.4800,assigned_by=color; source=auto,pt-56ad4915d5a6cc98,src-62bead0ae2d304e0,CO2,true,Legend group heading 'CO2 @' binds the 313K entry to CO2.,co2_loading,mmol per gram of sorbent,visible_marker,,,,,,3.4757,0.0201,review
figp1a,a,figp1a:a:co2-313k-21d87380,CO2 313K,1140.0932,mbar,3.4393,mmol/g,triangle_left,solid,#b152a1,false,high,1034.3400,280.7800,assigned_by=color; source=auto,pt-5dadbc283207ce9d,src-6ba69e0dc9043003,CO2,true,Legend group heading 'CO2 @' binds the 313K entry to CO2.,co2_loading,mmol per gram of sorbent,visible_marker,,,,,,3.4757,0.0201,review
figp1a,a,figp1a:a:co2-313k-21d87380,CO2 313K,1195.2310,mbar,3.4657,mmol/g,triangle_left,solid,#b152a1,false,high,1074.0000,277.5000,"evidence_kind=native_visible; evidence_ref=panel.png; source_evidence=CO2 313K visible filled glyph core and series-colour trajectory at native coordinates (1074.0,277.5); uncertainty_px=2.5",pt-a04-0405ac5e57818d44,src-a04-0405ac5e57818d44,CO2,true,Legend group heading 'CO2 @' binds the 313K entry to CO2.,co2_loading,mmol per gram of sorbent,visible_marker,,,,,,3.4757,0.0201,review
figp1a,a,figp1a:a:co2-323k-c5e1f4c4,CO2 323K,52.4351,mbar,1.1359,mmol/g,triangle_right,solid,#8d8e34,false,medium,252.0000,567.0000,"evidence_kind=partial_marker; evidence_ref=panel.png; source_evidence=CO2 323K partial coloured glyph/shape context at native coordinates (252.0,567.0); uncertainty_px=4.5",pt-a04-538859967b253197,src-a04-538859967b253197,CO2,true,Legend group heading 'CO2 @' binds the 323K entry to CO2.,co2_loading,mmol per gram of sorbent,partially_visible_marker,,,,,,6.2562,0.0362,review
figp1a,a,figp1a:a:co2-323k-c5e1f4c4,CO2 323K,66.3378,mbar,1.3451,mmol/g,triangle_right,solid,#8d8e34,false,medium,262.0000,541.0000,"evidence_kind=partial_marker; evidence_ref=panel.png; source_evidence=CO2 323K partial coloured glyph/shape context at native coordinates (262.0,541.0); uncertainty_px=4.5",pt-a04-f29787163db22a93,src-a04-f29787163db22a93,CO2,true,Legend group heading 'CO2 @' binds the 323K entry to CO2.,co2_loading,mmol per gram of sorbent,partially_visible_marker,,,,,,6.2562,0.0362,review
figp1a,a,figp1a:a:co2-323k-c5e1f4c4,CO2 323K,81.6306,mbar,1.5182,mmol/g,triangle_right,solid,#8d8e34,false,medium,273.0000,519.5000,"evidence_kind=partial_marker; evidence_ref=panel.png; source_evidence=CO2 323K partial coloured glyph/shape context at native coordinates (273.0,519.5); uncertainty_px=4.5",pt-a04-fa8e7f72f7301c36,src-a04-fa8e7f72f7301c36,CO2,true,Legend group heading 'CO2 @' binds the 323K entry to CO2.,co2_loading,mmol per gram of sorbent,partially_visible_marker,,,,,,6.2562,0.0362,review
figp1a,a,figp1a:a:co2-323k-c5e1f4c4,CO2 323K,105.7281,mbar,1.7851,mmol/g,triangle_right,solid,#8d8e34,false,medium,290.3330,486.3330,"evidence_kind=partial_marker; evidence_ref=panel.png; source_evidence=CO2 323K partial coloured glyph/shape context at native coordinates (290.3,486.3); uncertainty_px=4.5",pt-a04-1e5a999e397ccd8b,src-a04-1e5a999e397ccd8b,CO2,true,Legend group heading 'CO2 @' binds the 323K entry to CO2.,co2_loading,mmol per gram of sorbent,partially_visible_marker,,,,,,6.2562,0.0362,review
figp1a,a,figp1a:a:co2-323k-c5e1f4c4,CO2 323K,120.5580,mbar,1.8683,mmol/g,triangle_right,solid,#8d8e34,false,medium,301.0000,476.0000,"evidence_kind=partial_marker; evidence_ref=panel.png; source_evidence=CO2 323K partial coloured glyph/shape context at native coordinates (301.0,476.0); uncertainty_px=4.5",pt-717dc8d8a529dd42,src-c6bec4d246496601,CO2,true,Legend group heading 'CO2 @' binds the 323K entry to CO2.,co2_loading,mmol per gram of sorbent,partially_visible_marker,,,,,,6.2562,0.0362,review
figp1a,a,figp1a:a:co2-323k-c5e1f4c4,CO2 323K,176.1685,mbar,2.1660,mmol/g,triangle_right,solid,#8d8e34,false,medium,341.0000,439.0000,"evidence_kind=partial_marker; evidence_ref=panel.png; source_evidence=CO2 323K partial coloured glyph/shape context at native coordinates (341.0,439.0); uncertainty_px=4.5",pt-a04-2270c07967ee724e,src-a04-2270c07967ee724e,CO2,true,Legend group heading 'CO2 @' binds the 323K entry to CO2.,co2_loading,mmol per gram of sorbent,partially_visible_marker,,,,,,6.2562,0.0362,review
figp1a,a,figp1a:a:co2-323k-c5e1f4c4,CO2 323K,234.5595,mbar,2.3270,mmol/g,triangle_right,solid,#8d8e34,false,high,383.0000,419.0000,"evidence_kind=native_visible; evidence_ref=panel.png; source_evidence=CO2 323K visible filled glyph core and series-colour trajectory at native coordinates (383.0,419.0); uncertainty_px=2.5",pt-a04-ab0a76b78c67d2ee,src-a04-ab0a76b78c67d2ee,CO2,true,Legend group heading 'CO2 @' binds the 323K entry to CO2.,co2_loading,mmol per gram of sorbent,visible_marker,,,,,,3.4757,0.0201,review
figp1a,a,figp1a:a:co2-323k-c5e1f4c4,CO2 323K,252.2298,mbar,2.4077,mmol/g,triangle_right,solid,#8d8e34,false,high,395.7100,408.9700,assigned_by=color; source=auto,pt-13428d477ce40363,src-8f936900d7b7ad6c,CO2,true,Legend group heading 'CO2 @' binds the 323K entry to CO2.,co2_loading,mmol per gram of sorbent,visible_marker,,,,,,3.4757,0.0201,review
figp1a,a,figp1a:a:co2-323k-c5e1f4c4,CO2 323K,295.7311,mbar,2.4557,mmol/g,triangle_right,solid,#8d8e34,false,high,427.0000,403.0000,"evidence_kind=native_visible; evidence_ref=panel.png; source_evidence=CO2 323K visible filled glyph core and series-colour trajectory at native coordinates (427.0,403.0); uncertainty_px=2.5",pt-a04-25606655651aaf91,src-a04-25606655651aaf91,CO2,true,Legend group heading 'CO2 @' binds the 323K entry to CO2.,co2_loading,mmol per gram of sorbent,visible_marker,,,,,,3.4757,0.0201,review
figp1a,a,figp1a:a:co2-323k-c5e1f4c4,CO2 323K,329.0974,mbar,2.5523,mmol/g,triangle_right,solid,#8d8e34,false,high,451.0000,391.0000,"evidence_kind=native_visible; evidence_ref=panel.png; source_evidence=CO2 323K visible filled glyph core and series-colour trajectory at native coordinates (451.0,391.0); uncertainty_px=2.5",pt-a04-eec57b5950475b0f,src-a04-eec57b5950475b0f,CO2,true,Legend group heading 'CO2 @' binds the 323K entry to CO2.,co2_loading,mmol per gram of sorbent,visible_marker,,,,,,3.4757,0.0201,review
figp1a,a,figp1a:a:co2-323k-c5e1f4c4,CO2 323K,356.3882,mbar,2.5587,mmol/g,triangle_right,solid,#8d8e34,false,high,470.6300,390.2000,assigned_by=color; source=auto,pt-7f9b254ded09572f,src-e45de55364b4005e,CO2,true,Legend group heading 'CO2 @' binds the 323K entry to CO2.,co2_loading,mmol per gram of sorbent,visible_marker,,,,,,3.4757,0.0201,review
figp1a,a,figp1a:a:co2-323k-c5e1f4c4,CO2 323K,406.0345,mbar,2.6544,mmol/g,triangle_right,solid,#8d8e34,false,high,506.3400,378.3200,assigned_by=color; source=auto,pt-6ca9fdc157806359,src-5e9dd4f5ada477b5,CO2,true,Legend group heading 'CO2 @' binds the 323K entry to CO2.,co2_loading,mmol per gram of sorbent,visible_marker,,,,,,3.4757,0.0201,review
figp1a,a,figp1a:a:co2-323k-c5e1f4c4,CO2 323K,416.6839,mbar,2.6247,mmol/g,triangle_right,solid,#8d8e34,false,high,514.0000,382.0000,"evidence_kind=native_visible; evidence_ref=panel.png; source_evidence=CO2 323K visible filled glyph core and series-colour trajectory at native coordinates (514.0,382.0); uncertainty_px=2.5",pt-a04-83175d7f59380f07,src-a04-83175d7f59380f07,CO2,true,Legend group heading 'CO2 @' binds the 323K entry to CO2.,co2_loading,mmol per gram of sorbent,visible_marker,,,,,,3.4757,0.0201,review
figp1a,a,figp1a:a:co2-323k-c5e1f4c4,CO2 323K,483.4165,mbar,2.7294,mmol/g,triangle_right,solid,#8d8e34,false,high,562.0000,369.0000,"evidence_kind=native_visible; evidence_ref=panel.png; source_evidence=CO2 323K visible filled glyph core and series-colour trajectory at native coordinates (562.0,369.0); uncertainty_px=2.5",pt-a04-ea6cd7c5d9b62f79,src-a04-ea6cd7c5d9b62f79,CO2,true,Legend group heading 'CO2 @' binds the 323K entry to CO2.,co2_loading,mmol per gram of sorbent,visible_marker,,,,,,3.4757,0.0201,review
figp1a,a,figp1a:a:co2-323k-c5e1f4c4,CO2 323K,534.8563,mbar,2.7455,mmol/g,triangle_right,solid,#8d8e34,false,high,599.0000,367.0000,"evidence_kind=native_visible; evidence_ref=panel.png; source_evidence=CO2 323K visible filled glyph core and series-colour trajectory at native coordinates (599.0,367.0); uncertainty_px=2.5",pt-a04-56fa419706753285,src-a04-56fa419706753285,CO2,true,Legend group heading 'CO2 @' binds the 323K entry to CO2.,co2_loading,mmol per gram of sorbent,visible_marker,,,,,,3.4757,0.0201,review
figp1a,a,figp1a:a:co2-323k-c5e1f4c4,CO2 323K,560.5761,mbar,2.8058,mmol/g,triangle_right,solid,#8d8e34,false,high,617.5000,359.5000,"evidence_kind=native_visible; evidence_ref=panel.png; source_evidence=CO2 323K visible filled glyph core and series-colour trajectory at native coordinates (617.5,359.5); uncertainty_px=2.5",pt-a04-5ea1b5549c0054ee,src-a04-5ea1b5549c0054ee,CO2,true,Legend group heading 'CO2 @' binds the 323K entry to CO2.,co2_loading,mmol per gram of sorbent,visible_marker,,,,,,3.4757,0.0201,review
figp1a,a,figp1a:a:co2-323k-c5e1f4c4,CO2 323K,594.7210,mbar,2.7929,mmol/g,triangle_right,solid,#8d8e34,false,high,642.0600,361.1000,assigned_by=color; source=auto,pt-af305707dea22a1c,src-2238028e5d9c5053,CO2,true,Legend group heading 'CO2 @' binds the 323K entry to CO2.,co2_loading,mmol per gram of sorbent,visible_marker,,,,,,3.4757,0.0201,review
figp1a,a,figp1a:a:co2-323k-c5e1f4c4,CO2 323K,636.3454,mbar,2.8742,mmol/g,triangle_right,solid,#8d8e34,false,high,672.0000,351.0000,"evidence_kind=native_visible; evidence_ref=panel.png; source_evidence=CO2 323K visible filled glyph core and series-colour trajectory at native coordinates (672.0,351.0); uncertainty_px=2.5",pt-a04-966d7ad2c13e4d1a,src-a04-966d7ad2c13e4d1a,CO2,true,Legend group heading 'CO2 @' binds the 323K entry to CO2.,co2_loading,mmol per gram of sorbent,visible_marker,,,,,,3.4757,0.0201,review
figp1a,a,figp1a:a:co2-323k-c5e1f4c4,CO2 323K,655.8091,mbar,2.8420,mmol/g,triangle_right,solid,#8d8e34,false,high,686.0000,355.0000,"evidence_kind=native_visible; evidence_ref=panel.png; source_evidence=CO2 323K visible filled glyph core and series-colour trajectory at native coordinates (686.0,355.0); uncertainty_px=2.5",pt-a04-53969157b4871edc,src-a04-53969157b4871edc,CO2,true,Legend group heading 'CO2 @' binds the 323K entry to CO2.,co2_loading,mmol per gram of sorbent,visible_marker,,,,,,3.4757,0.0201,review
figp1a,a,figp1a:a:co2-323k-c5e1f4c4,CO2 323K,714.4504,mbar,2.8918,mmol/g,triangle_right,solid,#8d8e34,false,high,728.1800,348.8200,assigned_by=color; source=auto,pt-b2cdf123ba109506,src-e39b190e6730c176,CO2,true,Legend group heading 'CO2 @' binds the 323K entry to CO2.,co2_loading,mmol per gram of sorbent,visible_marker,,,,,,3.4757,0.0201,review
figp1a,a,figp1a:a:co2-323k-c5e1f4c4,CO2 323K,775.5385,mbar,2.9236,mmol/g,triangle_right,solid,#8d8e34,false,high,772.1200,344.8700,assigned_by=color; source=auto,pt-9de990d12c31d686,src-41a3ec75d7f45313,CO2,true,Legend group heading 'CO2 @' binds the 323K entry to CO2.,co2_loading,mmol per gram of sorbent,visible_marker,,,,,,3.4757,0.0201,review
figp1a,a,figp1a:a:co2-323k-c5e1f4c4,CO2 323K,791.3597,mbar,2.9627,mmol/g,triangle_right,solid,#8d8e34,false,high,783.5000,340.0000,"evidence_kind=native_visible; evidence_ref=panel.png; source_evidence=CO2 323K visible filled glyph core and series-colour trajectory at native coordinates (783.5,340.0); uncertainty_px=2.5",pt-a04-fae56c00bfcb3112,src-a04-fae56c00bfcb3112,CO2,true,Legend group heading 'CO2 @' binds the 323K entry to CO2.,co2_loading,mmol per gram of sorbent,visible_marker,,,,,,3.4757,0.0201,review
figp1a,a,figp1a:a:co2-323k-c5e1f4c4,CO2 323K,835.8481,mbar,2.9627,mmol/g,triangle_right,solid,#8d8e34,false,high,815.5000,340.0000,"evidence_kind=native_visible; evidence_ref=panel.png; source_evidence=CO2 323K visible filled glyph core and series-colour trajectory at native coordinates (815.5,340.0); uncertainty_px=2.5",pt-a04-640dec159c31d90c,src-a04-640dec159c31d90c,CO2,true,Legend group heading 'CO2 @' binds the 323K entry to CO2.,co2_loading,mmol per gram of sorbent,visible_marker,,,,,,3.4757,0.0201,review
figp1a,a,figp1a:a:co2-323k-c5e1f4c4,CO2 323K,865.4468,mbar,2.9978,mmol/g,triangle_right,solid,#8d8e34,false,high,836.7900,335.6500,assigned_by=color; source=auto,pt-8930860c4a5fb12a,src-d579514034ba1b3d,CO2,true,Legend group heading 'CO2 @' binds the 323K entry to CO2.,co2_loading,mmol per gram of sorbent,visible_marker,,,,,,3.4757,0.0201,review
figp1a,a,figp1a:a:co2-323k-c5e1f4c4,CO2 323K,897.7148,mbar,2.9869,mmol/g,triangle_right,solid,#8d8e34,false,high,860.0000,337.0000,"evidence_kind=native_visible; evidence_ref=panel.png; source_evidence=CO2 323K visible filled glyph core and series-colour trajectory at native coordinates (860.0,337.0); uncertainty_px=2.5",pt-a04-3156e5fc5a2210b3,src-a04-3156e5fc5a2210b3,CO2,true,Legend group heading 'CO2 @' binds the 323K entry to CO2.,co2_loading,mmol per gram of sorbent,visible_marker,,,,,,3.4757,0.0201,review
figp1a,a,figp1a:a:co2-323k-c5e1f4c4,CO2 323K,928.0921,mbar,3.0253,mmol/g,triangle_right,solid,#8d8e34,false,high,881.8500,332.2300,assigned_by=color; source=auto,pt-7e3409f4f2499309,src-67c4b7ddf4bad10c,CO2,true,Legend group heading 'CO2 @' binds the 323K entry to CO2.,co2_loading,mmol per gram of sorbent,visible_marker,,,,,,3.4757,0.0201,review
figp1a,a,figp1a:a:co2-323k-c5e1f4c4,CO2 323K,957.4961,mbar,3.0151,mmol/g,triangle_right,solid,#8d8e34,false,high,903.0000,333.5000,"evidence_kind=native_visible; evidence_ref=panel.png; source_evidence=CO2 323K visible filled glyph core and series-colour trajectory at native coordinates (903.0,333.5); uncertainty_px=2.5",pt-a04-182e4158ea6b96ce,src-a04-182e4158ea6b96ce,CO2,true,Legend group heading 'CO2 @' binds the 323K entry to CO2.,co2_loading,mmol per gram of sorbent,visible_marker,,,,,,3.4757,0.0201,review
figp1a,a,figp1a:a:co2-323k-c5e1f4c4,CO2 323K,1004.8206,mbar,3.0659,mmol/g,triangle_right,solid,#8d8e34,false,high,937.0400,327.1800,assigned_by=color; source=auto,pt-262f7de7c3830ce0,src-9cf1e5949982c706,CO2,true,Legend group heading 'CO2 @' binds the 323K entry to CO2.,co2_loading,mmol per gram of sorbent,visible_marker,,,,,,3.4757,0.0201,review
figp1a,a,figp1a:a:co2-323k-c5e1f4c4,CO2 323K,1074.7787,mbar,3.0816,mmol/g,triangle_right,solid,#8d8e34,false,high,987.3600,325.2300,assigned_by=color; source=auto,pt-6270361030109760,src-667904195254e570,CO2,true,Legend group heading 'CO2 @' binds the 323K entry to CO2.,co2_loading,mmol per gram of sorbent,visible_marker,,,,,,3.4757,0.0201,review
figp1a,a,figp1a:a:co2-323k-c5e1f4c4,CO2 323K,1139.7317,mbar,3.1080,mmol/g,triangle_right,solid,#8d8e34,false,high,1034.0800,321.9500,assigned_by=color; source=auto,pt-bd7d484d34c3f5ff,src-c8965fe17a800fd9,CO2,true,Legend group heading 'CO2 @' binds the 323K entry to CO2.,co2_loading,mmol per gram of sorbent,visible_marker,,,,,,3.4757,0.0201,review
figp1a,a,figp1a:a:co2-323k-c5e1f4c4,CO2 323K,1193.8408,mbar,3.1398,mmol/g,triangle_right,solid,#8d8e34,false,high,1073.0000,318.0000,"evidence_kind=native_visible; evidence_ref=panel.png; source_evidence=CO2 323K visible filled glyph core and series-colour trajectory at native coordinates (1073.0,318.0); uncertainty_px=2.5",pt-a04-a8956255ff0355cd,src-a04-a8956255ff0355cd,CO2,true,Legend group heading 'CO2 @' binds the 323K entry to CO2.,co2_loading,mmol per gram of sorbent,visible_marker,,,,,,3.4757,0.0201,review
figp1a,a,figp1a:a:co2-333k-94a1f9ba,CO2 333K,32.9715,mbar,0.1380,mmol/g,diamond,solid,#282372,false,medium,238.0000,691.0000,"evidence_kind=partial_marker; evidence_ref=panel.png; source_evidence=CO2 333K partial coloured glyph/shape context at native coordinates (238.0,691.0); uncertainty_px=4.5",pt-a04-c64ba2997daf9ad8,src-a04-c64ba2997daf9ad8,CO2,true,Legend group heading 'CO2 @' binds the 333K entry to CO2.,co2_loading,mmol per gram of sorbent,partially_visible_marker,,,,,,6.2562,0.0362,review
figp1a,a,figp1a:a:co2-333k-94a1f9ba,CO2 333K,51.4898,mbar,0.7868,mmol/g,diamond,solid,#282372,false,high,251.3200,610.3800,assigned_by=joint_assignment; source=auto,pt-5bf766f4e0dfdfaf,src-004d297340e9f7f4,CO2,true,Legend group heading 'CO2 @' binds the 333K entry to CO2.,co2_loading,mmol per gram of sorbent,visible_marker,,,,,,6.2562,0.0362,review
figp1a,a,figp1a:a:co2-333k-94a1f9ba,CO2 333K,64.8919,mbar,0.9420,mmol/g,diamond,solid,#282372,false,high,260.9600,591.1000,assigned_by=joint_assignment; source=auto,pt-732938a46b40f1e2,src-8b4c6ae11e1df9ee,CO2,true,Legend group heading 'CO2 @' binds the 333K entry to CO2.,co2_loading,mmol per gram of sorbent,visible_marker,,,,,,6.2562,0.0362,review
figp1a,a,figp1a:a:co2-333k-94a1f9ba,CO2 333K,80.8243,mbar,1.1159,mmol/g,diamond,solid,#282372,false,high,272.4200,569.4900,assigned_by=joint_assignment; source=auto,pt-bff7aaebe7ab4955,src-906ed3602d39b125,CO2,true,Legend group heading 'CO2 @' binds the 333K entry to CO2.,co2_loading,mmol per gram of sorbent,visible_marker,,,,,,6.2562,0.0362,review
figp1a,a,figp1a:a:co2-333k-94a1f9ba,CO2 333K,116.3872,mbar,1.4417,mmol/g,diamond,solid,#282372,false,medium,298.0000,529.0000,"evidence_kind=partial_marker; evidence_ref=panel.png; source_evidence=CO2 333K partial coloured glyph/shape context at native coordinates (298.0,529.0); uncertainty_px=4.5",pt-de63d7d21289ce66,src-9963902ee4140f68,CO2,true,Legend group heading 'CO2 @' binds the 333K entry to CO2.,co2_loading,mmol per gram of sorbent,partially_visible_marker,,,,,,6.2562,0.0362,review
figp1a,a,figp1a:a:co2-333k-94a1f9ba,CO2 333K,176.1685,mbar,1.8843,mmol/g,diamond,solid,#282372,false,medium,341.0000,474.0000,"evidence_kind=partial_marker; evidence_ref=panel.png; source_evidence=CO2 333K partial coloured glyph/shape context at native coordinates (341.0,474.0); uncertainty_px=4.5",pt-a04-76c403f1069a6707,src-a04-76c403f1069a6707,CO2,true,Legend group heading 'CO2 @' binds the 333K entry to CO2.,co2_loading,mmol per gram of sorbent,partially_visible_marker,,,,,,6.2562,0.0362,review
figp1a,a,figp1a:a:co2-333k-94a1f9ba,CO2 333K,176.2936,mbar,1.8207,mmol/g,diamond,solid,#282372,false,high,341.0900,481.9100,assigned_by=joint_assignment; source=auto,pt-baea683a6f5afd65,src-ad6458277906506e,CO2,true,Legend group heading 'CO2 @' binds the 333K entry to CO2.,co2_loading,mmol per gram of sorbent,visible_marker,,,,,,6.2562,0.0362,review
figp1a,a,figp1a:a:co2-333k-94a1f9ba,CO2 333K,185.9003,mbar,1.8602,mmol/g,diamond,solid,#282372,false,medium,348.0000,477.0000,overlap_flag=true; assigned_by=joint_assignment; source=auto,pt-76c98d3dabbe8d60,src-f0cdc68183ea07b6,CO2,true,Legend group heading 'CO2 @' binds the 333K entry to CO2.,co2_loading,mmol per gram of sorbent,partially_visible_marker,,,,,,6.2562,0.0362,review
figp1a,a,figp1a:a:co2-333k-94a1f9ba,CO2 333K,237.3401,mbar,2.0373,mmol/g,diamond,solid,#282372,false,high,385.0000,455.0000,"evidence_kind=native_visible; evidence_ref=panel.png; source_evidence=CO2 333K visible filled glyph core and series-colour trajectory at native coordinates (385.0,455.0); uncertainty_px=2.5",pt-a92722b60c75aa0b,src-27854873adbfa5b8,CO2,true,Legend group heading 'CO2 @' binds the 333K entry to CO2.,co2_loading,mmol per gram of sorbent,visible_marker,,,,,,3.4757,0.0201,review
figp1a,a,figp1a:a:co2-333k-94a1f9ba,CO2 333K,250.9368,mbar,2.1065,mmol/g,diamond,solid,#282372,false,medium,394.7800,446.3900,assigned_by=joint_assignment; source=auto,pt-f1b6278842fb9219,src-655a3c78ae73b153,CO2,true,Legend group heading 'CO2 @' binds the 333K entry to CO2.,co2_loading,mmol per gram of sorbent,visible_marker,,,,,,3.4757,0.0201,review
figp1a,a,figp1a:a:co2-333k-94a1f9ba,CO2 333K,297.0657,mbar,2.1872,mmol/g,diamond,solid,#282372,false,high,427.9600,436.3700,assigned_by=joint_assignment; source=auto,pt-2122113a7e511a3d,src-207ffc5fee67cf47,CO2,true,Legend group heading 'CO2 @' binds the 333K entry to CO2.,co2_loading,mmol per gram of sorbent,visible_marker,,,,,,3.4757,0.0201,review
figp1a,a,figp1a:a:co2-333k-94a1f9ba,CO2 333K,330.8074,mbar,2.2993,mmol/g,diamond,solid,#282372,false,high,452.2300,422.4400,assigned_by=joint_assignment; source=auto,pt-9841332874a84fc7,src-f5bd506d8e22c189,CO2,true,Legend group heading 'CO2 @' binds the 333K entry to CO2.,co2_loading,mmol per gram of sorbent,visible_marker,,,,,,3.4757,0.0201,review
figp1a,a,figp1a:a:co2-333k-94a1f9ba,CO2 333K,359.9751,mbar,2.3082,mmol/g,diamond,solid,#282372,false,high,473.2100,421.3300,assigned_by=joint_assignment; source=auto,pt-7b5db3dfcc0b95e2,src-2f0002ce49038274,CO2,true,Legend group heading 'CO2 @' binds the 333K entry to CO2.,co2_loading,mmol per gram of sorbent,visible_marker,,,,,,3.4757,0.0201,review
figp1a,a,figp1a:a:co2-333k-94a1f9ba,CO2 333K,407.1050,mbar,2.4178,mmol/g,diamond,solid,#282372,false,medium,507.1100,407.7200,assigned_by=joint_assignment; source=auto,pt-73973207ce162374,src-1ae59e61a096fa71,CO2,true,Legend group heading 'CO2 @' binds the 333K entry to CO2.,co2_loading,mmol per gram of sorbent,visible_marker,,,,,,3.4757,0.0201,review
figp1a,a,figp1a:a:co2-333k-94a1f9ba,CO2 333K,483.4165,mbar,2.5040,mmol/g,diamond,solid,#282372,false,medium,562.0000,397.0000,assigned_by=joint_assignment; source=auto,pt-d3b8112f76de4b02,src-693b16a5c3393d94,CO2,true,Legend group heading 'CO2 @' binds the 333K entry to CO2.,co2_loading,mmol per gram of sorbent,visible_marker,,,,,,3.4757,0.0201,review
figp1a,a,figp1a:a:co2-333k-94a1f9ba,CO2 333K,534.1194,mbar,2.5249,mmol/g,diamond,solid,#282372,false,high,598.4700,394.4100,assigned_by=joint_assignment; source=auto,pt-a8fa96564dbec65d,src-db0fdea8d2e00b72,CO2,true,Legend group heading 'CO2 @' binds the 333K entry to CO2.,co2_loading,mmol per gram of sorbent,visible_marker,,,,,,3.4757,0.0201,review
figp1a,a,figp1a:a:co2-333k-94a1f9ba,CO2 333K,562.0498,mbar,2.5880,mmol/g,diamond,solid,#282372,false,high,618.5600,386.5700,assigned_by=joint_assignment; source=auto,pt-3bc8ea37c3339044,src-cb88f631483e30bd,CO2,true,Legend group heading 'CO2 @' binds the 333K entry to CO2.,co2_loading,mmol per gram of sorbent,visible_marker,,,,,,6.2562,0.0362,review
figp1a,a,figp1a:a:co2-333k-94a1f9ba,CO2 333K,595.1937,mbar,2.5821,mmol/g,diamond,solid,#282372,false,high,642.4000,387.3000,assigned_by=joint_assignment; source=auto,pt-ff0fffe504c07b1a,src-96351fe18fd76491,CO2,true,Legend group heading 'CO2 @' binds the 333K entry to CO2.,co2_loading,mmol per gram of sorbent,visible_marker,,,,,,3.4757,0.0201,review
figp1a,a,figp1a:a:co2-333k-94a1f9ba,CO2 333K,637.6384,mbar,2.6424,mmol/g,diamond,solid,#282372,false,medium,672.9300,379.8100,assigned_by=joint_assignment; source=auto,pt-7b02073b65952b13,src-4175ff57a4caf279,CO2,true,Legend group heading 'CO2 @' binds the 333K entry to CO2.,co2_loading,mmol per gram of sorbent,visible_marker,,,,,,3.4757,0.0201,review
figp1a,a,figp1a:a:co2-333k-94a1f9ba,CO2 333K,655.3503,mbar,2.6263,mmol/g,diamond,solid,#282372,false,high,685.6700,381.8000,assigned_by=joint_assignment; source=auto,pt-6492334a200fe08b,src-150eafae57597905,CO2,true,Legend group heading 'CO2 @' binds the 333K entry to CO2.,co2_loading,mmol per gram of sorbent,visible_marker,,,,,,3.4757,0.0201,review
figp1a,a,figp1a:a:co2-333k-94a1f9ba,CO2 333K,709.1118,mbar,2.7020,mmol/g,diamond,solid,#282372,false,low,724.3400,372.4000,assigned_by=joint_assignment; source=auto,pt-82c5362558153357,src-f6dff71f32d7bf02,CO2,true,Legend group heading 'CO2 @' binds the 333K entry to CO2.,co2_loading,mmol per gram of sorbent,visible_marker,,,,,,3.4757,0.0201,review
figp1a,a,figp1a:a:co2-333k-94a1f9ba,CO2 333K,780.9606,mbar,2.7065,mmol/g,diamond,solid,#282372,false,high,776.0200,371.8400,assigned_by=joint_assignment; source=auto,pt-cd01a145390da3f0,src-c19f8044548786fd,CO2,true,Legend group heading 'CO2 @' binds the 333K entry to CO2.,co2_loading,mmol per gram of sorbent,visible_marker,,,,,,3.4757,0.0201,review
figp1a,a,figp1a:a:co2-333k-94a1f9ba,CO2 333K,794.8076,mbar,2.7449,mmol/g,diamond,solid,#282372,false,low,785.9800,367.0700,assigned_by=joint_assignment; source=auto,pt-ff930add781a78be,src-267891ba81a94a9a,CO2,true,Legend group heading 'CO2 @' binds the 333K entry to CO2.,co2_loading,mmol per gram of sorbent,visible_marker,,,,,,3.4757,0.0201,review
figp1a,a,figp1a:a:co2-333k-94a1f9ba,CO2 333K,837.2245,mbar,2.7292,mmol/g,diamond,solid,#282372,false,high,816.4900,369.0200,assigned_by=joint_assignment; source=auto,pt-654264f6614b1b19,src-729d5b46872be325,CO2,true,Legend group heading 'CO2 @' binds the 333K entry to CO2.,co2_loading,mmol per gram of sorbent,visible_marker,,,,,,3.4757,0.0201,review
figp1a,a,figp1a:a:co2-333k-94a1f9ba,CO2 333K,867.7547,mbar,2.7801,mmol/g,diamond,solid,#282372,false,high,838.4500,362.6900,assigned_by=joint_assignment; source=auto,pt-29de471146260f4e,src-00220223311bf242,CO2,true,Legend group heading 'CO2 @' binds the 333K entry to CO2.,co2_loading,mmol per gram of sorbent,visible_marker,,,,,,3.4757,0.0201,review
figp1a,a,figp1a:a:co2-333k-94a1f9ba,CO2 333K,898.0763,mbar,2.7627,mmol/g,diamond,solid,#282372,false,high,860.2600,364.8600,assigned_by=joint_assignment; source=auto,pt-020e848e9da88032,src-b305084f288030aa,CO2,true,Legend group heading 'CO2 @' binds the 333K entry to CO2.,co2_loading,mmol per gram of sorbent,visible_marker,,,,,,3.4757,0.0201,review
figp1a,a,figp1a:a:co2-333k-94a1f9ba,CO2 333K,927.2996,mbar,2.8051,mmol/g,diamond,solid,#282372,false,high,881.2800,359.5900,assigned_by=joint_assignment; source=auto,pt-156862eab62b033d,src-04505e91b3e34216,CO2,true,Legend group heading 'CO2 @' binds the 333K entry to CO2.,co2_loading,mmol per gram of sorbent,visible_marker,,,,,,3.4757,0.0201,review
figp1a,a,figp1a:a:co2-333k-94a1f9ba,CO2 333K,959.4425,mbar,2.7844,mmol/g,diamond,solid,#282372,false,high,904.4000,362.1600,assigned_by=joint_assignment; source=auto,pt-a19d0d4565c6a0dd,src-5710e0fd450e1949,CO2,true,Legend group heading 'CO2 @' binds the 333K entry to CO2.,co2_loading,mmol per gram of sorbent,visible_marker,,,,,,3.4757,0.0201,review
figp1a,a,figp1a:a:co2-333k-94a1f9ba,CO2 333K,1013.1066,mbar,2.8179,mmol/g,diamond,solid,#282372,false,high,943.0000,358.0000,"evidence_kind=native_visible; evidence_ref=panel.png; source_evidence=CO2 333K visible filled glyph core and series-colour trajectory at native coordinates (943.0,358.0); uncertainty_px=2.5",pt-00b719bad0b82bee,src-63ed17c8581ccd96,CO2,true,Legend group heading 'CO2 @' binds the 333K entry to CO2.,co2_loading,mmol per gram of sorbent,visible_marker,,,,,,3.4757,0.0201,review
figp1a,a,figp1a:a:co2-333k-94a1f9ba,CO2 333K,1080.1729,mbar,2.8479,mmol/g,diamond,solid,#282372,false,high,991.2400,354.2700,assigned_by=joint_assignment; source=auto,pt-c19c6f5cd471aeb8,src-f2435925ce754b15,CO2,true,Legend group heading 'CO2 @' binds the 333K entry to CO2.,co2_loading,mmol per gram of sorbent,visible_marker,,,,,,3.4757,0.0201,review
figp1a,a,figp1a:a:co2-333k-94a1f9ba,CO2 333K,1138.9254,mbar,2.8581,mmol/g,diamond,solid,#282372,false,high,1033.5000,353.0000,"evidence_kind=native_visible; evidence_ref=panel.png; source_evidence=CO2 333K visible filled glyph core and series-colour trajectory at native coordinates (1033.5,353.0); uncertainty_px=2.5",pt-a04-3f5de057310a8e2f,src-a04-3f5de057310a8e2f,CO2,true,Legend group heading 'CO2 @' binds the 333K entry to CO2.,co2_loading,mmol per gram of sorbent,visible_marker,,,,,,3.4757,0.0201,review
figp1a,a,figp1a:a:co2-333k-94a1f9ba,CO2 333K,1193.3778,mbar,2.8769,mmol/g,diamond,solid,#282372,false,high,1072.6670,350.6670,"evidence_kind=native_visible; evidence_ref=panel.png; source_evidence=CO2 333K visible filled glyph core and series-colour trajectory at native coordinates (1072.7,350.7); uncertainty_px=2.5",pt-a04-973d66ad0719516e,src-a04-973d66ad0719516e,CO2,true,Legend group heading 'CO2 @' binds the 333K entry to CO2.,co2_loading,mmol per gram of sorbent,visible_marker,,,,,,3.4757,0.0201,review
figp1a,a,figp1a:a:co2-343k-4b01cc9f,CO2 343K,28.8007,mbar,0.3707,mmol/g,pentagon,solid,#7b0f13,false,high,235.0000,662.0800,assigned_by=color; source=auto,pt-653ae845ad05eadd,src-743d6966054a4d7b,CO2,true,Legend group heading 'CO2 @' binds the 343K entry to CO2.,co2_loading,mmol per gram of sorbent,visible_marker,,,,,,6.2562,0.0362,review
figp1a,a,figp1a:a:co2-343k-4b01cc9f,CO2 343K,48.5563,mbar,0.5484,mmol/g,pentagon,solid,#7b0f13,false,low,249.2100,640.0000,overlap_flag=true; assigned_by=color; source=auto,pt-69725c82a8b3ee67,src-5f5bab5c568ecce9,CO2,true,Legend group heading 'CO2 @' binds the 343K entry to CO2.,co2_loading,mmol per gram of sorbent,partially_visible_marker,,,,,,6.2562,0.0362,review
figp1a,a,figp1a:a:co2-343k-4b01cc9f,CO2 343K,61.2633,mbar,0.6501,mmol/g,pentagon,solid,#7b0f13,false,low,258.3500,627.3600,overlap_flag=true; assigned_by=color; source=auto,pt-515727a7d27c0057,src-cce61ce09b5a0f26,CO2,true,Legend group heading 'CO2 @' binds the 343K entry to CO2.,co2_loading,mmol per gram of sorbent,partially_visible_marker,,,,,,6.2562,0.0362,review
figp1a,a,figp1a:a:co2-343k-4b01cc9f,CO2 343K,80.0875,mbar,0.8034,mmol/g,pentagon,solid,#7b0f13,false,high,271.8900,608.3200,assigned_by=color; source=auto,pt-e80c47e2effab326,src-48eb2f50932e80c4,CO2,true,Legend group heading 'CO2 @' binds the 343K entry to CO2.,co2_loading,mmol per gram of sorbent,visible_marker,,,,,,6.2562,0.0362,review
figp1a,a,figp1a:a:co2-343k-4b01cc9f,CO2 343K,104.5561,mbar,1.0113,mmol/g,pentagon,solid,#7b0f13,false,medium,289.4900,582.4800,assigned_by=color; source=auto,pt-a38c694847a591e5,src-37569cddd2ded73e,CO2,true,Legend group heading 'CO2 @' binds the 343K entry to CO2.,co2_loading,mmol per gram of sorbent,visible_marker,,,,,,6.2562,0.0362,review
figp1a,a,figp1a:a:co2-343k-4b01cc9f,CO2 343K,120.6136,mbar,1.1184,mmol/g,pentagon,solid,#7b0f13,false,medium,301.0400,569.1700,assigned_by=color; source=auto,pt-cfd7c83c500e8e1b,src-f98d78557609cfaf,CO2,true,Legend group heading 'CO2 @' binds the 343K entry to CO2.,co2_loading,mmol per gram of sorbent,visible_marker,,,,,,6.2562,0.0362,review
figp1a,a,figp1a:a:co2-343k-4b01cc9f,CO2 343K,172.1228,mbar,1.4310,mmol/g,pentagon,solid,#7b0f13,false,low,338.0900,530.3300,overlap_flag=true; assigned_by=color; source=auto,pt-b8015f01a51c2a6e,src-173dd18f515ed07b,CO2,true,Legend group heading 'CO2 @' binds the 343K entry to CO2.,co2_loading,mmol per gram of sorbent,partially_visible_marker,,,,,,6.2562,0.0362,review
figp1a,a,figp1a:a:co2-343k-4b01cc9f,CO2 343K,234.8515,mbar,1.7021,mmol/g,pentagon,solid,#7b0f13,false,high,383.2100,496.6400,assigned_by=color; source=auto,pt-c37bddd3d4f146a6,src-95711efc9561642e,CO2,true,Legend group heading 'CO2 @' binds the 343K entry to CO2.,co2_loading,mmol per gram of sorbent,visible_marker,,,,,,3.4757,0.0201,review
figp1a,a,figp1a:a:co2-343k-4b01cc9f,CO2 343K,253.4115,mbar,1.7978,mmol/g,pentagon,solid,#7b0f13,false,medium,396.5600,484.7600,assigned_by=color; source=auto,pt-a9ebb7531711553b,src-bf1e06138f0792e6,CO2,true,Legend group heading 'CO2 @' binds the 343K entry to CO2.,co2_loading,mmol per gram of sorbent,visible_marker,,,,,,3.4757,0.0201,review
figp1a,a,figp1a:a:co2-343k-4b01cc9f,CO2 343K,297.4828,mbar,1.8984,mmol/g,pentagon,solid,#7b0f13,false,high,428.2600,472.2500,assigned_by=color; source=auto,pt-ad2e8a36c6d1e93f,src-bbeebcc5967475ee,CO2,true,Legend group heading 'CO2 @' binds the 343K entry to CO2.,co2_loading,mmol per gram of sorbent,visible_marker,,,,,,3.4757,0.0201,review
figp1a,a,figp1a:a:co2-343k-4b01cc9f,CO2 343K,329.7925,mbar,2.0172,mmol/g,pentagon,solid,#7b0f13,false,high,451.5000,457.4900,assigned_by=color; source=auto,pt-ade550164aed7d78,src-6311d571c60a0ef4,CO2,true,Legend group heading 'CO2 @' binds the 343K entry to CO2.,co2_loading,mmol per gram of sorbent,visible_marker,,,,,,3.4757,0.0201,review
figp1a,a,figp1a:a:co2-343k-4b01cc9f,CO2 343K,358.6683,mbar,2.0362,mmol/g,pentagon,solid,#7b0f13,false,high,472.2700,455.1300,assigned_by=color; source=auto,pt-1846aa8328e51c3c,src-c4d7e4d14b5e7895,CO2,true,Legend group heading 'CO2 @' binds the 343K entry to CO2.,co2_loading,mmol per gram of sorbent,visible_marker,,,,,,3.4757,0.0201,review
figp1a,a,figp1a:a:co2-343k-4b01cc9f,CO2 343K,404.9640,mbar,2.1553,mmol/g,pentagon,solid,#7b0f13,false,low,505.5700,440.3300,overlap_flag=true; assigned_by=color; source=auto,pt-e4aab22f47ce7baf,src-fa02f2f35c91ccda,CO2,true,Legend group heading 'CO2 @' binds the 343K entry to CO2.,co2_loading,mmol per gram of sorbent,partially_visible_marker,,,,,,3.4757,0.0201,review
figp1a,a,figp1a:a:co2-343k-4b01cc9f,CO2 343K,486.0163,mbar,2.2784,mmol/g,pentagon,solid,#7b0f13,false,low,563.8700,425.0300,overlap_flag=true; assigned_by=color; source=auto,pt-9be6d43bf9999927,src-a957362116cd75cf,CO2,true,Legend group heading 'CO2 @' binds the 343K entry to CO2.,co2_loading,mmol per gram of sorbent,partially_visible_marker,,,,,,3.4757,0.0201,review
figp1a,a,figp1a:a:co2-343k-4b01cc9f,CO2 343K,533.1601,mbar,2.2910,mmol/g,pentagon,solid,#7b0f13,false,high,597.7800,423.4700,assigned_by=color; source=auto,pt-8b0488324fcccf91,src-4c2e7e637533bac8,CO2,true,Legend group heading 'CO2 @' binds the 343K entry to CO2.,co2_loading,mmol per gram of sorbent,visible_marker,,,,,,3.4757,0.0201,review
figp1a,a,figp1a:a:co2-343k-4b01cc9f,CO2 343K,560.7708,mbar,2.3654,mmol/g,pentagon,solid,#7b0f13,false,high,617.6400,414.2300,assigned_by=color; source=auto,pt-7d2c94135a895310,src-f7634c0fbacc1003,CO2,true,Legend group heading 'CO2 @' binds the 343K entry to CO2.,co2_loading,mmol per gram of sorbent,visible_marker,,,,,,3.4757,0.0201,review
figp1a,a,figp1a:a:co2-343k-4b01cc9f,CO2 343K,594.3039,mbar,2.3507,mmol/g,pentagon,solid,#7b0f13,false,high,641.7600,416.0500,assigned_by=color; source=auto,pt-8bea76cffa1f64d0,src-2d957af529b7b844,CO2,true,Legend group heading 'CO2 @' binds the 343K entry to CO2.,co2_loading,mmol per gram of sorbent,visible_marker,,,,,,3.4757,0.0201,review
figp1a,a,figp1a:a:co2-343k-4b01cc9f,CO2 343K,638.5977,mbar,2.4256,mmol/g,pentagon,solid,#7b0f13,false,medium,673.6200,406.7500,assigned_by=color; source=auto,pt-04173c38093b7836,src-f9f63a12feafad11,CO2,true,Legend group heading 'CO2 @' binds the 343K entry to CO2.,co2_loading,mmol per gram of sorbent,visible_marker,,,,,,3.4757,0.0201,review
figp1a,a,figp1a:a:co2-343k-4b01cc9f,CO2 343K,653.3066,mbar,2.4107,mmol/g,pentagon,solid,#7b0f13,false,medium,684.2000,408.6000,assigned_by=color; source=auto,pt-cbaafe8aa5c5fe55,src-46c3f2b76066f533,CO2,true,Legend group heading 'CO2 @' binds the 343K entry to CO2.,co2_loading,mmol per gram of sorbent,visible_marker,,,,,,3.4757,0.0201,review
figp1a,a,figp1a:a:co2-343k-4b01cc9f,CO2 343K,713.8804,mbar,2.4715,mmol/g,pentagon,solid,#7b0f13,false,high,727.7700,401.0400,assigned_by=color; source=auto,pt-c50b5f1902bfe62d,src-c796fa1e56f7b28c,CO2,true,Legend group heading 'CO2 @' binds the 343K entry to CO2.,co2_loading,mmol per gram of sorbent,visible_marker,,,,,,3.4757,0.0201,review
figp1a,a,figp1a:a:co2-343k-4b01cc9f,CO2 343K,775.4412,mbar,2.4894,mmol/g,pentagon,solid,#7b0f13,false,low,772.0500,398.8200,overlap_flag=true; assigned_by=color; source=auto,pt-2969f69ac7a5e5b6,src-87eaf424c23b5d13,CO2,true,Legend group heading 'CO2 @' binds the 343K entry to CO2.,co2_loading,mmol per gram of sorbent,partially_visible_marker,,,,,,3.4757,0.0201,review
figp1a,a,figp1a:a:co2-343k-4b01cc9f,CO2 343K,792.5275,mbar,2.5379,mmol/g,pentagon,solid,#7b0f13,false,low,784.3400,392.7900,overlap_flag=true; assigned_by=color; source=auto,pt-f8324994562512f0,src-971d5efea4c931b3,CO2,true,Legend group heading 'CO2 @' binds the 343K entry to CO2.,co2_loading,mmol per gram of sorbent,partially_visible_marker,,,,,,3.4757,0.0201,review
figp1a,a,figp1a:a:co2-343k-4b01cc9f,CO2 343K,836.0845,mbar,2.5282,mmol/g,pentagon,solid,#7b0f13,false,high,815.6700,394.0000,assigned_by=color; source=auto,pt-844d700c09927f80,src-35919a50315cd654,CO2,true,Legend group heading 'CO2 @' binds the 343K entry to CO2.,co2_loading,mmol per gram of sorbent,visible_marker,,,,,,3.4757,0.0201,review
figp1a,a,figp1a:a:co2-343k-4b01cc9f,CO2 343K,867.3237,mbar,2.5781,mmol/g,pentagon,solid,#7b0f13,false,high,838.1400,387.8000,assigned_by=color; source=auto,pt-7d83a59dc2237689,src-23b7cad00115968f,CO2,true,Legend group heading 'CO2 @' binds the 343K entry to CO2.,co2_loading,mmol per gram of sorbent,visible_marker,,,,,,3.4757,0.0201,review
figp1a,a,figp1a:a:co2-343k-4b01cc9f,CO2 343K,896.5053,mbar,2.5674,mmol/g,pentagon,solid,#7b0f13,false,high,859.1300,389.1200,assigned_by=color; source=auto,pt-2d9235ccfe8260c3,src-cbe56b0d698089b9,CO2,true,Legend group heading 'CO2 @' binds the 343K entry to CO2.,co2_loading,mmol per gram of sorbent,visible_marker,,,,,,3.4757,0.0201,review
figp1a,a,figp1a:a:co2-343k-4b01cc9f,CO2 343K,927.1328,mbar,2.6028,mmol/g,pentagon,solid,#7b0f13,false,high,881.1600,384.7300,assigned_by=color; source=auto,pt-1ae6f6a57e65289a,src-df9b73c37d852004,CO2,true,Legend group heading 'CO2 @' binds the 343K entry to CO2.,co2_loading,mmol per gram of sorbent,visible_marker,,,,,,3.4757,0.0201,review
figp1a,a,figp1a:a:co2-343k-4b01cc9f,CO2 343K,957.2876,mbar,2.5882,mmol/g,pentagon,solid,#7b0f13,false,high,902.8500,386.5400,assigned_by=color; source=auto,pt-8aab33bb26d7bac9,src-ca3217cf9c0d4734,CO2,true,Legend group heading 'CO2 @' binds the 343K entry to CO2.,co2_loading,mmol per gram of sorbent,visible_marker,,,,,,3.4757,0.0201,review
figp1a,a,figp1a:a:co2-343k-4b01cc9f,CO2 343K,1003.4443,mbar,2.6278,mmol/g,pentagon,solid,#7b0f13,false,low,936.0500,381.6200,overlap_flag=true; assigned_by=color; source=auto,pt-1a05505d61028bc5,src-43d296ca3f5db387,CO2,true,Legend group heading 'CO2 @' binds the 343K entry to CO2.,co2_loading,mmol per gram of sorbent,partially_visible_marker,,,,,,3.4757,0.0201,review
figp1a,a,figp1a:a:co2-343k-4b01cc9f,CO2 343K,1078.6436,mbar,2.6483,mmol/g,pentagon,solid,#7b0f13,false,high,990.1400,379.0700,assigned_by=color; source=auto,pt-067dd959a6d32d85,src-318daed5a4c2fac4,CO2,true,Legend group heading 'CO2 @' binds the 343K entry to CO2.,co2_loading,mmol per gram of sorbent,visible_marker,,,,,,3.4757,0.0201,review
figp1a,a,figp1a:a:co2-343k-4b01cc9f,CO2 343K,1138.2303,mbar,2.6730,mmol/g,pentagon,solid,#7b0f13,false,high,1033.0000,376.0000,"evidence_kind=native_visible; evidence_ref=panel.png; source_evidence=CO2 343K visible filled glyph core and series-colour trajectory at native coordinates (1033.0,376.0); uncertainty_px=2.5",pt-a04-3a2803e4668d5338,src-a04-3a2803e4668d5338,CO2,true,Legend group heading 'CO2 @' binds the 343K entry to CO2.,co2_loading,mmol per gram of sorbent,visible_marker,,,,,,3.4757,0.0201,review
figp1a,a,figp1a:a:co2-343k-4b01cc9f,CO2 343K,1195.9261,mbar,2.6891,mmol/g,pentagon,solid,#7b0f13,false,high,1074.5000,374.0000,"evidence_kind=native_visible; evidence_ref=panel.png; source_evidence=CO2 343K visible filled glyph core and series-colour trajectory at native coordinates (1074.5,374.0); uncertainty_px=2.5",pt-a04-d85742c279f7bf30,src-a04-d85742c279f7bf30,CO2,true,Legend group heading 'CO2 @' binds the 343K entry to CO2.,co2_loading,mmol per gram of sorbent,visible_marker,,,,,,3.4757,0.0201,review
figp1a,a,figp1a:a:co2-353k-c3530734,CO2 353K,55.2157,mbar,0.4116,mmol/g,hexagon,solid,#f31f74,false,medium,254.0000,657.0000,"evidence_kind=partial_marker; evidence_ref=panel.png; source_evidence=CO2 353K partial coloured glyph/shape context at native coordinates (254.0,657.0); uncertainty_px=4.5",pt-3aba28d550df9700,src-d6a5519ba5101d4b,CO2,true,Legend group heading 'CO2 @' binds the 353K entry to CO2.,co2_loading,mmol per gram of sorbent,partially_visible_marker,,,,,,6.2562,0.0362,review
figp1a,a,figp1a:a:co2-353k-c3530734,CO2 353K,75.9723,mbar,0.5599,mmol/g,hexagon,solid,#f31f74,false,low,268.9300,638.5700,overlap_flag=true; assigned_by=color; source=auto,pt-2f842e6ca9e3e8fa,src-0a2afedc3cb53011,CO2,true,Legend group heading 'CO2 @' binds the 353K entry to CO2.,co2_loading,mmol per gram of sorbent,partially_visible_marker,,,,,,6.2562,0.0362,review
figp1a,a,figp1a:a:co2-353k-c3530734,CO2 353K,103.4439,mbar,0.7272,mmol/g,hexagon,solid,#f31f74,false,high,288.6900,617.7900,assigned_by=color; source=auto,pt-00de6bd9bc5f45b8,src-15974b3341b740dc,CO2,true,Legend group heading 'CO2 @' binds the 353K entry to CO2.,co2_loading,mmol per gram of sorbent,visible_marker,,,,,,6.2562,0.0362,review
figp1a,a,figp1a:a:co2-353k-c3530734,CO2 353K,122.0317,mbar,0.8244,mmol/g,hexagon,solid,#f31f74,false,high,302.0600,605.7100,assigned_by=color; source=auto,pt-6900f24d5d08c1ff,src-b9ac09eb325cc97b,CO2,true,Legend group heading 'CO2 @' binds the 353K entry to CO2.,co2_loading,mmol per gram of sorbent,visible_marker,,,,,,6.2562,0.0362,review
figp1a,a,figp1a:a:co2-353k-c3530734,CO2 353K,173.6521,mbar,1.1191,mmol/g,hexagon,solid,#f31f74,false,high,339.1900,569.0900,assigned_by=color; source=auto,pt-3c998b7ebb0d2d9d,src-facda7bd7d38dab7,CO2,true,Legend group heading 'CO2 @' binds the 353K entry to CO2.,co2_loading,mmol per gram of sorbent,visible_marker,,,,,,6.2562,0.0362,review
figp1a,a,figp1a:a:co2-353k-c3530734,CO2 353K,235.0739,mbar,1.3561,mmol/g,hexagon,solid,#f31f74,false,high,383.3700,539.6400,assigned_by=color; source=auto,pt-1033bb000d49950d,src-fe8060c2f650058a,CO2,true,Legend group heading 'CO2 @' binds the 353K entry to CO2.,co2_loading,mmol per gram of sorbent,visible_marker,,,,,,3.4757,0.0201,review
figp1a,a,figp1a:a:co2-353k-c3530734,CO2 353K,252.2993,mbar,1.4526,mmol/g,hexagon,solid,#f31f74,false,high,395.7600,527.6500,assigned_by=color; source=auto,pt-c50b7810835d65b1,src-a58f541ea13a1708,CO2,true,Legend group heading 'CO2 @' binds the 353K entry to CO2.,co2_loading,mmol per gram of sorbent,visible_marker,,,,,,3.4757,0.0201,review
figp1a,a,figp1a:a:co2-353k-c3530734,CO2 353K,295.9118,mbar,1.5641,mmol/g,hexagon,solid,#f31f74,false,high,427.1300,513.7900,assigned_by=color; source=auto,pt-55e63a460cd75a3a,src-1bb7fc5f6e5cc509,CO2,true,Legend group heading 'CO2 @' binds the 353K entry to CO2.,co2_loading,mmol per gram of sorbent,visible_marker,,,,,,3.4757,0.0201,review
figp1a,a,figp1a:a:co2-353k-c3530734,CO2 353K,330.4042,mbar,1.6946,mmol/g,hexagon,solid,#f31f74,false,high,451.9400,497.5800,assigned_by=color; source=auto,pt-63660a19e1a6a6ca,src-dedf3872cbdcefd7,CO2,true,Legend group heading 'CO2 @' binds the 353K entry to CO2.,co2_loading,mmol per gram of sorbent,visible_marker,,,,,,3.4757,0.0201,review
figp1a,a,figp1a:a:co2-353k-c3530734,CO2 353K,357.9175,mbar,1.7322,mmol/g,hexagon,solid,#f31f74,false,high,471.7300,492.9000,assigned_by=color; source=auto,pt-d79dd125eaa1748d,src-0a5efb2d682013a0,CO2,true,Legend group heading 'CO2 @' binds the 353K entry to CO2.,co2_loading,mmol per gram of sorbent,visible_marker,,,,,,3.4757,0.0201,review
figp1a,a,figp1a:a:co2-353k-c3530734,CO2 353K,402.0028,mbar,1.8699,mmol/g,hexagon,solid,#f31f74,false,low,503.4400,475.8000,overlap_flag=true; assigned_by=color; source=auto,pt-7a918a252f9f6a24,src-af7b08525e6d36e7,CO2,true,Legend group heading 'CO2 @' binds the 353K entry to CO2.,co2_loading,mmol per gram of sorbent,partially_visible_marker,,,,,,3.4757,0.0201,review
figp1a,a,figp1a:a:co2-353k-c3530734,CO2 353K,413.9034,mbar,1.8602,mmol/g,hexagon,solid,#f31f74,false,high,512.0000,477.0000,"evidence_kind=native_visible; evidence_ref=panel.png; source_evidence=CO2 353K visible filled glyph core and series-colour trajectory at native coordinates (512.0,477.0); uncertainty_px=2.5",pt-d631e5767ce22e90,src-7ead3490f0456a01,CO2,true,Legend group heading 'CO2 @' binds the 353K entry to CO2.,co2_loading,mmol per gram of sorbent,visible_marker,,,,,,3.4757,0.0201,review
figp1a,a,figp1a:a:co2-353k-c3530734,CO2 353K,478.0779,mbar,1.9651,mmol/g,hexagon,solid,#f31f74,false,high,558.1600,463.9700,assigned_by=color; source=auto,pt-29f8ebc09f1a41f3,src-27b09d2c1ebca8c3,CO2,true,Legend group heading 'CO2 @' binds the 353K entry to CO2.,co2_loading,mmol per gram of sorbent,visible_marker,,,,,,3.4757,0.0201,review
figp1a,a,figp1a:a:co2-353k-c3530734,CO2 353K,534.0499,mbar,2.0264,mmol/g,hexagon,solid,#f31f74,false,high,598.4200,456.3500,assigned_by=color; source=auto,pt-7879429d1969384a,src-cfa99872bacf979c,CO2,true,Legend group heading 'CO2 @' binds the 353K entry to CO2.,co2_loading,mmol per gram of sorbent,visible_marker,,,,,,3.4757,0.0201,review
figp1a,a,figp1a:a:co2-353k-c3530734,CO2 353K,561.3547,mbar,2.0987,mmol/g,hexagon,solid,#f31f74,false,high,618.0600,447.3600,assigned_by=color; source=auto,pt-85e622005f5fbd00,src-47f6d95a9e08accc,CO2,true,Legend group heading 'CO2 @' binds the 353K entry to CO2.,co2_loading,mmol per gram of sorbent,visible_marker,,,,,,3.4757,0.0201,review
figp1a,a,figp1a:a:co2-353k-c3530734,CO2 353K,596.0417,mbar,2.1054,mmol/g,hexagon,solid,#f31f74,false,high,643.0100,446.5300,assigned_by=color; source=auto,pt-b9927edf91421a94,src-be96d729f95a6673,CO2,true,Legend group heading 'CO2 @' binds the 353K entry to CO2.,co2_loading,mmol per gram of sorbent,visible_marker,,,,,,3.4757,0.0201,review
figp1a,a,figp1a:a:co2-353k-c3530734,CO2 353K,636.3871,mbar,2.1844,mmol/g,hexagon,solid,#f31f74,false,medium,672.0300,436.7100,assigned_by=color; source=auto,pt-b497753f7a0a3e5e,src-05fb69c332ee243a,CO2,true,Legend group heading 'CO2 @' binds the 353K entry to CO2.,co2_loading,mmol per gram of sorbent,visible_marker,,,,,,3.4757,0.0201,review
figp1a,a,figp1a:a:co2-353k-c3530734,CO2 353K,654.5718,mbar,2.1652,mmol/g,hexagon,solid,#f31f74,false,medium,685.1100,439.1000,assigned_by=color; source=auto,pt-fa893f6e3422638f,src-6f458ec00e7bbca8,CO2,true,Legend group heading 'CO2 @' binds the 353K entry to CO2.,co2_loading,mmol per gram of sorbent,visible_marker,,,,,,3.4757,0.0201,review
figp1a,a,figp1a:a:co2-353k-c3530734,CO2 353K,715.2706,mbar,2.2344,mmol/g,hexagon,solid,#f31f74,false,high,728.7700,430.5000,assigned_by=color; source=auto,pt-8c6754be2d190fb9,src-0b4497dffd7575a0,CO2,true,Legend group heading 'CO2 @' binds the 353K entry to CO2.,co2_loading,mmol per gram of sorbent,visible_marker,,,,,,3.4757,0.0201,review
figp1a,a,figp1a:a:co2-353k-c3530734,CO2 353K,777.9298,mbar,2.2694,mmol/g,hexagon,solid,#f31f74,false,medium,773.8400,426.1600,assigned_by=color; source=auto,pt-93cfb1ec99c91ea5,src-9012ee1cb6eb17e0,CO2,true,Legend group heading 'CO2 @' binds the 353K entry to CO2.,co2_loading,mmol per gram of sorbent,visible_marker,,,,,,3.4757,0.0201,review
figp1a,a,figp1a:a:co2-353k-c3530734,CO2 353K,793.7927,mbar,2.2982,mmol/g,hexagon,solid,#f31f74,false,low,785.2500,422.5700,assigned_by=color; source=auto,pt-e465301cab00e4b1,src-a22da5b42222b206,CO2,true,Legend group heading 'CO2 @' binds the 353K entry to CO2.,co2_loading,mmol per gram of sorbent,visible_marker,,,,,,3.4757,0.0201,review
figp1a,a,figp1a:a:co2-353k-c3530734,CO2 353K,837.4330,mbar,2.3023,mmol/g,hexagon,solid,#f31f74,false,high,816.6400,422.0700,assigned_by=color; source=auto,pt-35f0ac265d6849a4,src-01acf740f02f39cf,CO2,true,Legend group heading 'CO2 @' binds the 353K entry to CO2.,co2_loading,mmol per gram of sorbent,visible_marker,,,,,,3.4757,0.0201,review
figp1a,a,figp1a:a:co2-353k-c3530734,CO2 353K,867.9215,mbar,2.3543,mmol/g,hexagon,solid,#f31f74,false,high,838.5700,415.6100,assigned_by=color; source=auto,pt-c46b82f8ab5cfe05,src-bed806eb11689320,CO2,true,Legend group heading 'CO2 @' binds the 353K entry to CO2.,co2_loading,mmol per gram of sorbent,visible_marker,,,,,,3.4757,0.0201,review
figp1a,a,figp1a:a:co2-353k-c3530734,CO2 353K,898.1319,mbar,2.3416,mmol/g,hexagon,solid,#f31f74,false,high,860.3000,417.1800,assigned_by=color; source=auto,pt-056a6c027c814c8b,src-0de12dfca9555c6f,CO2,true,Legend group heading 'CO2 @' binds the 353K entry to CO2.,co2_loading,mmol per gram of sorbent,visible_marker,,,,,,3.4757,0.0201,review
figp1a,a,figp1a:a:co2-353k-c3530734,CO2 353K,927.0494,mbar,2.3778,mmol/g,hexagon,solid,#f31f74,false,high,881.1000,412.6800,assigned_by=color; source=auto,pt-cd7e4bac6e6ded2b,src-cdae47468a8327d2,CO2,true,Legend group heading 'CO2 @' binds the 353K entry to CO2.,co2_loading,mmol per gram of sorbent,visible_marker,,,,,,3.4757,0.0201,review
figp1a,a,figp1a:a:co2-353k-c3530734,CO2 353K,959.4147,mbar,2.3829,mmol/g,hexagon,solid,#f31f74,false,high,904.3800,412.0500,assigned_by=color; source=auto,pt-475620369df12c16,src-afdfcbe3b2a952b6,CO2,true,Legend group heading 'CO2 @' binds the 353K entry to CO2.,co2_loading,mmol per gram of sorbent,visible_marker,,,,,,3.4757,0.0201,review
figp1a,a,figp1a:a:co2-353k-c3530734,CO2 353K,1010.3261,mbar,2.4155,mmol/g,hexagon,solid,#f31f74,false,high,941.0000,408.0000,"evidence_kind=native_visible; evidence_ref=panel.png; source_evidence=CO2 353K visible filled glyph core and series-colour trajectory at native coordinates (941.0,408.0); uncertainty_px=2.5",pt-089f5dd284e763fa,src-2765a0d1a6003e93,CO2,true,Legend group heading 'CO2 @' binds the 353K entry to CO2.,co2_loading,mmol per gram of sorbent,visible_marker,,,,,,3.4757,0.0201,review
figp1a,a,figp1a:a:co2-353k-c3530734,CO2 353K,1081.2295,mbar,2.4396,mmol/g,hexagon,solid,#f31f74,false,high,992.0000,405.0000,"evidence_kind=native_visible; evidence_ref=panel.png; source_evidence=CO2 353K visible filled glyph core and series-colour trajectory at native coordinates (992.0,405.0); uncertainty_px=2.5",pt-a04-bcc2d196d68925bf,src-a04-bcc2d196d68925bf,CO2,true,Legend group heading 'CO2 @' binds the 353K entry to CO2.,co2_loading,mmol per gram of sorbent,visible_marker,,,,,,3.4757,0.0201,review
figp1a,a,figp1a:a:co2-353k-c3530734,CO2 353K,1138.2303,mbar,2.4557,mmol/g,hexagon,solid,#f31f74,false,high,1033.0000,403.0000,"evidence_kind=native_visible; evidence_ref=panel.png; source_evidence=CO2 353K visible filled glyph core and series-colour trajectory at native coordinates (1033.0,403.0); uncertainty_px=2.5",pt-a04-2c8d0f5039eb4702,src-a04-2c8d0f5039eb4702,CO2,true,Legend group heading 'CO2 @' binds the 353K entry to CO2.,co2_loading,mmol per gram of sorbent,visible_marker,,,,,,3.4757,0.0201,review
figp1a,a,figp1a:a:co2-353k-c3530734,CO2 353K,1195.2310,mbar,2.4799,mmol/g,hexagon,solid,#f31f74,false,high,1074.0000,400.0000,"evidence_kind=native_visible; evidence_ref=panel.png; source_evidence=CO2 353K visible filled glyph core and series-colour trajectory at native coordinates (1074.0,400.0); uncertainty_px=2.5",pt-a04-a53d2980b187ca98,src-a04-a53d2980b187ca98,CO2,true,Legend group heading 'CO2 @' binds the 353K entry to CO2.,co2_loading,mmol per gram of sorbent,visible_marker,,,,,,3.4757,0.0201,review
figp1a,a,figp1a:a:co2-363k-eb2ec54f,CO2 363K,101.3724,mbar,0.5164,mmol/g,star,solid,#197b35,false,high,287.2000,643.9800,assigned_by=shape; source=auto,pt-1cf775d9a9bedd87,src-d1df19c6a151bd2c,CO2,true,Legend group heading 'CO2 @' binds the 363K entry to CO2.,co2_loading,mmol per gram of sorbent,visible_marker,,,,,,6.2562,0.0362,review
figp1a,a,figp1a:a:co2-363k-eb2ec54f,CO2 363K,170.2738,mbar,0.8233,mmol/g,star,solid,#197b35,false,high,336.7600,605.8400,assigned_by=shape; source=auto,pt-2588e63220fcc5eb,src-72d11a63149d50fa,CO2,true,Legend group heading 'CO2 @' binds the 363K entry to CO2.,co2_loading,mmol per gram of sorbent,visible_marker,,,,,,6.2562,0.0362,review
figp1a,a,figp1a:a:co2-363k-eb2ec54f,CO2 363K,233.7254,mbar,1.0408,mmol/g,star,solid,#197b35,false,high,382.4000,578.8200,assigned_by=shape; source=auto,pt-538b9b01627500bf,src-2bc45f2ad0fc5af2,CO2,true,Legend group heading 'CO2 @' binds the 363K entry to CO2.,co2_loading,mmol per gram of sorbent,visible_marker,,,,,,3.4757,0.0201,review
figp1a,a,figp1a:a:co2-363k-eb2ec54f,CO2 363K,252.6886,mbar,1.1271,mmol/g,star,solid,#197b35,false,high,396.0400,568.1000,assigned_by=shape; source=auto,pt-eb20565cd44eafb0,src-2a9f21c4db62a020,CO2,true,Legend group heading 'CO2 @' binds the 363K entry to CO2.,co2_loading,mmol per gram of sorbent,visible_marker,,,,,,3.4757,0.0201,review
figp1a,a,figp1a:a:co2-363k-eb2ec54f,CO2 363K,294.2018,mbar,1.2376,mmol/g,star,solid,#197b35,false,high,425.9000,554.3600,assigned_by=shape; source=auto,pt-4f55134a62004a22,src-0d456cd73dc36d22,CO2,true,Legend group heading 'CO2 @' binds the 363K entry to CO2.,co2_loading,mmol per gram of sorbent,visible_marker,,,,,,3.4757,0.0201,review
figp1a,a,figp1a:a:co2-363k-eb2ec54f,CO2 363K,330.0150,mbar,1.3665,mmol/g,star,solid,#197b35,false,high,451.6600,538.3500,assigned_by=shape; source=auto,pt-92adb253d20d302d,src-6c4ca9e16c07baad,CO2,true,Legend group heading 'CO2 @' binds the 363K entry to CO2.,co2_loading,mmol per gram of sorbent,visible_marker,,,,,,3.4757,0.0201,review
figp1a,a,figp1a:a:co2-363k-eb2ec54f,CO2 363K,357.9036,mbar,1.4160,mmol/g,star,solid,#197b35,false,high,471.7200,532.2000,assigned_by=shape; source=auto,pt-8c41705f20b3c216,src-9ffa65af733d145a,CO2,true,Legend group heading 'CO2 @' binds the 363K entry to CO2.,co2_loading,mmol per gram of sorbent,visible_marker,,,,,,6.2562,0.0362,review
figp1a,a,figp1a:a:co2-363k-eb2ec54f,CO2 363K,407.2580,mbar,1.5466,mmol/g,star,solid,#197b35,false,medium,507.2200,515.9700,assigned_by=shape; source=auto,pt-ecce06111cd53ae7,src-c3ffb5aaa278457c,CO2,true,Legend group heading 'CO2 @' binds the 363K entry to CO2.,co2_loading,mmol per gram of sorbent,visible_marker,,,,,,3.4757,0.0201,review
figp1a,a,figp1a:a:co2-363k-eb2ec54f,CO2 363K,470.6400,mbar,1.6455,mmol/g,star,solid,#197b35,false,medium,552.8100,503.6800,assigned_by=shape; source=auto,pt-1953b91fc832115e,src-bc0add73c5266bc7,CO2,true,Legend group heading 'CO2 @' binds the 363K entry to CO2.,co2_loading,mmol per gram of sorbent,visible_marker,,,,,,3.4757,0.0201,review
figp1a,a,figp1a:a:co2-363k-eb2ec54f,CO2 363K,483.5695,mbar,1.7109,mmol/g,star,solid,#197b35,false,low,562.1100,495.5500,overlap_flag=true; assigned_by=shape; source=auto,pt-19ae4a2969f1c864,src-a81f940f80183408,CO2,true,Legend group heading 'CO2 @' binds the 363K entry to CO2.,co2_loading,mmol per gram of sorbent,partially_visible_marker,,,,,,3.4757,0.0201,review
figp1a,a,figp1a:a:co2-363k-eb2ec54f,CO2 363K,532.7570,mbar,1.7644,mmol/g,star,solid,#197b35,false,high,597.4900,488.9000,assigned_by=shape; source=auto,pt-db7d933416ac6013,src-7d09feb916552a00,CO2,true,Legend group heading 'CO2 @' binds the 363K entry to CO2.,co2_loading,mmol per gram of sorbent,visible_marker,,,,,,6.2562,0.0362,review
figp1a,a,figp1a:a:co2-363k-eb2ec54f,CO2 363K,560.5761,mbar,1.8221,mmol/g,star,solid,#197b35,false,high,617.5000,481.7300,assigned_by=shape; source=auto,pt-18af9a170ad727bf,src-42a3d85197c67dda,CO2,true,Legend group heading 'CO2 @' binds the 363K entry to CO2.,co2_loading,mmol per gram of sorbent,visible_marker,,,,,,3.4757,0.0201,review
figp1a,a,figp1a:a:co2-363k-eb2ec54f,CO2 363K,593.5532,mbar,1.8475,mmol/g,star,solid,#197b35,false,high,641.2200,478.5800,assigned_by=shape; source=auto,pt-6d1ffbcf4f68bdcc,src-71f59faea2a82bcc,CO2,true,Legend group heading 'CO2 @' binds the 363K entry to CO2.,co2_loading,mmol per gram of sorbent,visible_marker,,,,,,3.4757,0.0201,review
figp1a,a,figp1a:a:co2-363k-eb2ec54f,CO2 363K,636.3593,mbar,1.9136,mmol/g,star,solid,#197b35,false,low,672.0100,470.3600,overlap_flag=true; assigned_by=shape; source=auto,pt-0c40692941b8d377,src-58880c61005efc7e,CO2,true,Legend group heading 'CO2 @' binds the 363K entry to CO2.,co2_loading,mmol per gram of sorbent,partially_visible_marker,,,,,,3.4757,0.0201,review
figp1a,a,figp1a:a:co2-363k-eb2ec54f,CO2 363K,653.4874,mbar,1.9128,mmol/g,star,solid,#197b35,false,medium,684.3300,470.4700,assigned_by=shape; source=auto,pt-6ed38e558367e5b4,src-3ced8bc2ab52e5cc,CO2,true,Legend group heading 'CO2 @' binds the 363K entry to CO2.,co2_loading,mmol per gram of sorbent,visible_marker,,,,,,3.4757,0.0201,review
figp1a,a,figp1a:a:co2-363k-eb2ec54f,CO2 363K,713.9360,mbar,1.9908,mmol/g,star,solid,#197b35,false,high,727.8100,460.7700,assigned_by=shape; source=auto,pt-cd08dccfd46a6996,src-b9330d33fdc95eae,CO2,true,Legend group heading 'CO2 @' binds the 363K entry to CO2.,co2_loading,mmol per gram of sorbent,visible_marker,,,,,,3.4757,0.0201,review
figp1a,a,figp1a:a:co2-363k-eb2ec54f,CO2 363K,779.1671,mbar,2.0491,mmol/g,star,solid,#197b35,false,medium,774.7300,453.5300,assigned_by=shape; source=auto,pt-08998d754b098791,src-28d91cdf949ff90a,CO2,true,Legend group heading 'CO2 @' binds the 363K entry to CO2.,co2_loading,mmol per gram of sorbent,visible_marker,,,,,,3.4757,0.0201,review
figp1a,a,figp1a:a:co2-363k-eb2ec54f,CO2 363K,791.7907,mbar,2.0745,mmol/g,star,solid,#197b35,false,medium,783.8100,450.3700,assigned_by=shape; source=auto,pt-f369b57dc7eeefc7,src-795dde7fd8a2df69,CO2,true,Legend group heading 'CO2 @' binds the 363K entry to CO2.,co2_loading,mmol per gram of sorbent,visible_marker,,,,,,3.4757,0.0201,review
figp1a,a,figp1a:a:co2-363k-eb2ec54f,CO2 363K,835.2225,mbar,2.1010,mmol/g,star,solid,#197b35,false,high,815.0500,447.0800,assigned_by=shape; source=auto,pt-f5ecf5a426ab4523,src-e9cbc484f7a07e32,CO2,true,Legend group heading 'CO2 @' binds the 363K entry to CO2.,co2_loading,mmol per gram of sorbent,visible_marker,,,,,,3.4757,0.0201,review
figp1a,a,figp1a:a:co2-363k-eb2ec54f,CO2 363K,870.4379,mbar,2.1409,mmol/g,star,solid,#197b35,false,high,840.3800,442.1200,assigned_by=shape; source=auto,pt-30ebfa1e24348a15,src-d185f26089f63ff4,CO2,true,Legend group heading 'CO2 @' binds the 363K entry to CO2.,co2_loading,mmol per gram of sorbent,visible_marker,,,,,,3.4757,0.0201,review
figp1a,a,figp1a:a:co2-363k-eb2ec54f,CO2 363K,897.8677,mbar,2.1422,mmol/g,star,solid,#197b35,false,high,860.1100,441.9600,assigned_by=shape; source=auto,pt-810d5c84ab3bb125,src-c9c89bfdf3a19324,CO2,true,Legend group heading 'CO2 @' binds the 363K entry to CO2.,co2_loading,mmol per gram of sorbent,visible_marker,,,,,,3.4757,0.0201,review
figp1a,a,figp1a:a:co2-363k-eb2ec54f,CO2 363K,927.3830,mbar,2.1778,mmol/g,star,solid,#197b35,false,high,881.3400,437.5300,assigned_by=shape; source=auto,pt-15131df3004abf95,src-47a7ff00d208964e,CO2,true,Legend group heading 'CO2 @' binds the 363K entry to CO2.,co2_loading,mmol per gram of sorbent,visible_marker,,,,,,3.4757,0.0201,review
figp1a,a,figp1a:a:co2-363k-eb2ec54f,CO2 363K,956.9400,mbar,2.1829,mmol/g,star,solid,#197b35,false,high,902.6000,436.9000,assigned_by=shape; source=auto,pt-f71c75dac01bf794,src-82bd8082e86f3762,CO2,true,Legend group heading 'CO2 @' binds the 363K entry to CO2.,co2_loading,mmol per gram of sorbent,visible_marker,,,,,,6.2562,0.0362,review
figp1a,a,figp1a:a:co2-363k-eb2ec54f,CO2 363K,1003.8336,mbar,2.2153,mmol/g,star,solid,#197b35,false,medium,936.3300,432.8800,assigned_by=shape; source=auto,pt-e07e4395aff1e3c7,src-91718d3a7bd4640c,CO2,true,Legend group heading 'CO2 @' binds the 363K entry to CO2.,co2_loading,mmol per gram of sorbent,visible_marker,,,,,,3.4757,0.0201,review
figp1a,a,figp1a:a:co2-363k-eb2ec54f,CO2 363K,1017.2774,mbar,2.2143,mmol/g,star,solid,#197b35,false,high,946.0000,433.0000,"evidence_kind=native_visible; evidence_ref=panel.png; source_evidence=CO2 363K visible filled glyph core and series-colour trajectory at native coordinates (946.0,433.0); uncertainty_px=2.5",pt-a04-b6248070ec4e4cab,src-a04-b6248070ec4e4cab,CO2,true,Legend group heading 'CO2 @' binds the 363K entry to CO2.,co2_loading,mmol per gram of sorbent,visible_marker,,,,,,3.4757,0.0201,review
figp1a,a,figp1a:a:co2-363k-eb2ec54f,CO2 363K,1081.2295,mbar,2.2465,mmol/g,star,solid,#197b35,false,high,992.0000,429.0000,"evidence_kind=native_visible; evidence_ref=panel.png; source_evidence=CO2 363K visible filled glyph core and series-colour trajectory at native coordinates (992.0,429.0); uncertainty_px=2.5",pt-a04-b8b743bfd7baf2e5,src-a04-b8b743bfd7baf2e5,CO2,true,Legend group heading 'CO2 @' binds the 363K entry to CO2.,co2_loading,mmol per gram of sorbent,visible_marker,,,,,,3.4757,0.0201,review
figp1a,a,figp1a:a:co2-363k-eb2ec54f,CO2 363K,1138.9532,mbar,2.2785,mmol/g,star,solid,#197b35,false,high,1033.5200,425.0200,assigned_by=shape; source=auto,pt-63851f00ce646ad5,src-3c2df8980b63c762,CO2,true,Legend group heading 'CO2 @' binds the 363K entry to CO2.,co2_loading,mmol per gram of sorbent,visible_marker,,,,,,6.2562,0.0362,review
figp1a,a,figp1a:a:co2-363k-eb2ec54f,CO2 363K,1195.2310,mbar,2.2948,mmol/g,star,solid,#197b35,false,high,1074.0000,423.0000,"evidence_kind=native_visible; evidence_ref=panel.png; source_evidence=CO2 363K visible filled glyph core and series-colour trajectory at native coordinates (1074.0,423.0); uncertainty_px=2.5",pt-a04-eacdd0185899647b,src-a04-eacdd0185899647b,CO2,true,Legend group heading 'CO2 @' binds the 363K entry to CO2.,co2_loading,mmol per gram of sorbent,visible_marker,,,,,,3.4757,0.0201,review
figp1a,a,figp1a:a:co2-373k-9f2f766d,CO2 373K,38.0695,mbar,0.1326,mmol/g,circle,solid,#2a2b86,false,medium,241.6670,691.6670,"evidence_kind=partial_marker; evidence_ref=panel.png; source_evidence=CO2 373K partial coloured glyph/shape context at native coordinates (241.7,691.7); uncertainty_px=4.5",pt-a04-a767529ea087fa1c,src-a04-a767529ea087fa1c,CO2,true,Legend group heading 'CO2 @' binds the 373K entry to CO2.,co2_loading,mmol per gram of sorbent,partially_visible_marker,,,,,,6.2562,0.0362,review
figp1a,a,figp1a:a:co2-373k-9f2f766d,CO2 373K,94.1430,mbar,0.3150,mmol/g,circle,solid,#2a2b86,false,medium,282.0000,669.0000,"evidence_kind=partial_marker; evidence_ref=panel.png; source_evidence=CO2 373K partial coloured glyph/shape context at native coordinates (282.0,669.0); uncertainty_px=4.5",pt-a04-98ca45208ae1a696,src-a04-98ca45208ae1a696,CO2,true,Legend group heading 'CO2 @' binds the 373K entry to CO2.,co2_loading,mmol per gram of sorbent,partially_visible_marker,,,,,,6.2562,0.0362,review
figp1a,a,figp1a:a:co2-373k-9f2f766d,CO2 373K,124.0337,mbar,0.4518,mmol/g,circle,solid,#2a2b86,false,medium,303.5000,652.0000,"evidence_kind=partial_marker; evidence_ref=panel.png; source_evidence=CO2 373K partial coloured glyph/shape context at native coordinates (303.5,652.0); uncertainty_px=4.5",pt-a04-0f09e791d12bc5dc,src-a04-0f09e791d12bc5dc,CO2,true,Legend group heading 'CO2 @' binds the 373K entry to CO2.,co2_loading,mmol per gram of sorbent,partially_visible_marker,,,,,,6.2562,0.0362,review
figp1a,a,figp1a:a:co2-373k-9f2f766d,CO2 373K,197.0224,mbar,0.6732,mmol/g,circle,solid,#2a2b86,false,medium,356.0000,624.5000,"evidence_kind=partial_marker; evidence_ref=panel.png; source_evidence=CO2 373K partial coloured glyph/shape context at native coordinates (356.0,624.5); uncertainty_px=4.5",pt-393be50668e0a7fa,src-a61799d073d37284,CO2,true,Legend group heading 'CO2 @' binds the 373K entry to CO2.,co2_loading,mmol per gram of sorbent,partially_visible_marker,,,,,,6.2562,0.0362,review
figp1a,a,figp1a:a:co2-373k-9f2f766d,CO2 373K,256.9011,mbar,0.8254,mmol/g,circle,solid,#2a2b86,false,high,399.0700,605.5800,assigned_by=joint_assignment; source=auto,pt-474e0e690f227af7,src-1ea43e27d596a5ca,CO2,true,Legend group heading 'CO2 @' binds the 373K entry to CO2.,co2_loading,mmol per gram of sorbent,visible_marker,,,,,,6.2562,0.0362,review
figp1a,a,figp1a:a:co2-373k-9f2f766d,CO2 373K,313.8045,mbar,1.0071,mmol/g,circle,solid,#2a2b86,false,medium,440.0000,583.0000,overlap_flag=true; assigned_by=joint_assignment; source=auto,pt-f2fb6862d8c2fa78,src-2f7ad144ea9d15a5,CO2,true,Legend group heading 'CO2 @' binds the 373K entry to CO2.,co2_loading,mmol per gram of sorbent,partially_visible_marker,,,,,,3.4757,0.0201,review
figp1a,a,figp1a:a:co2-373k-9f2f766d,CO2 373K,322.8273,mbar,0.9947,mmol/g,circle,solid,#2a2b86,false,high,446.4900,584.5400,assigned_by=joint_assignment; source=auto,pt-527af6caa4e830b3,src-bc6d75ad0c31f6ab,CO2,true,Legend group heading 'CO2 @' binds the 373K entry to CO2.,co2_loading,mmol per gram of sorbent,visible_marker,,,,,,6.2562,0.0362,review
figp1a,a,figp1a:a:co2-373k-9f2f766d,CO2 373K,387.6135,mbar,1.1615,mmol/g,circle,solid,#2a2b86,false,high,493.0900,563.8200,assigned_by=joint_assignment; source=auto,pt-d9f9a5eea92fa441,src-75e339efdb79dcaf,CO2,true,Legend group heading 'CO2 @' binds the 373K entry to CO2.,co2_loading,mmol per gram of sorbent,visible_marker,,,,,,6.2562,0.0362,review
figp1a,a,figp1a:a:co2-373k-9f2f766d,CO2 373K,448.2151,mbar,1.2772,mmol/g,circle,solid,#2a2b86,false,high,536.6800,549.4400,assigned_by=joint_assignment; source=auto,pt-64b24d2efceb7070,src-5118de302faec8ea,CO2,true,Legend group heading 'CO2 @' binds the 373K entry to CO2.,co2_loading,mmol per gram of sorbent,visible_marker,,,,,,6.2562,0.0362,review
figp1a,a,figp1a:a:co2-373k-9f2f766d,CO2 373K,506.3559,mbar,1.3814,mmol/g,circle,solid,#2a2b86,false,high,578.5000,536.4900,assigned_by=joint_assignment; source=auto,pt-19bc65ef0812ca3e,src-fb5612951cc2556e,CO2,true,Legend group heading 'CO2 @' binds the 373K entry to CO2.,co2_loading,mmol per gram of sorbent,visible_marker,,,,,,3.4757,0.0201,review
figp1a,a,figp1a:a:co2-373k-9f2f766d,CO2 373K,572.9912,mbar,1.4948,mmol/g,circle,solid,#2a2b86,false,high,626.4300,522.4100,assigned_by=joint_assignment; source=auto,pt-cd75c048aa6bc2bf,src-a02d539b46026f6a,CO2,true,Legend group heading 'CO2 @' binds the 373K entry to CO2.,co2_loading,mmol per gram of sorbent,visible_marker,,,,,,6.2562,0.0362,review
figp1a,a,figp1a:a:co2-373k-9f2f766d,CO2 373K,601.1718,mbar,1.5525,mmol/g,circle,solid,#2a2b86,false,high,646.7000,515.2300,assigned_by=joint_assignment; source=auto,pt-2ef7e1b6ed3d730f,src-051d14c9972b82c9,CO2,true,Legend group heading 'CO2 @' binds the 373K entry to CO2.,co2_loading,mmol per gram of sorbent,visible_marker,,,,,,6.2562,0.0362,review
figp1a,a,figp1a:a:co2-373k-9f2f766d,CO2 373K,633.5927,mbar,1.5693,mmol/g,circle,solid,#2a2b86,false,high,670.0200,513.1500,assigned_by=joint_assignment; source=auto,pt-d0399bd4e386af4d,src-79883c020458f30a,CO2,true,Legend group heading 'CO2 @' binds the 373K entry to CO2.,co2_loading,mmol per gram of sorbent,visible_marker,,,,,,3.4757,0.0201,review
figp1a,a,figp1a:a:co2-373k-9f2f766d,CO2 373K,697.9480,mbar,1.6613,mmol/g,circle,solid,#2a2b86,false,high,716.3100,501.7200,assigned_by=joint_assignment; source=auto,pt-15da8732ee90d3ec,src-2ee41e30b72f75a0,CO2,true,Legend group heading 'CO2 @' binds the 373K entry to CO2.,co2_loading,mmol per gram of sorbent,visible_marker,,,,,,3.4757,0.0201,review
figp1a,a,figp1a:a:co2-373k-9f2f766d,CO2 373K,800.2852,mbar,1.7753,mmol/g,circle,solid,#2a2b86,false,high,789.9200,487.5500,assigned_by=joint_assignment; source=auto,pt-c327480baeaafe1b,src-00563e9a11606486,CO2,true,Legend group heading 'CO2 @' binds the 373K entry to CO2.,co2_loading,mmol per gram of sorbent,visible_marker,,,,,,6.2562,0.0362,review
figp1a,a,figp1a:a:co2-373k-9f2f766d,CO2 373K,818.1779,mbar,1.7790,mmol/g,circle,solid,#2a2b86,false,high,802.7900,487.0900,assigned_by=joint_assignment; source=auto,pt-9a91a1230849aaf9,src-c6041d6ed93b2a9f,CO2,true,Legend group heading 'CO2 @' binds the 373K entry to CO2.,co2_loading,mmol per gram of sorbent,visible_marker,,,,,,6.2562,0.0362,review
figp1a,a,figp1a:a:co2-373k-9f2f766d,CO2 373K,884.2015,mbar,1.8286,mmol/g,circle,solid,#2a2b86,false,high,850.2800,480.9300,assigned_by=joint_assignment; source=auto,pt-15c71cb6e1ad5849,src-f725ee57b8685f8a,CO2,true,Legend group heading 'CO2 @' binds the 373K entry to CO2.,co2_loading,mmol per gram of sorbent,visible_marker,,,,,,3.4757,0.0201,review
figp1a,a,figp1a:a:co2-373k-9f2f766d,CO2 373K,948.5567,mbar,1.8797,mmol/g,circle,solid,#2a2b86,false,high,896.5700,474.5800,assigned_by=joint_assignment; source=auto,pt-0b7badf130778e15,src-4a1470b9efd9ee11,CO2,true,Legend group heading 'CO2 @' binds the 373K entry to CO2.,co2_loading,mmol per gram of sorbent,visible_marker,,,,,,6.2562,0.0362,review
figp1a,a,figp1a:a:co2-373k-9f2f766d,CO2 373K,981.5616,mbar,1.9348,mmol/g,circle,solid,#2a2b86,false,high,920.3100,467.7300,assigned_by=joint_assignment; source=auto,pt-782ee4437aa6135e,src-e82ac29ce0e1fe96,CO2,true,Legend group heading 'CO2 @' binds the 373K entry to CO2.,co2_loading,mmol per gram of sorbent,visible_marker,,,,,,6.2562,0.0362,review
figp1a,a,figp1a:a:co2-373k-9f2f766d,CO2 373K,1073.9445,mbar,1.9758,mmol/g,circle,solid,#2a2b86,false,high,986.7600,462.6400,assigned_by=joint_assignment; source=auto,pt-3aed45f91054b60c,src-89de1472a9115156,CO2,true,Legend group heading 'CO2 @' binds the 373K entry to CO2.,co2_loading,mmol per gram of sorbent,visible_marker,,,,,,6.2562,0.0362,review
figp1a,a,figp1a:a:co2-373k-9f2f766d,CO2 373K,1192.4505,mbar,2.0373,mmol/g,circle,solid,#2a2b86,false,medium,1072.0000,455.0000,"evidence_kind=partial_marker; evidence_ref=panel.png; source_evidence=CO2 373K partial coloured glyph/shape context at native coordinates (1072.0,455.0); uncertainty_px=4.5",pt-a04-2d3a2a4fbac5553a,src-a04-2d3a2a4fbac5553a,CO2,true,Legend group heading 'CO2 @' binds the 373K entry to CO2.,co2_loading,mmol per gram of sorbent,partially_visible_marker,,,,,,6.2562,0.0362,review
