figure_id,panel_id,series_id,series_name,x,x_unit,y,y_unit,marker_shape,line_style,color_hex,is_inferred,confidence,source_pixel_x,source_pixel_y,notes,point_id,source_instance_id,species,export_eligible,species_evidence,quantity_type,loading_basis,evidence_type,normalized_x,normalized_x_unit,normalized_y,normalized_y_unit,conversion_id,uncertainty_x,uncertainty_y
fig10,x,fig10:x:co2-273k-ads-f57f0d76,CO2 273K ads,0.0114,bar,9.3955,cm³·g⁻¹,circle,none,#d36d70,false,high,178.0,464.0,assigned_by=joint_assignment; source=auto,pt-d3aa9649134eab05,src-48f0e270b4b5db11,CO2,true,Legend entry 'a' is a red filled circle; caption explicitly identifies (a) as CO2 adsorption at 273 K.,co2_uptake,per gram of adsorbent,visible_marker,,,,,,,
fig10,x,fig10:x:co2-273k-ads-f57f0d76,CO2 273K ads,0.014,bar,9.4279,cm³·g⁻¹,circle,none,#d36d70,false,high,179.53,463.68,assigned_by=joint_assignment; source=auto,pt-8db0c5bd59c373d5,src-40ca0f8cc1033eaf,CO2,true,Legend entry 'a' is a red filled circle; caption explicitly identifies (a) as CO2 adsorption at 273 K.,co2_uptake,per gram of adsorbent,visible_marker,,,,,,,
fig10,x,fig10:x:co2-273k-ads-f57f0d76,CO2 273K ads,0.0389,bar,19.4296,cm³·g⁻¹,circle,none,#d36d70,false,high,193.87,364.12,overlap_flag=true; assigned_by=joint_assignment; source=auto,pt-a5234671775b845d,src-71bfd5f80ef8740f,CO2,true,Legend entry 'a' is a red filled circle; caption explicitly identifies (a) as CO2 adsorption at 273 K.,co2_uptake,per gram of adsorbent,partially_visible_marker,,,,,,,
fig10,x,fig10:x:co2-273k-ads-f57f0d76,CO2 273K ads,0.0693,bar,24.8028,cm³·g⁻¹,circle,none,#d36d70,false,low,211.43,310.63,overlap_flag=true; assigned_by=joint_assignment; source=auto,pt-c61fbf16ede25d77,src-5cc4c8d91e01f017,CO2,true,Legend entry 'a' is a red filled circle; caption explicitly identifies (a) as CO2 adsorption at 273 K.,co2_uptake,per gram of adsorbent,partially_visible_marker,,,,,,,
fig10,x,fig10:x:co2-273k-ads-f57f0d76,CO2 273K ads,0.0928,bar,28.0807,cm³·g⁻¹,circle,none,#d36d70,false,high,225.0,278.0,assigned_by=joint_assignment; source=auto,pt-1d031cf5be97379a,src-299a1546bb37c7a6,CO2,true,Legend entry 'a' is a red filled circle; caption explicitly identifies (a) as CO2 adsorption at 273 K.,co2_uptake,per gram of adsorbent,visible_marker,,,,,,,
fig10,x,fig10:x:co2-273k-ads-f57f0d76,CO2 273K ads,0.0961,bar,28.1447,cm³·g⁻¹,circle,none,#d36d70,false,low,226.86,277.36,overlap_flag=true; assigned_by=joint_assignment; source=auto,pt-749a62d21ea0e7ba,src-9d81671908507b7c,CO2,true,Legend entry 'a' is a red filled circle; caption explicitly identifies (a) as CO2 adsorption at 273 K.,co2_uptake,per gram of adsorbent,partially_visible_marker,,,,,,,
fig10,x,fig10:x:co2-273k-ads-f57f0d76,CO2 273K ads,0.1119,bar,30.1903,cm³·g⁻¹,circle,none,#d36d70,false,medium,236.0,257.0,overlap_flag=true; assigned_by=joint_assignment; source=auto,pt-f7665efaae6ad085,src-200c94e6e89547f6,CO2,true,Legend entry 'a' is a red filled circle; caption explicitly identifies (a) as CO2 adsorption at 273 K.,co2_uptake,per gram of adsorbent,partially_visible_marker,,,,,,,
fig10,x,fig10:x:co2-273k-ads-f57f0d76,CO2 273K ads,0.1139,bar,30.4006,cm³·g⁻¹,circle,none,#d36d70,false,high,237.14,254.91,overlap_flag=true; assigned_by=joint_assignment; source=auto,pt-cd9fa911f404b883,src-63d768afaa9fa632,CO2,true,Legend entry 'a' is a red filled circle; caption explicitly identifies (a) as CO2 adsorption at 273 K.,co2_uptake,per gram of adsorbent,partially_visible_marker,,,,,,,
fig10,x,fig10:x:co2-273k-ads-f57f0d76,CO2 273K ads,0.1414,bar,32.5134,cm³·g⁻¹,circle,none,#d36d70,false,high,253.03,233.88,assigned_by=joint_assignment; source=auto,pt-27901d24cea8aaec,src-978005a279e06233,CO2,true,Legend entry 'a' is a red filled circle; caption explicitly identifies (a) as CO2 adsorption at 273 K.,co2_uptake,per gram of adsorbent,visible_marker,,,,,,,
fig10,x,fig10:x:co2-273k-ads-f57f0d76,CO2 273K ads,0.1494,bar,32.5097,cm³·g⁻¹,circle,none,#d36d70,false,low,257.63,233.91,overlap_flag=true; assigned_by=joint_assignment; source=auto,pt-7e57f4a4533a578c,src-31d720f216d70a51,CO2,true,Legend entry 'a' is a red filled circle; caption explicitly identifies (a) as CO2 adsorption at 273 K.,co2_uptake,per gram of adsorbent,partially_visible_marker,,,,,,,
fig10,x,fig10:x:co2-273k-ads-f57f0d76,CO2 273K ads,0.1714,bar,34.1665,cm³·g⁻¹,circle,none,#d36d70,false,high,270.36,217.42,assigned_by=joint_assignment; source=auto,pt-70a4fbaad3d47d18,src-857eccf6e34ee1a0,CO2,true,Legend entry 'a' is a red filled circle; caption explicitly identifies (a) as CO2 adsorption at 273 K.,co2_uptake,per gram of adsorbent,visible_marker,,,,,,,
fig10,x,fig10:x:co2-273k-ads-f57f0d76,CO2 273K ads,0.199,bar,35.6248,cm³·g⁻¹,circle,none,#d36d70,false,high,286.26,202.9,assigned_by=joint_assignment; source=auto,pt-79c3ad1702d28f95,src-d54f00ea92d36db7,CO2,true,Legend entry 'a' is a red filled circle; caption explicitly identifies (a) as CO2 adsorption at 273 K.,co2_uptake,per gram of adsorbent,visible_marker,,,,,,,
fig10,x,fig10:x:co2-273k-ads-f57f0d76,CO2 273K ads,0.2124,bar,36.921,cm³·g⁻¹,circle,none,#d36d70,false,medium,294.0,190.0,overlap_flag=true; assigned_by=joint_assignment; source=auto,pt-4c258f234f729b2e,src-633832b190338ca1,CO2,true,Legend entry 'a' is a red filled circle; caption explicitly identifies (a) as CO2 adsorption at 273 K.,co2_uptake,per gram of adsorbent,partially_visible_marker,,,,,,,
fig10,x,fig10:x:co2-273k-ads-f57f0d76,CO2 273K ads,0.2228,bar,36.7008,cm³·g⁻¹,circle,none,#d36d70,false,low,300.03,192.19,overlap_flag=true; assigned_by=joint_assignment; source=auto,pt-74a7e9c331b9c32c,src-53c9b2a1f338a64f,CO2,true,Legend entry 'a' is a red filled circle; caption explicitly identifies (a) as CO2 adsorption at 273 K.,co2_uptake,per gram of adsorbent,partially_visible_marker,,,,,,,
fig10,x,fig10:x:co2-273k-ads-f57f0d76,CO2 273K ads,0.2228,bar,36.3994,cm³·g⁻¹,circle,none,#d36d70,false,low,300.03,195.19,overlap_flag=true; assigned_by=joint_assignment; source=auto,pt-91584f30015481d3,src-cdd09963af197eba,CO2,true,Legend entry 'a' is a red filled circle; caption explicitly identifies (a) as CO2 adsorption at 273 K.,co2_uptake,per gram of adsorbent,partially_visible_marker,,,,,,,
fig10,x,fig10:x:co2-273k-ads-f57f0d76,CO2 273K ads,0.2349,bar,38.4279,cm³·g⁻¹,circle,none,#d36d70,false,medium,307.0,175.0,overlap_flag=true; assigned_by=joint_assignment; source=auto,pt-97c71838b3b06a9b,src-330142f9ea3182b8,CO2,true,Legend entry 'a' is a red filled circle; caption explicitly identifies (a) as CO2 adsorption at 273 K.,co2_uptake,per gram of adsorbent,partially_visible_marker,,,,,,,
fig10,x,fig10:x:co2-273k-ads-f57f0d76,CO2 273K ads,0.2401,bar,38.227,cm³·g⁻¹,circle,none,#d36d70,false,medium,310.0,177.0,overlap_flag=true; assigned_by=joint_assignment; source=auto,pt-220418dfb720234e,src-28083a6fd7dd5b3c,CO2,true,Legend entry 'a' is a red filled circle; caption explicitly identifies (a) as CO2 adsorption at 273 K.,co2_uptake,per gram of adsorbent,partially_visible_marker,,,,,,,
fig10,x,fig10:x:co2-273k-ads-f57f0d76,CO2 273K ads,0.2496,bar,38.0386,cm³·g⁻¹,circle,none,#d36d70,false,medium,315.46,178.88,assigned_by=joint_assignment; source=auto,pt-f353c47aba35057a,src-ee6c6282fdec9c7c,CO2,true,Legend entry 'a' is a red filled circle; caption explicitly identifies (a) as CO2 adsorption at 273 K.,co2_uptake,per gram of adsorbent,visible_marker,,,,,,,
fig10,x,fig10:x:co2-273k-ads-f57f0d76,CO2 273K ads,0.2553,bar,38.0641,cm³·g⁻¹,circle,none,#d36d70,false,medium,318.8,178.62,assigned_by=joint_assignment; source=auto,pt-f8f0e646d3de1ffc,src-1b256c93e786fa00,CO2,true,Legend entry 'a' is a red filled circle; caption explicitly identifies (a) as CO2 adsorption at 273 K.,co2_uptake,per gram of adsorbent,visible_marker,,,,,,,
fig10,x,fig10:x:co2-273k-ads-f57f0d76,CO2 273K ads,0.2791,bar,38.9302,cm³·g⁻¹,circle,none,#d36d70,false,high,332.5,170.0,assigned_by=joint_assignment; source=auto,pt-93433afb3808369d,src-d7e46f2ae59e2574,CO2,true,Legend entry 'a' is a red filled circle; caption explicitly identifies (a) as CO2 adsorption at 273 K.,co2_uptake,per gram of adsorbent,visible_marker,,,,,,,
fig10,x,fig10:x:co2-273k-ads-f57f0d76,CO2 273K ads,0.2927,bar,40.0768,cm³·g⁻¹,circle,none,#d36d70,false,high,340.34,158.59,assigned_by=joint_assignment; source=auto,pt-f0f5891838c0499c,src-aff229d619e631e3,CO2,true,Legend entry 'a' is a red filled circle; caption explicitly identifies (a) as CO2 adsorption at 273 K.,co2_uptake,per gram of adsorbent,visible_marker,,,,,,,
fig10,x,fig10:x:co2-273k-ads-f57f0d76,CO2 273K ads,0.299,bar,39.9348,cm³·g⁻¹,circle,none,#d36d70,false,medium,344.0,160.0,assigned_by=joint_assignment; source=auto,pt-48a0f29bd80738b0,src-d5f2b99b3cca109d,CO2,true,Legend entry 'a' is a red filled circle; caption explicitly identifies (a) as CO2 adsorption at 273 K.,co2_uptake,per gram of adsorbent,visible_marker,,,,,,,
fig10,x,fig10:x:co2-273k-ads-f57f0d76,CO2 273K ads,0.3051,bar,39.8343,cm³·g⁻¹,circle,none,#d36d70,false,high,347.5,161.0,assigned_by=joint_assignment; source=auto,pt-28cc12deb6a797b4,src-fbcbca31da50cc5a,CO2,true,Legend entry 'a' is a red filled circle; caption explicitly identifies (a) as CO2 adsorption at 273 K.,co2_uptake,per gram of adsorbent,visible_marker,,,,,,,
fig10,x,fig10:x:co2-273k-ads-f57f0d76,CO2 273K ads,0.3322,bar,40.6797,cm³·g⁻¹,circle,none,#d36d70,false,high,363.15,152.59,assigned_by=joint_assignment; source=auto,pt-bf2d70b634101c4e,src-7c87315f08e764fb,CO2,true,Legend entry 'a' is a red filled circle; caption explicitly identifies (a) as CO2 adsorption at 273 K.,co2_uptake,per gram of adsorbent,visible_marker,,,,,,,
fig10,x,fig10:x:co2-273k-ads-f57f0d76,CO2 273K ads,0.3579,bar,41.4417,cm³·g⁻¹,circle,none,#d36d70,false,high,378.0,145.0,assigned_by=joint_assignment; source=auto,pt-fb9bf828f55d620c,src-d7ca4359748ef02b,CO2,true,Legend entry 'a' is a red filled circle; caption explicitly identifies (a) as CO2 adsorption at 273 K.,co2_uptake,per gram of adsorbent,visible_marker,,,,,,,
fig10,x,fig10:x:co2-273k-ads-f57f0d76,CO2 273K ads,0.371,bar,42.2654,cm³·g⁻¹,circle,none,#d36d70,false,low,385.56,136.8,assigned_by=joint_assignment; source=auto,pt-06368624c3351739,src-47c07319f3f8a09c,CO2,true,Legend entry 'a' is a red filled circle; caption explicitly identifies (a) as CO2 adsorption at 273 K.,co2_uptake,per gram of adsorbent,visible_marker,,,,,,,
fig10,x,fig10:x:co2-273k-ads-f57f0d76,CO2 273K ads,0.3728,bar,42.6857,cm³·g⁻¹,circle,none,#d36d70,false,medium,386.61,132.62,assigned_by=joint_assignment; source=auto,pt-cb24d9a07df1a141,src-ffe1eeb46f390c67,CO2,true,Legend entry 'a' is a red filled circle; caption explicitly identifies (a) as CO2 adsorption at 273 K.,co2_uptake,per gram of adsorbent,visible_marker,,,,,,,
fig10,x,fig10:x:co2-273k-ads-f57f0d76,CO2 273K ads,0.3735,bar,42.4463,cm³·g⁻¹,circle,none,#d36d70,false,medium,387.0,135.0,assigned_by=joint_assignment; source=auto,pt-117925fcdcbef3a1,src-0cd77a2e692eb898,CO2,true,Legend entry 'a' is a red filled circle; caption explicitly identifies (a) as CO2 adsorption at 273 K.,co2_uptake,per gram of adsorbent,visible_marker,,,,,,,
fig10,x,fig10:x:co2-273k-ads-f57f0d76,CO2 273K ads,0.377,bar,42.3458,cm³·g⁻¹,circle,none,#d36d70,false,medium,389.0,136.0,assigned_by=joint_assignment; source=auto,pt-4c5b85192c86dbfa,src-fcbdc4b75b0de3eb,CO2,true,Legend entry 'a' is a red filled circle; caption explicitly identifies (a) as CO2 adsorption at 273 K.,co2_uptake,per gram of adsorbent,visible_marker,,,,,,,
fig10,x,fig10:x:co2-273k-ads-f57f0d76,CO2 273K ads,0.3864,bar,42.1826,cm³·g⁻¹,circle,none,#d36d70,false,high,394.45,137.62,assigned_by=joint_assignment; source=auto,pt-d654455cc795bc57,src-32a4778ac2d7f426,CO2,true,Legend entry 'a' is a red filled circle; caption explicitly identifies (a) as CO2 adsorption at 273 K.,co2_uptake,per gram of adsorbent,visible_marker,,,,,,,
fig10,x,fig10:x:co2-273k-ads-f57f0d76,CO2 273K ads,0.3991,bar,43.1865,cm³·g⁻¹,circle,none,#d36d70,false,high,401.79,127.63,assigned_by=joint_assignment; source=auto,pt-54466dde30d87641,src-aeb2927a034a3562,CO2,true,Legend entry 'a' is a red filled circle; caption explicitly identifies (a) as CO2 adsorption at 273 K.,co2_uptake,per gram of adsorbent,visible_marker,,,,,,,
fig10,x,fig10:x:co2-273k-ads-f57f0d76,CO2 273K ads,0.4047,bar,43.049,cm³·g⁻¹,circle,none,#d36d70,false,medium,405.0,129.0,assigned_by=joint_assignment; source=auto,pt-3848ec812ea8de7b,src-5ce17ab1d2a94941,CO2,true,Legend entry 'a' is a red filled circle; caption explicitly identifies (a) as CO2 adsorption at 273 K.,co2_uptake,per gram of adsorbent,visible_marker,,,,,,,
fig10,x,fig10:x:co2-273k-ads-f57f0d76,CO2 273K ads,0.4135,bar,43.021,cm³·g⁻¹,circle,none,#d36d70,false,medium,410.06,129.28,assigned_by=joint_assignment; source=auto,pt-9c8fdad6a4e6de05,src-fa28bf27c5e4da08,CO2,true,Legend entry 'a' is a red filled circle; caption explicitly identifies (a) as CO2 adsorption at 273 K.,co2_uptake,per gram of adsorbent,visible_marker,,,,,,,
fig10,x,fig10:x:co2-273k-ads-f57f0d76,CO2 273K ads,0.4259,bar,43.5356,cm³·g⁻¹,circle,none,#d36d70,false,medium,417.24,124.16,assigned_by=joint_assignment; source=auto,pt-b991a0186d359acf,src-58f33f083e581df7,CO2,true,Legend entry 'a' is a red filled circle; caption explicitly identifies (a) as CO2 adsorption at 273 K.,co2_uptake,per gram of adsorbent,visible_marker,,,,,,,
fig10,x,fig10:x:co2-273k-ads-f57f0d76,CO2 273K ads,0.4261,bar,43.9689,cm³·g⁻¹,circle,none,#d36d70,false,medium,417.34,119.84,assigned_by=joint_assignment; source=auto,pt-64973d235d758cc7,src-cf323dc9cf5544ad,CO2,true,Legend entry 'a' is a red filled circle; caption explicitly identifies (a) as CO2 adsorption at 273 K.,co2_uptake,per gram of adsorbent,visible_marker,,,,,,,
fig10,x,fig10:x:co2-273k-ads-f57f0d76,CO2 273K ads,0.4359,bar,43.5513,cm³·g⁻¹,circle,none,#d36d70,false,medium,423.0,124.0,assigned_by=joint_assignment; source=auto,pt-5a9f14b4b59796ce,src-211f20244fd5b57e,CO2,true,Legend entry 'a' is a red filled circle; caption explicitly identifies (a) as CO2 adsorption at 273 K.,co2_uptake,per gram of adsorbent,visible_marker,,,,,,,
fig10,x,fig10:x:co2-273k-ads-f57f0d76,CO2 273K ads,0.4394,bar,43.4508,cm³·g⁻¹,circle,none,#d36d70,false,high,425.0,125.0,assigned_by=joint_assignment; source=auto,pt-2fe2c7fdd27a5996,src-1a63e1f17f6ccb46,CO2,true,Legend entry 'a' is a red filled circle; caption explicitly identifies (a) as CO2 adsorption at 273 K.,co2_uptake,per gram of adsorbent,visible_marker,,,,,,,
fig10,x,fig10:x:co2-273k-ads-f57f0d76,CO2 273K ads,0.4511,bar,44.1182,cm³·g⁻¹,circle,none,#d36d70,false,high,431.79,118.36,assigned_by=joint_assignment; source=auto,pt-bfaf49f5f046c4d0,src-4f99ff8cd4d19b48,CO2,true,Legend entry 'a' is a red filled circle; caption explicitly identifies (a) as CO2 adsorption at 273 K.,co2_uptake,per gram of adsorbent,visible_marker,,,,,,,
fig10,x,fig10:x:co2-273k-ads-f57f0d76,CO2 273K ads,0.4532,bar,44.5559,cm³·g⁻¹,circle,none,#d36d70,false,medium,433.0,114.0,assigned_by=joint_assignment; source=auto,pt-8c5e5dedd661473a,src-00238da636478379,CO2,true,Legend entry 'a' is a red filled circle; caption explicitly identifies (a) as CO2 adsorption at 273 K.,co2_uptake,per gram of adsorbent,visible_marker,,,,,,,
fig10,x,fig10:x:co2-273k-ads-f57f0d76,CO2 273K ads,0.455,bar,44.355,cm³·g⁻¹,circle,none,#d36d70,false,medium,434.0,116.0,assigned_by=joint_assignment; source=auto,pt-a7bdcc4e7a89e869,src-5323991eb8d01fef,CO2,true,Legend entry 'a' is a red filled circle; caption explicitly identifies (a) as CO2 adsorption at 273 K.,co2_uptake,per gram of adsorbent,visible_marker,,,,,,,
fig10,x,fig10:x:co2-273k-ads-f57f0d76,CO2 273K ads,0.4584,bar,44.2545,cm³·g⁻¹,circle,none,#d36d70,false,medium,436.0,117.0,assigned_by=joint_assignment; source=auto,pt-e1c91d38797d52f7,src-762aaef92ec91dd3,CO2,true,Legend entry 'a' is a red filled circle; caption explicitly identifies (a) as CO2 adsorption at 273 K.,co2_uptake,per gram of adsorbent,visible_marker,,,,,,,
fig10,x,fig10:x:co2-273k-ads-f57f0d76,CO2 273K ads,0.4645,bar,44.322,cm³·g⁻¹,circle,none,#d36d70,false,low,439.54,116.33,overlap_flag=true; assigned_by=joint_assignment; source=auto,pt-68a13017be09054b,src-716d6d6c375a7c31,CO2,true,Legend entry 'a' is a red filled circle; caption explicitly identifies (a) as CO2 adsorption at 273 K.,co2_uptake,per gram of adsorbent,partially_visible_marker,,,,,,,
fig10,x,fig10:x:co2-273k-ads-f57f0d76,CO2 273K ads,0.4645,bar,44.0207,cm³·g⁻¹,circle,none,#d36d70,false,low,439.54,119.33,overlap_flag=true; assigned_by=joint_assignment; source=auto,pt-354fb206b9bf3ffd,src-df1d398a6f335095,CO2,true,Legend entry 'a' is a red filled circle; caption explicitly identifies (a) as CO2 adsorption at 273 K.,co2_uptake,per gram of adsorbent,partially_visible_marker,,,,,,,
fig10,x,fig10:x:co2-273k-ads-f57f0d76,CO2 273K ads,0.4701,bar,44.718,cm³·g⁻¹,circle,none,#d36d70,false,low,442.76,112.39,overlap_flag=true; assigned_by=joint_assignment; source=auto,pt-f86ca227f3527fff,src-4e6df66e2aa13add,CO2,true,Legend entry 'a' is a red filled circle; caption explicitly identifies (a) as CO2 adsorption at 273 K.,co2_uptake,per gram of adsorbent,partially_visible_marker,,,,,,,
fig10,x,fig10:x:co2-273k-ads-f57f0d76,CO2 273K ads,0.4701,bar,44.4166,cm³·g⁻¹,circle,none,#d36d70,false,low,442.76,115.39,overlap_flag=true; assigned_by=joint_assignment; source=auto,pt-6ad3926ef1fdd9d2,src-c154ceb9dbdee0ce,CO2,true,Legend entry 'a' is a red filled circle; caption explicitly identifies (a) as CO2 adsorption at 273 K.,co2_uptake,per gram of adsorbent,partially_visible_marker,,,,,,,
fig10,x,fig10:x:co2-273k-ads-f57f0d76,CO2 273K ads,0.4793,bar,45.1873,cm³·g⁻¹,circle,none,#d36d70,false,high,448.05,107.71,assigned_by=joint_assignment; source=auto,pt-ff8c29a8f0429e3c,src-312237a762b17c0e,CO2,true,Legend entry 'a' is a red filled circle; caption explicitly identifies (a) as CO2 adsorption at 273 K.,co2_uptake,per gram of adsorbent,visible_marker,,,,,,,
fig10,x,fig10:x:co2-273k-ads-f57f0d76,CO2 273K ads,0.4809,bar,44.9577,cm³·g⁻¹,circle,none,#d36d70,false,medium,449.0,110.0,assigned_by=joint_assignment; source=auto,pt-2091998793092349,src-df454d1cbc7d3232,CO2,true,Legend entry 'a' is a red filled circle; caption explicitly identifies (a) as CO2 adsorption at 273 K.,co2_uptake,per gram of adsorbent,visible_marker,,,,,,,
fig10,x,fig10:x:co2-273k-ads-f57f0d76,CO2 273K ads,0.4931,bar,44.7568,cm³·g⁻¹,circle,none,#d36d70,false,high,456.0,112.0,assigned_by=joint_assignment; source=auto,pt-ad0aaab03f9945e5,src-de456ca2010a3731,CO2,true,Legend entry 'a' is a red filled circle; caption explicitly identifies (a) as CO2 adsorption at 273 K.,co2_uptake,per gram of adsorbent,visible_marker,,,,,,,
fig10,x,fig10:x:co2-273k-ads-f57f0d76,CO2 273K ads,0.5047,bar,45.3652,cm³·g⁻¹,circle,none,#d36d70,false,low,462.74,105.94,assigned_by=joint_assignment; source=auto,pt-6a3a3b2b1dd752be,src-46ffd6a3f8a99127,CO2,true,Legend entry 'a' is a red filled circle; caption explicitly identifies (a) as CO2 adsorption at 273 K.,co2_uptake,per gram of adsorbent,visible_marker,,,,,,,
fig10,x,fig10:x:co2-273k-ads-f57f0d76,CO2 273K ads,0.5055,bar,45.6874,cm³·g⁻¹,circle,none,#d36d70,false,high,463.16,102.74,assigned_by=joint_assignment; source=auto,pt-059b935ea9178783,src-fd38778f459ad6ce,CO2,true,Legend entry 'a' is a red filled circle; caption explicitly identifies (a) as CO2 adsorption at 273 K.,co2_uptake,per gram of adsorbent,visible_marker,,,,,,,
fig10,x,fig10:x:co2-273k-ads-f57f0d76,CO2 273K ads,0.5139,bar,45.3595,cm³·g⁻¹,circle,none,#d36d70,false,medium,468.0,106.0,assigned_by=joint_assignment; source=auto,pt-a79245875922f2a7,src-bda87a79a83f04ff,CO2,true,Legend entry 'a' is a red filled circle; caption explicitly identifies (a) as CO2 adsorption at 273 K.,co2_uptake,per gram of adsorbent,visible_marker,,,,,,,
fig10,x,fig10:x:co2-273k-ads-f57f0d76,CO2 273K ads,0.5162,bar,45.3609,cm³·g⁻¹,circle,none,#d36d70,false,low,469.37,105.99,overlap_flag=true; assigned_by=joint_assignment; source=auto,pt-e86ac21f59714953,src-d4b0a46bfa4669a7,CO2,true,Legend entry 'a' is a red filled circle; caption explicitly identifies (a) as CO2 adsorption at 273 K.,co2_uptake,per gram of adsorbent,partially_visible_marker,,,,,,,
fig10,x,fig10:x:co2-273k-ads-f57f0d76,CO2 273K ads,0.5162,bar,45.0595,cm³·g⁻¹,circle,none,#d36d70,false,low,469.37,108.99,overlap_flag=true; assigned_by=joint_assignment; source=auto,pt-8a356e41545fa2c8,src-40a09e06d9d232f2,CO2,true,Legend entry 'a' is a red filled circle; caption explicitly identifies (a) as CO2 adsorption at 273 K.,co2_uptake,per gram of adsorbent,partially_visible_marker,,,,,,,
fig10,x,fig10:x:co2-273k-ads-f57f0d76,CO2 273K ads,0.5233,bar,45.4479,cm³·g⁻¹,circle,none,#d36d70,false,low,473.43,105.12,assigned_by=joint_assignment; source=auto,pt-fdaf07ed20effcb5,src-56aaa5ca2f485edd,CO2,true,Legend entry 'a' is a red filled circle; caption explicitly identifies (a) as CO2 adsorption at 273 K.,co2_uptake,per gram of adsorbent,visible_marker,,,,,,,
fig10,x,fig10:x:co2-273k-ads-f57f0d76,CO2 273K ads,0.5389,bar,45.7606,cm³·g⁻¹,circle,none,#d36d70,false,low,482.46,102.01,overlap_flag=true; assigned_by=joint_assignment; source=auto,pt-22229e9bbcf22d4e,src-059606ca69a59ad7,CO2,true,Legend entry 'a' is a red filled circle; caption explicitly identifies (a) as CO2 adsorption at 273 K.,co2_uptake,per gram of adsorbent,partially_visible_marker,,,,,,,
fig10,x,fig10:x:co2-273k-ads-f57f0d76,CO2 273K ads,0.5389,bar,45.4592,cm³·g⁻¹,circle,none,#d36d70,false,low,482.46,105.01,overlap_flag=true; assigned_by=joint_assignment; source=auto,pt-1836f9e2f2a97b24,src-ee8e13224d05ef09,CO2,true,Legend entry 'a' is a red filled circle; caption explicitly identifies (a) as CO2 adsorption at 273 K.,co2_uptake,per gram of adsorbent,partially_visible_marker,,,,,,,
fig10,x,fig10:x:co2-273k-ads-f57f0d76,CO2 273K ads,0.5451,bar,45.8044,cm³·g⁻¹,circle,none,#d36d70,false,high,486.03,101.57,assigned_by=joint_assignment; source=auto,pt-30c4bcec97909c88,src-8e2d0d20f8ceaefb,CO2,true,Legend entry 'a' is a red filled circle; caption explicitly identifies (a) as CO2 adsorption at 273 K.,co2_uptake,per gram of adsorbent,visible_marker,,,,,,,
fig10,x,fig10:x:co2-273k-ads-f57f0d76,CO2 273K ads,0.5587,bar,46.9669,cm³·g⁻¹,circle,none,#d36d70,false,high,493.88,90.0,assigned_by=joint_assignment; source=auto,pt-d293231a24656d4b,src-c409b9f691485972,CO2,true,Legend entry 'a' is a red filled circle; caption explicitly identifies (a) as CO2 adsorption at 273 K.,co2_uptake,per gram of adsorbent,visible_marker,,,,,,,
fig10,x,fig10:x:co2-273k-ads-f57f0d76,CO2 273K ads,0.5606,bar,46.4646,cm³·g⁻¹,circle,none,#d36d70,false,medium,495.0,95.0,assigned_by=joint_assignment; source=auto,pt-694313afec4833e3,src-62345176be47a8a4,CO2,true,Legend entry 'a' is a red filled circle; caption explicitly identifies (a) as CO2 adsorption at 273 K.,co2_uptake,per gram of adsorbent,visible_marker,,,,,,,
fig10,x,fig10:x:co2-273k-ads-f57f0d76,CO2 273K ads,0.5753,bar,46.3058,cm³·g⁻¹,circle,none,#d36d70,false,high,503.48,96.58,assigned_by=joint_assignment; source=auto,pt-b2f744d7a94a34d9,src-c62fce8d5edfdae3,CO2,true,Legend entry 'a' is a red filled circle; caption explicitly identifies (a) as CO2 adsorption at 273 K.,co2_uptake,per gram of adsorbent,visible_marker,,,,,,,
fig10,x,fig10:x:co2-273k-ads-f57f0d76,CO2 273K ads,0.5758,bar,46.4693,cm³·g⁻¹,circle,none,#d36d70,false,low,503.74,94.95,assigned_by=joint_assignment; source=auto,pt-ed40973fde31dbe8,src-4f10275f88b142aa,CO2,true,Legend entry 'a' is a red filled circle; caption explicitly identifies (a) as CO2 adsorption at 273 K.,co2_uptake,per gram of adsorbent,visible_marker,,,,,,,
fig10,x,fig10:x:co2-273k-ads-f57f0d76,CO2 273K ads,0.578,bar,46.3641,cm³·g⁻¹,circle,none,#d36d70,false,medium,505.0,96.0,assigned_by=joint_assignment; source=auto,pt-baf591c3558e9b76,src-1b7da0867fbf9d7c,CO2,true,Legend entry 'a' is a red filled circle; caption explicitly identifies (a) as CO2 adsorption at 273 K.,co2_uptake,per gram of adsorbent,visible_marker,,,,,,,
fig10,x,fig10:x:co2-273k-ads-f57f0d76,CO2 273K ads,0.5846,bar,46.7459,cm³·g⁻¹,circle,none,#d36d70,false,high,508.8,92.2,assigned_by=joint_assignment; source=auto,pt-5a7e51f46867b85d,src-5c5a9bb3f4e04ad7,CO2,true,Legend entry 'a' is a red filled circle; caption explicitly identifies (a) as CO2 adsorption at 273 K.,co2_uptake,per gram of adsorbent,visible_marker,,,,,,,
fig10,x,fig10:x:co2-273k-ads-f57f0d76,CO2 273K ads,0.5866,bar,47.0673,cm³·g⁻¹,circle,none,#d36d70,false,medium,510.0,89.0,assigned_by=joint_assignment; source=auto,pt-22837d89c984ebcd,src-2955bf8ddab8aee3,CO2,true,Legend entry 'a' is a red filled circle; caption explicitly identifies (a) as CO2 adsorption at 273 K.,co2_uptake,per gram of adsorbent,visible_marker,,,,,,,
fig10,x,fig10:x:co2-273k-ads-f57f0d76,CO2 273K ads,0.5936,bar,46.8664,cm³·g⁻¹,circle,none,#d36d70,false,medium,514.0,91.0,assigned_by=joint_assignment; source=auto,pt-e22bf251f53c81bc,src-52e043b8e8700dad,CO2,true,Legend entry 'a' is a red filled circle; caption explicitly identifies (a) as CO2 adsorption at 273 K.,co2_uptake,per gram of adsorbent,visible_marker,,,,,,,
fig10,x,fig10:x:co2-273k-ads-f57f0d76,CO2 273K ads,0.5956,bar,46.8596,cm³·g⁻¹,circle,none,#d36d70,false,low,515.15,91.07,overlap_flag=true; assigned_by=joint_assignment; source=auto,pt-2e2db4e5f772bdfa,src-f2afaab664df662b,CO2,true,Legend entry 'a' is a red filled circle; caption explicitly identifies (a) as CO2 adsorption at 273 K.,co2_uptake,per gram of adsorbent,partially_visible_marker,,,,,,,
fig10,x,fig10:x:co2-273k-ads-f57f0d76,CO2 273K ads,0.5956,bar,46.5582,cm³·g⁻¹,circle,none,#d36d70,false,low,515.15,94.07,overlap_flag=true; assigned_by=joint_assignment; source=auto,pt-0398a6eb97afb6ae,src-158c302dbcd5fa34,CO2,true,Legend entry 'a' is a red filled circle; caption explicitly identifies (a) as CO2 adsorption at 273 K.,co2_uptake,per gram of adsorbent,partially_visible_marker,,,,,,,
fig10,x,fig10:x:co2-273k-ads-f57f0d76,CO2 273K ads,0.6029,bar,47.3918,cm³·g⁻¹,circle,none,#d36d70,false,low,519.37,85.77,overlap_flag=true; assigned_by=joint_assignment; source=auto,pt-c1aa53e54c77e223,src-0bbe38dece290d05,CO2,true,Legend entry 'a' is a red filled circle; caption explicitly identifies (a) as CO2 adsorption at 273 K.,co2_uptake,per gram of adsorbent,partially_visible_marker,,,,,,,
fig10,x,fig10:x:co2-273k-ads-f57f0d76,CO2 273K ads,0.6029,bar,47.0904,cm³·g⁻¹,circle,none,#d36d70,false,low,519.37,88.77,overlap_flag=true; assigned_by=joint_assignment; source=auto,pt-ae0c409d3e09e65d,src-f55307318d533adb,CO2,true,Legend entry 'a' is a red filled circle; caption explicitly identifies (a) as CO2 adsorption at 273 K.,co2_uptake,per gram of adsorbent,partially_visible_marker,,,,,,,
fig10,x,fig10:x:co2-273k-ads-f57f0d76,CO2 273K ads,0.6126,bar,47.871,cm³·g⁻¹,circle,none,#d36d70,false,medium,525.0,81.0,assigned_by=joint_assignment; source=auto,pt-368b4bf0c8a230ce,src-49e3a5d715875c45,CO2,true,Legend entry 'a' is a red filled circle; caption explicitly identifies (a) as CO2 adsorption at 273 K.,co2_uptake,per gram of adsorbent,visible_marker,,,,,,,
fig10,x,fig10:x:co2-273k-ads-f57f0d76,CO2 273K ads,0.6133,bar,47.5328,cm³·g⁻¹,circle,none,#d36d70,false,high,525.4,84.37,assigned_by=joint_assignment; source=auto,pt-39ef8dc763892f0d,src-b585b355ecdc47d7,CO2,true,Legend entry 'a' is a red filled circle; caption explicitly identifies (a) as CO2 adsorption at 273 K.,co2_uptake,per gram of adsorbent,visible_marker,,,,,,,
fig10,x,fig10:x:co2-273k-ads-f57f0d76,CO2 273K ads,0.6213,bar,47.2683,cm³·g⁻¹,circle,none,#d36d70,false,medium,530.0,87.0,assigned_by=joint_assignment; source=auto,pt-43ec71b319e5cf22,src-9ace846a91a7f0bd,CO2,true,Legend entry 'a' is a red filled circle; caption explicitly identifies (a) as CO2 adsorption at 273 K.,co2_uptake,per gram of adsorbent,visible_marker,,,,,,,
fig10,x,fig10:x:co2-273k-ads-f57f0d76,CO2 273K ads,0.6274,bar,47.4388,cm³·g⁻¹,circle,none,#d36d70,false,low,533.53,85.3,overlap_flag=true; assigned_by=joint_assignment; source=auto,pt-8b6b307540a3eab0,src-ade0a6506d63e56f,CO2,true,Legend entry 'a' is a red filled circle; caption explicitly identifies (a) as CO2 adsorption at 273 K.,co2_uptake,per gram of adsorbent,partially_visible_marker,,,,,,,
fig10,x,fig10:x:co2-273k-ads-f57f0d76,CO2 273K ads,0.6402,bar,48.0719,cm³·g⁻¹,circle,none,#d36d70,false,high,540.89,79.0,assigned_by=joint_assignment; source=auto,pt-b1539f913fa55919,src-057f93cce0b7410a,CO2,true,Legend entry 'a' is a red filled circle; caption explicitly identifies (a) as CO2 adsorption at 273 K.,co2_uptake,per gram of adsorbent,visible_marker,,,,,,,
fig10,x,fig10:x:co2-273k-ads-f57f0d76,CO2 273K ads,0.6403,bar,47.871,cm³·g⁻¹,circle,none,#d36d70,false,medium,541.0,81.0,assigned_by=joint_assignment; source=auto,pt-1556b1cafaea92d3,src-ebb5536855e43406,CO2,true,Legend entry 'a' is a red filled circle; caption explicitly identifies (a) as CO2 adsorption at 273 K.,co2_uptake,per gram of adsorbent,visible_marker,,,,,,,
fig10,x,fig10:x:co2-273k-ads-f57f0d76,CO2 273K ads,0.6435,bar,47.7329,cm³·g⁻¹,circle,none,#d36d70,false,low,542.83,82.37,assigned_by=joint_assignment; source=auto,pt-f1d89f9db8415d6d,src-2813b7e20afadab2,CO2,true,Legend entry 'a' is a red filled circle; caption explicitly identifies (a) as CO2 adsorption at 273 K.,co2_uptake,per gram of adsorbent,visible_marker,,,,,,,
fig10,x,fig10:x:co2-273k-ads-f57f0d76,CO2 273K ads,0.6455,bar,47.7705,cm³·g⁻¹,circle,none,#d36d70,false,medium,544.0,82.0,assigned_by=joint_assignment; source=auto,pt-70fe769ed35c16eb,src-e1ffde38c07182a5,CO2,true,Legend entry 'a' is a red filled circle; caption explicitly identifies (a) as CO2 adsorption at 273 K.,co2_uptake,per gram of adsorbent,visible_marker,,,,,,,
fig10,x,fig10:x:co2-273k-ads-f57f0d76,CO2 273K ads,0.649,bar,47.6701,cm³·g⁻¹,circle,none,#d36d70,false,medium,546.0,83.0,assigned_by=joint_assignment; source=auto,pt-90df5285dddbbc11,src-db35310644622bde,CO2,true,Legend entry 'a' is a red filled circle; caption explicitly identifies (a) as CO2 adsorption at 273 K.,co2_uptake,per gram of adsorbent,visible_marker,,,,,,,
fig10,x,fig10:x:co2-273k-ads-f57f0d76,CO2 273K ads,0.6494,bar,47.8463,cm³·g⁻¹,circle,none,#d36d70,false,low,546.22,81.25,assigned_by=joint_assignment; source=auto,pt-f0be3b99e53d97db,src-f972f211b1e8d7c4,CO2,true,Legend entry 'a' is a red filled circle; caption explicitly identifies (a) as CO2 adsorption at 273 K.,co2_uptake,per gram of adsorbent,visible_marker,,,,,,,
fig10,x,fig10:x:co2-273k-ads-f57f0d76,CO2 273K ads,0.6542,bar,47.8244,cm³·g⁻¹,circle,none,#d36d70,false,low,549.01,81.46,assigned_by=joint_assignment; source=auto,pt-90c9341d7990a851,src-cb929ec2f7747476,CO2,true,Legend entry 'a' is a red filled circle; caption explicitly identifies (a) as CO2 adsorption at 273 K.,co2_uptake,per gram of adsorbent,visible_marker,,,,,,,
fig10,x,fig10:x:co2-273k-ads-f57f0d76,CO2 273K ads,0.6577,bar,47.6701,cm³·g⁻¹,circle,none,#d36d70,false,medium,551.0,83.0,assigned_by=joint_assignment; source=auto,pt-e11f22c87478e4f2,src-1eae33f9df7dcdd9,CO2,true,Legend entry 'a' is a red filled circle; caption explicitly identifies (a) as CO2 adsorption at 273 K.,co2_uptake,per gram of adsorbent,visible_marker,,,,,,,
fig10,x,fig10:x:co2-273k-ads-f57f0d76,CO2 273K ads,0.666,bar,48.1445,cm³·g⁻¹,circle,none,#d36d70,false,high,555.83,78.28,assigned_by=joint_assignment; source=auto,pt-0cfcb1c3b80fd157,src-be77e622d3c85385,CO2,true,Legend entry 'a' is a red filled circle; caption explicitly identifies (a) as CO2 adsorption at 273 K.,co2_uptake,per gram of adsorbent,visible_marker,,,,,,,
fig10,x,fig10:x:co2-273k-ads-f57f0d76,CO2 273K ads,0.6667,bar,48.8397,cm³·g⁻¹,circle,none,#d36d70,false,high,556.21,71.36,assigned_by=joint_assignment; source=auto,pt-4193593105b1f65a,src-207a60f386b925e9,CO2,true,Legend entry 'a' is a red filled circle; caption explicitly identifies (a) as CO2 adsorption at 273 K.,co2_uptake,per gram of adsorbent,visible_marker,,,,,,,
fig10,x,fig10:x:co2-273k-ads-f57f0d76,CO2 273K ads,0.6681,bar,48.2728,cm³·g⁻¹,circle,none,#d36d70,false,medium,557.0,77.0,assigned_by=joint_assignment; source=auto,pt-4a880f38e3a271e7,src-5cf128ea483c3874,CO2,true,Legend entry 'a' is a red filled circle; caption explicitly identifies (a) as CO2 adsorption at 273 K.,co2_uptake,per gram of adsorbent,visible_marker,,,,,,,
fig10,x,fig10:x:co2-273k-ads-f57f0d76,CO2 273K ads,0.6715,bar,48.1724,cm³·g⁻¹,circle,none,#d36d70,false,medium,559.0,78.0,assigned_by=joint_assignment; source=auto,pt-e5102c815884e7e2,src-7eace8e5bcd3e64e,CO2,true,Legend entry 'a' is a red filled circle; caption explicitly identifies (a) as CO2 adsorption at 273 K.,co2_uptake,per gram of adsorbent,visible_marker,,,,,,,
fig10,x,fig10:x:co2-273k-ads-f57f0d76,CO2 273K ads,0.675,bar,48.0719,cm³·g⁻¹,circle,none,#d36d70,false,medium,561.0,79.0,assigned_by=joint_assignment; source=auto,pt-a0d75241937084eb,src-de10a76a23446dd7,CO2,true,Legend entry 'a' is a red filled circle; caption explicitly identifies (a) as CO2 adsorption at 273 K.,co2_uptake,per gram of adsorbent,visible_marker,,,,,,,
fig10,x,fig10:x:co2-273k-ads-f57f0d76,CO2 273K ads,0.6768,bar,48.2366,cm³·g⁻¹,circle,none,#d36d70,false,medium,562.04,77.36,assigned_by=joint_assignment; source=auto,pt-def5211568ab39c8,src-7efd811d359267e8,CO2,true,Legend entry 'a' is a red filled circle; caption explicitly identifies (a) as CO2 adsorption at 273 K.,co2_uptake,per gram of adsorbent,visible_marker,,,,,,,
fig10,x,fig10:x:co2-273k-ads-f57f0d76,CO2 273K ads,0.6854,bar,48.1872,cm³·g⁻¹,circle,none,#d36d70,false,low,567.01,77.85,assigned_by=joint_assignment; source=auto,pt-9c7ecc71b9d95940,src-13e6ed4a30129982,CO2,true,Legend entry 'a' is a red filled circle; caption explicitly identifies (a) as CO2 adsorption at 273 K.,co2_uptake,per gram of adsorbent,visible_marker,,,,,,,
fig10,x,fig10:x:co2-273k-ads-f57f0d76,CO2 273K ads,0.6923,bar,49.177,cm³·g⁻¹,circle,none,#d36d70,false,medium,571.0,68.0,assigned_by=joint_assignment; source=auto,pt-3773459d908458c6,src-f3f55e71146e248c,CO2,true,Legend entry 'a' is a red filled circle; caption explicitly identifies (a) as CO2 adsorption at 273 K.,co2_uptake,per gram of adsorbent,visible_marker,,,,,,,
fig10,x,fig10:x:co2-273k-ads-f57f0d76,CO2 273K ads,0.6925,bar,48.7145,cm³·g⁻¹,circle,none,#d36d70,false,medium,571.11,72.6,assigned_by=joint_assignment; source=auto,pt-0b4f70a86f310a4c,src-00d08382c6af197d,CO2,true,Legend entry 'a' is a red filled circle; caption explicitly identifies (a) as CO2 adsorption at 273 K.,co2_uptake,per gram of adsorbent,visible_marker,,,,,,,
fig10,x,fig10:x:co2-273k-ads-f57f0d76,CO2 273K ads,0.7039,bar,48.6567,cm³·g⁻¹,circle,none,#d36d70,false,low,577.7,73.18,overlap_flag=true; assigned_by=joint_assignment; source=auto,pt-f30bc00b64b448dc,src-e1b2b4ecacaac9a9,CO2,true,Legend entry 'a' is a red filled circle; caption explicitly identifies (a) as CO2 adsorption at 273 K.,co2_uptake,per gram of adsorbent,partially_visible_marker,,,,,,,
fig10,x,fig10:x:co2-273k-ads-f57f0d76,CO2 273K ads,0.7039,bar,48.3553,cm³·g⁻¹,circle,none,#d36d70,false,low,577.7,76.18,overlap_flag=true; assigned_by=joint_assignment; source=auto,pt-e09358916b807c77,src-0f9784d80cd7592f,CO2,true,Legend entry 'a' is a red filled circle; caption explicitly identifies (a) as CO2 adsorption at 273 K.,co2_uptake,per gram of adsorbent,partially_visible_marker,,,,,,,
fig10,x,fig10:x:co2-273k-ads-f57f0d76,CO2 273K ads,0.7189,bar,49.4999,cm³·g⁻¹,circle,none,#d36d70,false,high,586.36,64.79,assigned_by=joint_assignment; source=auto,pt-b44b045991ac98ed,src-c26361192f3b56fb,CO2,true,Legend entry 'a' is a red filled circle; caption explicitly identifies (a) as CO2 adsorption at 273 K.,co2_uptake,per gram of adsorbent,visible_marker,,,,,,,
fig10,x,fig10:x:co2-273k-ads-f57f0d76,CO2 273K ads,0.725,bar,48.8665,cm³·g⁻¹,circle,none,#d36d70,false,low,589.86,71.09,assigned_by=joint_assignment; source=auto,pt-aebebc157996af47,src-5a7d2482735214c7,CO2,true,Legend entry 'a' is a red filled circle; caption explicitly identifies (a) as CO2 adsorption at 273 K.,co2_uptake,per gram of adsorbent,visible_marker,,,,,,,
fig10,x,fig10:x:co2-273k-ads-f57f0d76,CO2 273K ads,0.7342,bar,49.0395,cm³·g⁻¹,circle,none,#d36d70,false,low,595.16,69.37,overlap_flag=true; assigned_by=joint_assignment; source=auto,pt-c0d67736053a0e2e,src-65ee11c0b2df7bbb,CO2,true,Legend entry 'a' is a red filled circle; caption explicitly identifies (a) as CO2 adsorption at 273 K.,co2_uptake,per gram of adsorbent,partially_visible_marker,,,,,,,
fig10,x,fig10:x:co2-273k-ads-f57f0d76,CO2 273K ads,0.7374,bar,48.8756,cm³·g⁻¹,circle,none,#d36d70,false,medium,597.0,71.0,assigned_by=joint_assignment; source=auto,pt-6232661d78789673,src-734420dd4912ff7c,CO2,true,Legend entry 'a' is a red filled circle; caption explicitly identifies (a) as CO2 adsorption at 273 K.,co2_uptake,per gram of adsorbent,visible_marker,,,,,,,
fig10,x,fig10:x:co2-273k-ads-f57f0d76,CO2 273K ads,0.7446,bar,49.3794,cm³·g⁻¹,circle,none,#d36d70,false,low,601.16,65.98,assigned_by=joint_assignment; source=auto,pt-262690ea461aefd1,src-a1da65050b8055d8,CO2,true,Legend entry 'a' is a red filled circle; caption explicitly identifies (a) as CO2 adsorption at 273 K.,co2_uptake,per gram of adsorbent,visible_marker,,,,,,,
fig10,x,fig10:x:co2-273k-ads-f57f0d76,CO2 273K ads,0.7467,bar,49.9681,cm³·g⁻¹,circle,none,#d36d70,false,high,602.38,60.12,assigned_by=joint_assignment; source=auto,pt-a3dbe9303887ff00,src-7bef53bcd8f18898,CO2,true,Legend entry 'a' is a red filled circle; caption explicitly identifies (a) as CO2 adsorption at 273 K.,co2_uptake,per gram of adsorbent,visible_marker,,,,,,,
fig10,x,fig10:x:co2-273k-ads-f57f0d76,CO2 273K ads,0.7512,bar,49.3779,cm³·g⁻¹,circle,none,#d36d70,false,medium,605.0,66.0,assigned_by=joint_assignment; source=auto,pt-ada81bce4989b865,src-f442bdc7916ee6fa,CO2,true,Legend entry 'a' is a red filled circle; caption explicitly identifies (a) as CO2 adsorption at 273 K.,co2_uptake,per gram of adsorbent,visible_marker,,,,,,,
fig10,x,fig10:x:co2-273k-ads-f57f0d76,CO2 273K ads,0.7547,bar,49.2774,cm³·g⁻¹,circle,none,#d36d70,false,medium,607.0,67.0,assigned_by=joint_assignment; source=auto,pt-c57ec9223073bd46,src-20058c9a496d23b2,CO2,true,Legend entry 'a' is a red filled circle; caption explicitly identifies (a) as CO2 adsorption at 273 K.,co2_uptake,per gram of adsorbent,visible_marker,,,,,,,
fig10,x,fig10:x:co2-273k-ads-f57f0d76,CO2 273K ads,0.7556,bar,49.4018,cm³·g⁻¹,circle,none,#d36d70,false,low,607.53,65.76,assigned_by=joint_assignment; source=auto,pt-372495a23d5e26c5,src-96266cbb2d35243e,CO2,true,Legend entry 'a' is a red filled circle; caption explicitly identifies (a) as CO2 adsorption at 273 K.,co2_uptake,per gram of adsorbent,visible_marker,,,,,,,
fig10,x,fig10:x:co2-273k-ads-f57f0d76,CO2 273K ads,0.7615,bar,49.4056,cm³·g⁻¹,circle,none,#d36d70,false,low,610.95,65.72,assigned_by=joint_assignment; source=auto,pt-c9c713cb1642e4fa,src-7968f4fbadf5bc77,CO2,true,Legend entry 'a' is a red filled circle; caption explicitly identifies (a) as CO2 adsorption at 273 K.,co2_uptake,per gram of adsorbent,visible_marker,,,,,,,
fig10,x,fig10:x:co2-273k-ads-f57f0d76,CO2 273K ads,0.7729,bar,50.2318,cm³·g⁻¹,circle,none,#d36d70,false,high,617.5,57.5,assigned_by=joint_assignment; source=auto,pt-a0ffd340b353564a,src-5d83bc041f596f52,CO2,true,Legend entry 'a' is a red filled circle; caption explicitly identifies (a) as CO2 adsorption at 273 K.,co2_uptake,per gram of adsorbent,visible_marker,,,,,,,
fig10,x,fig10:x:co2-273k-ads-f57f0d76,CO2 273K ads,0.7738,bar,49.8802,cm³·g⁻¹,circle,none,#d36d70,false,medium,618.0,61.0,assigned_by=joint_assignment; source=auto,pt-0f8d370fa494b16e,src-8b22bf38bd2851e1,CO2,true,Legend entry 'a' is a red filled circle; caption explicitly identifies (a) as CO2 adsorption at 273 K.,co2_uptake,per gram of adsorbent,visible_marker,,,,,,,
fig10,x,fig10:x:co2-273k-ads-f57f0d76,CO2 273K ads,0.7853,bar,49.7689,cm³·g⁻¹,circle,none,#d36d70,false,low,624.64,62.11,assigned_by=joint_assignment; source=auto,pt-135a451ba7d6e2e2,src-010873ecada45a40,CO2,true,Legend entry 'a' is a red filled circle; caption explicitly identifies (a) as CO2 adsorption at 273 K.,co2_uptake,per gram of adsorbent,visible_marker,,,,,,,
fig10,x,fig10:x:co2-273k-ads-f57f0d76,CO2 273K ads,0.8004,bar,50.6713,cm³·g⁻¹,circle,none,#d36d70,false,high,633.38,53.12,assigned_by=joint_assignment; source=auto,pt-0e105d4650db5718,src-b0c7d91c036f4ace,CO2,true,Legend entry 'a' is a red filled circle; caption explicitly identifies (a) as CO2 adsorption at 273 K.,co2_uptake,per gram of adsorbent,visible_marker,,,,,,,
fig10,x,fig10:x:co2-273k-ads-f57f0d76,CO2 273K ads,0.816,bar,50.0879,cm³·g⁻¹,circle,none,#d36d70,false,low,642.35,58.93,assigned_by=joint_assignment; source=auto,pt-8f5b888eae388289,src-1348fefa127b51e3,CO2,true,Legend entry 'a' is a red filled circle; caption explicitly identifies (a) as CO2 adsorption at 273 K.,co2_uptake,per gram of adsorbent,visible_marker,,,,,,,
fig10,x,fig10:x:co2-273k-ads-f57f0d76,CO2 273K ads,0.8188,bar,49.9806,cm³·g⁻¹,circle,none,#d36d70,false,medium,644.0,60.0,assigned_by=joint_assignment; source=auto,pt-ee1195ba13a800c0,src-7c1e1a82c397e488,CO2,true,Legend entry 'a' is a red filled circle; caption explicitly identifies (a) as CO2 adsorption at 273 K.,co2_uptake,per gram of adsorbent,visible_marker,,,,,,,
fig10,x,fig10:x:co2-273k-ads-f57f0d76,CO2 273K ads,0.8256,bar,50.4055,cm³·g⁻¹,circle,none,#d36d70,false,low,647.9,55.77,assigned_by=joint_assignment; source=auto,pt-f4be3e5219c486d5,src-a263171a21409208,CO2,true,Legend entry 'a' is a red filled circle; caption explicitly identifies (a) as CO2 adsorption at 273 K.,co2_uptake,per gram of adsorbent,visible_marker,,,,,,,
fig10,x,fig10:x:co2-273k-ads-f57f0d76,CO2 273K ads,0.8283,bar,50.6818,cm³·g⁻¹,circle,none,#d36d70,false,medium,649.45,53.02,assigned_by=joint_assignment; source=auto,pt-c6f6aaa110cbd440,src-0c3902cccc0f7d53,CO2,true,Legend entry 'a' is a red filled circle; caption explicitly identifies (a) as CO2 adsorption at 273 K.,co2_uptake,per gram of adsorbent,visible_marker,,,,,,,
fig10,x,fig10:x:co2-273k-ads-f57f0d76,CO2 273K ads,0.8361,bar,50.282,cm³·g⁻¹,circle,none,#d36d70,false,medium,654.0,57.0,assigned_by=joint_assignment; source=auto,pt-f86de91ced757b8a,src-433895a5fce49e69,CO2,true,Legend entry 'a' is a red filled circle; caption explicitly identifies (a) as CO2 adsorption at 273 K.,co2_uptake,per gram of adsorbent,visible_marker,,,,,,,
fig10,x,fig10:x:co2-273k-ads-f57f0d76,CO2 273K ads,0.838,bar,50.5604,cm³·g⁻¹,circle,none,#d36d70,false,low,655.06,54.23,overlap_flag=true; assigned_by=joint_assignment; source=auto,pt-9e0dad9c931e343b,src-c4d9499e42096e29,CO2,true,Legend entry 'a' is a red filled circle; caption explicitly identifies (a) as CO2 adsorption at 273 K.,co2_uptake,per gram of adsorbent,partially_visible_marker,,,,,,,
fig10,x,fig10:x:co2-273k-ads-f57f0d76,CO2 273K ads,0.8435,bar,50.471,cm³·g⁻¹,circle,none,#d36d70,false,low,658.27,55.12,assigned_by=joint_assignment; source=auto,pt-44359bf67dadf470,src-4bfb5f6964617b80,CO2,true,Legend entry 'a' is a red filled circle; caption explicitly identifies (a) as CO2 adsorption at 273 K.,co2_uptake,per gram of adsorbent,visible_marker,,,,,,,
fig10,x,fig10:x:co2-273k-ads-f57f0d76,CO2 273K ads,0.8528,bar,51.1175,cm³·g⁻¹,circle,none,#d36d70,false,low,663.59,48.68,assigned_by=joint_assignment; source=auto,pt-78c8ca18233e586f,src-644a19326dbf4c99,CO2,true,Legend entry 'a' is a red filled circle; caption explicitly identifies (a) as CO2 adsorption at 273 K.,co2_uptake,per gram of adsorbent,visible_marker,,,,,,,
fig10,x,fig10:x:co2-273k-ads-f57f0d76,CO2 273K ads,0.8551,bar,50.7064,cm³·g⁻¹,circle,none,#d36d70,false,medium,664.95,52.78,assigned_by=joint_assignment; source=auto,pt-6141f3e4ff9b72aa,src-d50b6e490343345f,CO2,true,Legend entry 'a' is a red filled circle; caption explicitly identifies (a) as CO2 adsorption at 273 K.,co2_uptake,per gram of adsorbent,visible_marker,,,,,,,
fig10,x,fig10:x:co2-273k-ads-f57f0d76,CO2 273K ads,0.8646,bar,50.7478,cm³·g⁻¹,circle,none,#d36d70,false,low,670.44,52.36,overlap_flag=true; assigned_by=joint_assignment; source=auto,pt-5b57e546dfca5ccb,src-9db9b46f6bed1020,CO2,true,Legend entry 'a' is a red filled circle; caption explicitly identifies (a) as CO2 adsorption at 273 K.,co2_uptake,per gram of adsorbent,partially_visible_marker,,,,,,,
fig10,x,fig10:x:co2-273k-ads-f57f0d76,CO2 273K ads,0.8803,bar,51.6382,cm³·g⁻¹,circle,none,#d36d70,false,high,679.5,43.5,assigned_by=joint_assignment; source=auto,pt-9b7e863c8ecdeb40,src-b7bc86ba451c8ef7,CO2,true,Legend entry 'a' is a red filled circle; caption explicitly identifies (a) as CO2 adsorption at 273 K.,co2_uptake,per gram of adsorbent,visible_marker,,,,,,,
fig10,x,fig10:x:co2-273k-ads-f57f0d76,CO2 273K ads,0.8812,bar,51.2866,cm³·g⁻¹,circle,none,#d36d70,false,medium,680.0,47.0,assigned_by=joint_assignment; source=auto,pt-002eeb9f724d5726,src-176af88a0964e0ec,CO2,true,Legend entry 'a' is a red filled circle; caption explicitly identifies (a) as CO2 adsorption at 273 K.,co2_uptake,per gram of adsorbent,visible_marker,,,,,,,
fig10,x,fig10:x:co2-273k-ads-f57f0d76,CO2 273K ads,0.8915,bar,51.0868,cm³·g⁻¹,circle,none,#d36d70,false,low,685.97,48.99,assigned_by=joint_assignment; source=auto,pt-310980508804f56d,src-42598f4744f7aa66,CO2,true,Legend entry 'a' is a red filled circle; caption explicitly identifies (a) as CO2 adsorption at 273 K.,co2_uptake,per gram of adsorbent,visible_marker,,,,,,,
fig10,x,fig10:x:co2-273k-ads-f57f0d76,CO2 273K ads,0.9063,bar,51.8391,cm³·g⁻¹,circle,none,#d36d70,false,high,694.5,41.5,assigned_by=joint_assignment; source=auto,pt-64572f8bc3c6e88a,src-73e5acb9e32e3c44,CO2,true,Legend entry 'a' is a red filled circle; caption explicitly identifies (a) as CO2 adsorption at 273 K.,co2_uptake,per gram of adsorbent,visible_marker,,,,,,,
fig10,x,fig10:x:co2-273k-ads-f57f0d76,CO2 273K ads,0.9072,bar,51.588,cm³·g⁻¹,circle,none,#d36d70,false,medium,695.0,44.0,assigned_by=joint_assignment; source=auto,pt-4f842c7da7e915ba,src-e8bfef55118df31e,CO2,true,Legend entry 'a' is a red filled circle; caption explicitly identifies (a) as CO2 adsorption at 273 K.,co2_uptake,per gram of adsorbent,visible_marker,,,,,,,
fig10,x,fig10:x:co2-273k-ads-f57f0d76,CO2 273K ads,0.9185,bar,51.4881,cm³·g⁻¹,circle,none,#d36d70,false,low,701.56,44.99,overlap_flag=true; assigned_by=joint_assignment; source=auto,pt-2e9ba7fffd669332,src-c5d3757166b47718,CO2,true,Legend entry 'a' is a red filled circle; caption explicitly identifies (a) as CO2 adsorption at 273 K.,co2_uptake,per gram of adsorbent,partially_visible_marker,,,,,,,
fig10,x,fig10:x:co2-273k-ads-f57f0d76,CO2 273K ads,0.9334,bar,52.0638,cm³·g⁻¹,circle,none,#d36d70,false,high,710.16,39.26,assigned_by=joint_assignment; source=auto,pt-5e508a40b632e7bf,src-cb038572dee08d25,CO2,true,Legend entry 'a' is a red filled circle; caption explicitly identifies (a) as CO2 adsorption at 273 K.,co2_uptake,per gram of adsorbent,visible_marker,,,,,,,
fig10,x,fig10:x:co2-273k-ads-f57f0d76,CO2 273K ads,0.944,bar,51.6604,cm³·g⁻¹,circle,none,#d36d70,false,low,716.26,43.28,overlap_flag=true; assigned_by=joint_assignment; source=auto,pt-1bccc1384e73ee7a,src-0a6062a35cc4de9c,CO2,true,Legend entry 'a' is a red filled circle; caption explicitly identifies (a) as CO2 adsorption at 273 K.,co2_uptake,per gram of adsorbent,partially_visible_marker,,,,,,,
fig10,x,fig10:x:co2-273k-ads-f57f0d76,CO2 273K ads,0.9813,bar,53.1542,cm³·g⁻¹,circle,none,#d36d70,false,high,737.77,28.41,assigned_by=joint_assignment; source=auto,pt-717ffa0e5253aded,src-b508d632820db88a,CO2,true,Legend entry 'a' is a red filled circle; caption explicitly identifies (a) as CO2 adsorption at 273 K.,co2_uptake,per gram of adsorbent,visible_marker,,,,,,,
fig10,x,fig10:x:co2-273k-ads-f57f0d76,CO2 273K ads,0.9987,bar,52.331,cm³·g⁻¹,circle,none,#d36d70,false,medium,747.83,36.6,assigned_by=joint_assignment; source=auto,pt-b54d2d9b198ac8a6,src-dcf11864df59608a,CO2,true,Legend entry 'a' is a red filled circle; caption explicitly identifies (a) as CO2 adsorption at 273 K.,co2_uptake,per gram of adsorbent,visible_marker,,,,,,,
fig10,x,fig10:x:co2-273k-ads-f57f0d76,CO2 273K ads,1.025,bar,52.6648,cm³·g⁻¹,circle,none,#d36d70,false,medium,763.02,33.28,assigned_by=joint_assignment; source=auto,pt-408ab81cdf232755,src-1ed869f821658b4f,CO2,true,Legend entry 'a' is a red filled circle; caption explicitly identifies (a) as CO2 adsorption at 273 K.,co2_uptake,per gram of adsorbent,visible_marker,,,,,,,
fig10,x,fig10:x:co2-273k-ads-f57f0d76,CO2 273K ads,1.0537,bar,52.8031,cm³·g⁻¹,circle,none,#d36d70,false,low,779.57,31.9,overlap_flag=true; assigned_by=joint_assignment; source=auto,pt-3ec6adbbf40f1797,src-c4f9ffa4ed89db7d,CO2,true,Legend entry 'a' is a red filled circle; caption explicitly identifies (a) as CO2 adsorption at 273 K.,co2_uptake,per gram of adsorbent,partially_visible_marker,,,,,,,
fig10,x,fig10:x:co2-273k-ads-f57f0d76,CO2 273K ads,1.0545,bar,53.2074,cm³·g⁻¹,circle,none,#d36d70,false,high,780.05,27.88,assigned_by=joint_assignment; source=auto,pt-5dc330683ad3ebdf,src-010c9b64936b7355,CO2,true,Legend entry 'a' is a red filled circle; caption explicitly identifies (a) as CO2 adsorption at 273 K.,co2_uptake,per gram of adsorbent,visible_marker,,,,,,,
fig10,x,fig10:x:co2-273k-des-18b23b2a,CO2 273K des,0.0319,bar,19.2874,cm³·g⁻¹,circle,none,#e56d66,false,low,189.85,365.53,overlap_flag=true; assigned_by=joint_assignment; source=auto,pt-e5fdd61415b00bef,src-8289a3e12130f5ef,CO2,true,Legend entry 'b' is a red open circle; caption explicitly identifies (b) as CO2 desorption at 273 K.,co2_uptake,per gram of adsorbent,partially_visible_marker,,,,,,,
fig10,x,fig10:x:co2-273k-des-18b23b2a,CO2 273K des,0.0322,bar,20.0441,cm³·g⁻¹,circle,none,#e56d66,false,medium,190.0,358.0,overlap_flag=true; assigned_by=joint_assignment; source=auto,pt-3f2f7633c033412a,src-756d9f8f661ae91e,CO2,true,Legend entry 'b' is a red open circle; caption explicitly identifies (b) as CO2 desorption at 273 K.,co2_uptake,per gram of adsorbent,partially_visible_marker,,,,,,,
fig10,x,fig10:x:co2-273k-des-18b23b2a,CO2 273K des,0.065,bar,24.8158,cm³·g⁻¹,circle,none,#e56d66,false,high,208.97,310.5,assigned_by=joint_assignment; source=auto,pt-7508c59a7c738776,src-0d7379bdcf238851,CO2,true,Legend entry 'b' is a red open circle; caption explicitly identifies (b) as CO2 desorption at 273 K.,co2_uptake,per gram of adsorbent,visible_marker,,,,,,,
fig10,x,fig10:x:co2-273k-des-18b23b2a,CO2 273K des,0.0894,bar,27.0761,cm³·g⁻¹,circle,none,#e56d66,false,medium,223.0,288.0,overlap_flag=true; assigned_by=joint_assignment; source=auto,pt-63e7bf82770f4ad9,src-12cb1f524997dc4a,CO2,true,Legend entry 'b' is a red open circle; caption explicitly identifies (b) as CO2 desorption at 273 K.,co2_uptake,per gram of adsorbent,partially_visible_marker,,,,,,,
fig10,x,fig10:x:co2-273k-des-18b23b2a,CO2 273K des,0.105,bar,28.583,cm³·g⁻¹,circle,none,#e56d66,false,medium,232.0,273.0,overlap_flag=true; assigned_by=joint_assignment; source=auto,pt-c9155168bd905dd8,src-51ee3e9a49214b6c,CO2,true,Legend entry 'b' is a red open circle; caption explicitly identifies (b) as CO2 desorption at 273 K.,co2_uptake,per gram of adsorbent,partially_visible_marker,,,,,,,
fig10,x,fig10:x:co2-273k-des-18b23b2a,CO2 273K des,0.2297,bar,36.7201,cm³·g⁻¹,circle,none,#e56d66,false,medium,304.0,192.0,overlap_flag=true; assigned_by=joint_assignment; source=auto,pt-8f7cc5651915d59b,src-58c83a2989fbdd8d,CO2,true,Legend entry 'b' is a red open circle; caption explicitly identifies (b) as CO2 desorption at 273 K.,co2_uptake,per gram of adsorbent,partially_visible_marker,,,,,,,
fig10,x,fig10:x:co2-273k-des-18b23b2a,CO2 273K des,0.2349,bar,37.0215,cm³·g⁻¹,circle,none,#e56d66,false,medium,307.0,189.0,overlap_flag=true; assigned_by=joint_assignment; source=auto,pt-4c7033c7d67dbeaa,src-b99c347212d6377b,CO2,true,Legend entry 'b' is a red open circle; caption explicitly identifies (b) as CO2 desorption at 273 K.,co2_uptake,per gram of adsorbent,partially_visible_marker,,,,,,,
fig10,x,fig10:x:co2-273k-des-18b23b2a,CO2 273K des,0.247,bar,37.9256,cm³·g⁻¹,circle,none,#e56d66,false,medium,314.0,180.0,overlap_flag=true; assigned_by=joint_assignment; source=auto,pt-08ed347ce993239b,src-1906255199df7108,CO2,true,Legend entry 'b' is a red open circle; caption explicitly identifies (b) as CO2 desorption at 273 K.,co2_uptake,per gram of adsorbent,partially_visible_marker,,,,,,,
fig10,x,fig10:x:co2-273k-des-18b23b2a,CO2 273K des,0.247,bar,37.6243,cm³·g⁻¹,circle,none,#e56d66,false,medium,314.0,183.0,overlap_flag=true; assigned_by=joint_assignment; source=auto,pt-890e7c5ad87dbfa6,src-bb458e2ebed3e2e2,CO2,true,Legend entry 'b' is a red open circle; caption explicitly identifies (b) as CO2 desorption at 273 K.,co2_uptake,per gram of adsorbent,partially_visible_marker,,,,,,,
fig10,x,fig10:x:co2-273k-des-18b23b2a,CO2 273K des,0.2955,bar,40.0353,cm³·g⁻¹,circle,none,#e56d66,false,medium,342.0,159.0,assigned_by=joint_assignment; source=auto,pt-439d0ed2ce285f05,src-010bbe0be44152d1,CO2,true,Legend entry 'b' is a red open circle; caption explicitly identifies (b) as CO2 desorption at 273 K.,co2_uptake,per gram of adsorbent,visible_marker,,,,,,,
fig10,x,fig10:x:co2-273k-des-18b23b2a,CO2 273K des,1.0226,bar,53.0689,cm³·g⁻¹,circle,none,#e56d66,false,low,761.61,29.26,assigned_by=joint_assignment; source=auto,pt-8887cb159e4573de,src-4e27ca4027038cf4,CO2,true,Legend entry 'b' is a red open circle; caption explicitly identifies (b) as CO2 desorption at 273 K.,co2_uptake,per gram of adsorbent,visible_marker,,,,,,,
fig10,x,fig10:x:co2-300k-ads-fa805fc0,CO2 300K ads,0.0045,bar,3.368,cm³·g⁻¹,circle,none,#364ba7,false,medium,174.0,524.0,overlap_flag=true; assigned_by=joint_assignment; source=auto,pt-39300003c4d13a7e,src-2bcaf2181585f472,CO2,true,Legend entry 'c' is a blue filled circle; caption explicitly identifies (c) as CO2 adsorption at 300 K.,co2_uptake,per gram of adsorbent,partially_visible_marker,,,,,,,
fig10,x,fig10:x:co2-300k-ads-fa805fc0,CO2 300K ads,0.0086,bar,3.3845,cm³·g⁻¹,circle,none,#364ba7,false,medium,176.38,523.84,assigned_by=joint_assignment; source=auto,pt-09b46bbe0b736e7e,src-3c28a9e897d87094,CO2,true,Legend entry 'c' is a blue filled circle; caption explicitly identifies (c) as CO2 adsorption at 300 K.,co2_uptake,per gram of adsorbent,visible_marker,,,,,,,
fig10,x,fig10:x:co2-300k-ads-fa805fc0,CO2 300K ads,0.046,bar,9.3955,cm³·g⁻¹,circle,none,#364ba7,false,medium,198.0,464.0,overlap_flag=true; assigned_by=joint_assignment; source=auto,pt-c41465069a6b49eb,src-85d01670dd540b63,CO2,true,Legend entry 'c' is a blue filled circle; caption explicitly identifies (c) as CO2 adsorption at 300 K.,co2_uptake,per gram of adsorbent,partially_visible_marker,,,,,,,
fig10,x,fig10:x:co2-300k-ads-fa805fc0,CO2 300K ads,0.0634,bar,13.4153,cm³·g⁻¹,circle,none,#364ba7,false,high,207.99,423.99,assigned_by=joint_assignment; source=auto,pt-629a04942bdeb42a,src-972b7b31df1d0178,CO2,true,Legend entry 'c' is a blue filled circle; caption explicitly identifies (c) as CO2 adsorption at 300 K.,co2_uptake,per gram of adsorbent,visible_marker,,,,,,,
fig10,x,fig10:x:co2-300k-ads-fa805fc0,CO2 300K ads,0.0671,bar,13.4116,cm³·g⁻¹,circle,none,#364ba7,false,medium,210.17,424.02,assigned_by=joint_assignment; source=auto,pt-4f5a6b2aeb9c090e,src-eca9037e3bf21b35,CO2,true,Legend entry 'c' is a blue filled circle; caption explicitly identifies (c) as CO2 adsorption at 300 K.,co2_uptake,per gram of adsorbent,visible_marker,,,,,,,
fig10,x,fig10:x:co2-300k-ads-fa805fc0,CO2 300K ads,0.0856,bar,16.6335,cm³·g⁻¹,circle,none,#364ba7,false,medium,220.83,391.95,assigned_by=joint_assignment; source=auto,pt-7d757d3d913bb774,src-bb087108a92f6f28,CO2,true,Legend entry 'c' is a blue filled circle; caption explicitly identifies (c) as CO2 adsorption at 300 K.,co2_uptake,per gram of adsorbent,visible_marker,,,,,,,
fig10,x,fig10:x:co2-300k-ads-fa805fc0,CO2 300K ads,0.0899,bar,16.5024,cm³·g⁻¹,circle,none,#364ba7,false,medium,223.32,393.25,assigned_by=joint_assignment; source=auto,pt-c678caa34001c6c1,src-f4f28882ea4cbf3c,CO2,true,Legend entry 'c' is a blue filled circle; caption explicitly identifies (c) as CO2 adsorption at 300 K.,co2_uptake,per gram of adsorbent,visible_marker,,,,,,,
fig10,x,fig10:x:co2-300k-ads-fa805fc0,CO2 300K ads,0.0929,bar,16.5149,cm³·g⁻¹,circle,none,#364ba7,false,medium,225.06,393.13,assigned_by=joint_assignment; source=auto,pt-5ed6d4f2a575667d,src-99f206ff5b6594ac,CO2,true,Legend entry 'c' is a blue filled circle; caption explicitly identifies (c) as CO2 adsorption at 300 K.,co2_uptake,per gram of adsorbent,visible_marker,,,,,,,
fig10,x,fig10:x:co2-300k-ads-fa805fc0,CO2 300K ads,0.1123,bar,19.143,cm³·g⁻¹,circle,none,#364ba7,false,medium,236.26,366.97,assigned_by=joint_assignment; source=auto,pt-d067853fc74063d7,src-42864cd253448eb9,CO2,true,Legend entry 'c' is a blue filled circle; caption explicitly identifies (c) as CO2 adsorption at 300 K.,co2_uptake,per gram of adsorbent,visible_marker,,,,,,,
fig10,x,fig10:x:co2-300k-ads-fa805fc0,CO2 300K ads,0.1174,bar,18.9857,cm³·g⁻¹,circle,none,#364ba7,false,medium,239.18,368.54,assigned_by=joint_assignment; source=auto,pt-47a93bc64d0bda81,src-35edf2cf51e14f8d,CO2,true,Legend entry 'c' is a blue filled circle; caption explicitly identifies (c) as CO2 adsorption at 300 K.,co2_uptake,per gram of adsorbent,visible_marker,,,,,,,
fig10,x,fig10:x:co2-300k-ads-fa805fc0,CO2 300K ads,0.1219,bar,19.0597,cm³·g⁻¹,circle,none,#364ba7,false,medium,241.79,367.8,assigned_by=joint_assignment; source=auto,pt-9042b52b32ba2d0d,src-320d12cd4f1835c6,CO2,true,Legend entry 'c' is a blue filled circle; caption explicitly identifies (c) as CO2 adsorption at 300 K.,co2_uptake,per gram of adsorbent,visible_marker,,,,,,,
fig10,x,fig10:x:co2-300k-ads-fa805fc0,CO2 300K ads,0.1395,bar,21.1178,cm³·g⁻¹,circle,none,#364ba7,false,low,251.95,347.31,assigned_by=joint_assignment; source=auto,pt-6487196ee2977508,src-78d4da8de9a77fa7,CO2,true,Legend entry 'c' is a blue filled circle; caption explicitly identifies (c) as CO2 adsorption at 300 K.,co2_uptake,per gram of adsorbent,visible_marker,,,,,,,
fig10,x,fig10:x:co2-300k-ads-fa805fc0,CO2 300K ads,0.1448,bar,21.0486,cm³·g⁻¹,circle,none,#364ba7,false,medium,255.0,348.0,assigned_by=joint_assignment; source=auto,pt-ae2155dfeb03ca35,src-e950b5068c44c6e1,CO2,true,Legend entry 'c' is a blue filled circle; caption explicitly identifies (c) as CO2 adsorption at 300 K.,co2_uptake,per gram of adsorbent,visible_marker,,,,,,,
fig10,x,fig10:x:co2-300k-ads-fa805fc0,CO2 300K ads,0.1499,bar,21.1099,cm³·g⁻¹,circle,none,#364ba7,false,low,257.95,347.39,assigned_by=joint_assignment; source=auto,pt-f549dd97262b6cb5,src-897375e1e77bdae7,CO2,true,Legend entry 'c' is a blue filled circle; caption explicitly identifies (c) as CO2 adsorption at 300 K.,co2_uptake,per gram of adsorbent,visible_marker,,,,,,,
fig10,x,fig10:x:co2-300k-ads-fa805fc0,CO2 300K ads,0.1659,bar,22.8946,cm³·g⁻¹,circle,none,#364ba7,false,low,267.17,329.62,assigned_by=joint_assignment; source=auto,pt-39c2ede92b3c3dfd,src-cbad639e1f81a700,CO2,true,Legend entry 'c' is a blue filled circle; caption explicitly identifies (c) as CO2 adsorption at 300 K.,co2_uptake,per gram of adsorbent,visible_marker,,,,,,,
fig10,x,fig10:x:co2-300k-ads-fa805fc0,CO2 300K ads,0.1691,bar,22.7564,cm³·g⁻¹,circle,none,#364ba7,false,medium,269.0,331.0,assigned_by=joint_assignment; source=auto,pt-4eabcea452c7ec57,src-716904b595488693,CO2,true,Legend entry 'c' is a blue filled circle; caption explicitly identifies (c) as CO2 adsorption at 300 K.,co2_uptake,per gram of adsorbent,visible_marker,,,,,,,
fig10,x,fig10:x:co2-300k-ads-fa805fc0,CO2 300K ads,0.1742,bar,22.7968,cm³·g⁻¹,circle,none,#364ba7,false,medium,271.98,330.6,assigned_by=joint_assignment; source=auto,pt-5dd0547b382df970,src-e224b997bddad827,CO2,true,Legend entry 'c' is a blue filled circle; caption explicitly identifies (c) as CO2 adsorption at 300 K.,co2_uptake,per gram of adsorbent,visible_marker,,,,,,,
fig10,x,fig10:x:co2-300k-ads-fa805fc0,CO2 300K ads,0.1777,bar,22.8569,cm³·g⁻¹,circle,none,#364ba7,false,medium,274.0,330.0,assigned_by=joint_assignment; source=auto,pt-497b8bbe63df2d75,src-90d549052f523ce6,CO2,true,Legend entry 'c' is a blue filled circle; caption explicitly identifies (c) as CO2 adsorption at 300 K.,co2_uptake,per gram of adsorbent,visible_marker,,,,,,,
fig10,x,fig10:x:co2-300k-ads-fa805fc0,CO2 300K ads,0.1937,bar,24.3286,cm³·g⁻¹,circle,none,#364ba7,false,medium,283.24,315.35,assigned_by=joint_assignment; source=auto,pt-b30f4580e3226dba,src-359358540035db0f,CO2,true,Legend entry 'c' is a blue filled circle; caption explicitly identifies (c) as CO2 adsorption at 300 K.,co2_uptake,per gram of adsorbent,visible_marker,,,,,,,
fig10,x,fig10:x:co2-300k-ads-fa805fc0,CO2 300K ads,0.1985,bar,24.2295,cm³·g⁻¹,circle,none,#364ba7,false,medium,286.0,316.34,assigned_by=joint_assignment; source=auto,pt-4e66a7b9ffa6ddb8,src-315eadff44bdc8d9,CO2,true,Legend entry 'c' is a blue filled circle; caption explicitly identifies (c) as CO2 adsorption at 300 K.,co2_uptake,per gram of adsorbent,visible_marker,,,,,,,
fig10,x,fig10:x:co2-300k-ads-fa805fc0,CO2 300K ads,0.202,bar,24.2633,cm³·g⁻¹,circle,none,#364ba7,false,medium,288.0,316.0,assigned_by=joint_assignment; source=auto,pt-1470dfefc0c3b48b,src-871a5fcac7e64c3b,CO2,true,Legend entry 'c' is a blue filled circle; caption explicitly identifies (c) as CO2 adsorption at 300 K.,co2_uptake,per gram of adsorbent,visible_marker,,,,,,,
fig10,x,fig10:x:co2-300k-ads-fa805fc0,CO2 300K ads,0.2124,bar,25.4688,cm³·g⁻¹,circle,none,#364ba7,false,medium,294.0,304.0,assigned_by=joint_assignment; source=auto,pt-49762ec171ba5ec2,src-c1fd445cd3ccf2f0,CO2,true,Legend entry 'c' is a blue filled circle; caption explicitly identifies (c) as CO2 adsorption at 300 K.,co2_uptake,per gram of adsorbent,visible_marker,,,,,,,
fig10,x,fig10:x:co2-300k-ads-fa805fc0,CO2 300K ads,0.2158,bar,25.5693,cm³·g⁻¹,circle,none,#364ba7,false,medium,296.0,303.0,assigned_by=joint_assignment; source=auto,pt-e93bb9914db5cca7,src-889c04366c8b2923,CO2,true,Legend entry 'c' is a blue filled circle; caption explicitly identifies (c) as CO2 adsorption at 300 K.,co2_uptake,per gram of adsorbent,visible_marker,,,,,,,
fig10,x,fig10:x:co2-300k-ads-fa805fc0,CO2 300K ads,0.2197,bar,25.5649,cm³·g⁻¹,circle,none,#364ba7,false,low,298.21,303.04,assigned_by=joint_assignment; source=auto,pt-5d1435ce95ccc88c,src-d12f9bfbc9efb45d,CO2,true,Legend entry 'c' is a blue filled circle; caption explicitly identifies (c) as CO2 adsorption at 300 K.,co2_uptake,per gram of adsorbent,visible_marker,,,,,,,
fig10,x,fig10:x:co2-300k-ads-fa805fc0,CO2 300K ads,0.2245,bar,25.4688,cm³·g⁻¹,circle,none,#364ba7,false,medium,301.0,304.0,assigned_by=joint_assignment; source=auto,pt-0c956caeb2d07393,src-b4b9e7bc87525086,CO2,true,Legend entry 'c' is a blue filled circle; caption explicitly identifies (c) as CO2 adsorption at 300 K.,co2_uptake,per gram of adsorbent,visible_marker,,,,,,,
fig10,x,fig10:x:co2-300k-ads-fa805fc0,CO2 300K ads,0.2301,bar,25.5454,cm³·g⁻¹,circle,none,#364ba7,false,medium,304.21,303.24,assigned_by=joint_assignment; source=auto,pt-0f169e0cdc494db0,src-c43d9a13e602b04f,CO2,true,Legend entry 'c' is a blue filled circle; caption explicitly identifies (c) as CO2 adsorption at 300 K.,co2_uptake,per gram of adsorbent,visible_marker,,,,,,,
fig10,x,fig10:x:co2-300k-ads-fa805fc0,CO2 300K ads,0.2384,bar,26.7748,cm³·g⁻¹,circle,none,#364ba7,false,medium,309.0,291.0,assigned_by=joint_assignment; source=auto,pt-9070944cfd17ed25,src-88323e2c11f8361c,CO2,true,Legend entry 'c' is a blue filled circle; caption explicitly identifies (c) as CO2 adsorption at 300 K.,co2_uptake,per gram of adsorbent,visible_marker,,,,,,,
fig10,x,fig10:x:co2-300k-ads-fa805fc0,CO2 300K ads,0.2418,bar,26.8752,cm³·g⁻¹,circle,none,#364ba7,false,medium,311.0,290.0,assigned_by=joint_assignment; source=auto,pt-40ab359bcc3eb862,src-0c74bf4abaf412e9,CO2,true,Legend entry 'c' is a blue filled circle; caption explicitly identifies (c) as CO2 adsorption at 300 K.,co2_uptake,per gram of adsorbent,visible_marker,,,,,,,
fig10,x,fig10:x:co2-300k-ads-fa805fc0,CO2 300K ads,0.2484,bar,26.6845,cm³·g⁻¹,circle,none,#364ba7,false,medium,314.79,291.9,assigned_by=joint_assignment; source=auto,pt-2467a50ac015beb8,src-35c6f3971d940777,CO2,true,Legend entry 'c' is a blue filled circle; caption explicitly identifies (c) as CO2 adsorption at 300 K.,co2_uptake,per gram of adsorbent,visible_marker,,,,,,,
fig10,x,fig10:x:co2-300k-ads-fa805fc0,CO2 300K ads,0.2522,bar,26.5738,cm³·g⁻¹,circle,none,#364ba7,false,medium,317.0,293.0,assigned_by=joint_assignment; source=auto,pt-56eecbbcd7b5c6ea,src-a4444895521a5e8e,CO2,true,Legend entry 'c' is a blue filled circle; caption explicitly identifies (c) as CO2 adsorption at 300 K.,co2_uptake,per gram of adsorbent,visible_marker,,,,,,,
fig10,x,fig10:x:co2-300k-ads-fa805fc0,CO2 300K ads,0.256,bar,26.6873,cm³·g⁻¹,circle,none,#364ba7,false,medium,319.17,291.87,assigned_by=joint_assignment; source=auto,pt-ef3e032415280433,src-2df0a06453f3286e,CO2,true,Legend entry 'c' is a blue filled circle; caption explicitly identifies (c) as CO2 adsorption at 300 K.,co2_uptake,per gram of adsorbent,visible_marker,,,,,,,
fig10,x,fig10:x:co2-300k-ads-fa805fc0,CO2 300K ads,0.2678,bar,27.8798,cm³·g⁻¹,circle,none,#364ba7,false,medium,326.0,280.0,assigned_by=joint_assignment; source=auto,pt-e092bd53d15680c9,src-8fc6c25f4c94b237,CO2,true,Legend entry 'c' is a blue filled circle; caption explicitly identifies (c) as CO2 adsorption at 300 K.,co2_uptake,per gram of adsorbent,visible_marker,,,,,,,
fig10,x,fig10:x:co2-300k-ads-fa805fc0,CO2 300K ads,0.2713,bar,27.7793,cm³·g⁻¹,circle,none,#364ba7,false,medium,328.0,281.0,assigned_by=joint_assignment; source=auto,pt-580e74df1039f770,src-d134709d011770fc,CO2,true,Legend entry 'c' is a blue filled circle; caption explicitly identifies (c) as CO2 adsorption at 300 K.,co2_uptake,per gram of adsorbent,visible_marker,,,,,,,
fig10,x,fig10:x:co2-300k-ads-fa805fc0,CO2 300K ads,0.2763,bar,27.7106,cm³·g⁻¹,circle,none,#364ba7,false,low,330.88,281.68,assigned_by=joint_assignment; source=auto,pt-6e9c65ebc069295f,src-41801475135dae46,CO2,true,Legend entry 'c' is a blue filled circle; caption explicitly identifies (c) as CO2 adsorption at 300 K.,co2_uptake,per gram of adsorbent,visible_marker,,,,,,,
fig10,x,fig10:x:co2-300k-ads-fa805fc0,CO2 300K ads,0.2813,bar,27.7008,cm³·g⁻¹,circle,none,#364ba7,false,medium,333.79,281.78,assigned_by=joint_assignment; source=auto,pt-d5303b4a6ec5b7a9,src-758dd8db4f071c29,CO2,true,Legend entry 'c' is a blue filled circle; caption explicitly identifies (c) as CO2 adsorption at 300 K.,co2_uptake,per gram of adsorbent,visible_marker,,,,,,,
fig10,x,fig10:x:co2-300k-ads-fa805fc0,CO2 300K ads,0.3032,bar,28.6016,cm³·g⁻¹,circle,none,#364ba7,false,medium,346.44,272.81,assigned_by=joint_assignment; source=auto,pt-2ccf3f6d75938e31,src-50ae44cfd1ff7053,CO2,true,Legend entry 'c' is a blue filled circle; caption explicitly identifies (c) as CO2 adsorption at 300 K.,co2_uptake,per gram of adsorbent,visible_marker,,,,,,,
fig10,x,fig10:x:co2-300k-ads-fa805fc0,CO2 300K ads,0.3079,bar,28.6146,cm³·g⁻¹,circle,none,#364ba7,false,low,349.15,272.69,assigned_by=joint_assignment; source=auto,pt-afb929976e62a90e,src-2715eb6cdaf52447,CO2,true,Legend entry 'c' is a blue filled circle; caption explicitly identifies (c) as CO2 adsorption at 300 K.,co2_uptake,per gram of adsorbent,visible_marker,,,,,,,
fig10,x,fig10:x:co2-300k-ads-fa805fc0,CO2 300K ads,0.3111,bar,28.583,cm³·g⁻¹,circle,none,#364ba7,false,medium,351.0,273.0,assigned_by=joint_assignment; source=auto,pt-6fed7470af8ae161,src-5dc8df7ce8e68fd8,CO2,true,Legend entry 'c' is a blue filled circle; caption explicitly identifies (c) as CO2 adsorption at 300 K.,co2_uptake,per gram of adsorbent,visible_marker,,,,,,,
fig10,x,fig10:x:co2-300k-ads-fa805fc0,CO2 300K ads,0.3267,bar,29.4871,cm³·g⁻¹,circle,none,#364ba7,false,medium,360.0,264.0,assigned_by=joint_assignment; source=auto,pt-e3a1fd4dcb0054af,src-b8832d709e3f9728,CO2,true,Legend entry 'c' is a blue filled circle; caption explicitly identifies (c) as CO2 adsorption at 300 K.,co2_uptake,per gram of adsorbent,visible_marker,,,,,,,
fig10,x,fig10:x:co2-300k-ads-fa805fc0,CO2 300K ads,0.3341,bar,29.5492,cm³·g⁻¹,circle,none,#364ba7,false,low,364.27,263.38,assigned_by=joint_assignment; source=auto,pt-7635976af10685ea,src-398043ba6d78afa9,CO2,true,Legend entry 'c' is a blue filled circle; caption explicitly identifies (c) as CO2 adsorption at 300 K.,co2_uptake,per gram of adsorbent,visible_marker,,,,,,,
fig10,x,fig10:x:co2-300k-ads-fa805fc0,CO2 300K ads,0.3354,bar,29.3867,cm³·g⁻¹,circle,none,#364ba7,false,medium,365.0,265.0,assigned_by=joint_assignment; source=auto,pt-58ad345d482de8af,src-811204fc7951b602,CO2,true,Legend entry 'c' is a blue filled circle; caption explicitly identifies (c) as CO2 adsorption at 300 K.,co2_uptake,per gram of adsorbent,visible_marker,,,,,,,
fig10,x,fig10:x:co2-300k-ads-fa805fc0,CO2 300K ads,0.3389,bar,29.4871,cm³·g⁻¹,circle,none,#364ba7,false,medium,367.0,264.0,assigned_by=joint_assignment; source=auto,pt-10c0dd0ac6584036,src-212e46eb7771aaad,CO2,true,Legend entry 'c' is a blue filled circle; caption explicitly identifies (c) as CO2 adsorption at 300 K.,co2_uptake,per gram of adsorbent,visible_marker,,,,,,,
fig10,x,fig10:x:co2-300k-ads-fa805fc0,CO2 300K ads,0.3458,bar,30.4917,cm³·g⁻¹,circle,none,#364ba7,false,medium,371.0,254.0,assigned_by=joint_assignment; source=auto,pt-f50d6f90bf309ae5,src-a43aa3b66997861f,CO2,true,Legend entry 'c' is a blue filled circle; caption explicitly identifies (c) as CO2 adsorption at 300 K.,co2_uptake,per gram of adsorbent,visible_marker,,,,,,,
fig10,x,fig10:x:co2-300k-ads-fa805fc0,CO2 300K ads,0.3564,bar,30.213,cm³·g⁻¹,circle,none,#364ba7,false,medium,377.11,256.77,assigned_by=joint_assignment; source=auto,pt-5f3764596a0d1926,src-447609aef5e2162e,CO2,true,Legend entry 'c' is a blue filled circle; caption explicitly identifies (c) as CO2 adsorption at 300 K.,co2_uptake,per gram of adsorbent,visible_marker,,,,,,,
fig10,x,fig10:x:co2-300k-ads-fa805fc0,CO2 300K ads,0.3608,bar,30.2097,cm³·g⁻¹,circle,none,#364ba7,false,low,379.64,256.81,assigned_by=joint_assignment; source=auto,pt-62fd083c32cb04d9,src-68ecbea7a386f728,CO2,true,Legend entry 'c' is a blue filled circle; caption explicitly identifies (c) as CO2 adsorption at 300 K.,co2_uptake,per gram of adsorbent,visible_marker,,,,,,,
fig10,x,fig10:x:co2-300k-ads-fa805fc0,CO2 300K ads,0.3718,bar,31.3958,cm³·g⁻¹,circle,none,#364ba7,false,medium,386.0,245.0,assigned_by=joint_assignment; source=auto,pt-404669c7bb37c878,src-d078b8a004704be1,CO2,true,Legend entry 'c' is a blue filled circle; caption explicitly identifies (c) as CO2 adsorption at 300 K.,co2_uptake,per gram of adsorbent,visible_marker,,,,,,,
fig10,x,fig10:x:co2-300k-ads-fa805fc0,CO2 300K ads,0.3735,bar,30.994,cm³·g⁻¹,circle,none,#364ba7,false,medium,387.0,249.0,assigned_by=joint_assignment; source=auto,pt-cd903a1c6f1280cd,src-2b6eeac780c9e597,CO2,true,Legend entry 'c' is a blue filled circle; caption explicitly identifies (c) as CO2 adsorption at 300 K.,co2_uptake,per gram of adsorbent,visible_marker,,,,,,,
fig10,x,fig10:x:co2-300k-ads-fa805fc0,CO2 300K ads,0.381,bar,30.9592,cm³·g⁻¹,circle,none,#364ba7,false,medium,391.32,249.35,assigned_by=joint_assignment; source=auto,pt-791c973c8af8c112,src-3a5053854fdd96c3,CO2,true,Legend entry 'c' is a blue filled circle; caption explicitly identifies (c) as CO2 adsorption at 300 K.,co2_uptake,per gram of adsorbent,visible_marker,,,,,,,
fig10,x,fig10:x:co2-300k-ads-fa805fc0,CO2 300K ads,0.3874,bar,30.9264,cm³·g⁻¹,circle,none,#364ba7,false,low,395.01,249.67,assigned_by=joint_assignment; source=auto,pt-eecd4bb799710aa1,src-3b9d09d359a4c4ac,CO2,true,Legend entry 'c' is a blue filled circle; caption explicitly identifies (c) as CO2 adsorption at 300 K.,co2_uptake,per gram of adsorbent,visible_marker,,,,,,,
fig10,x,fig10:x:co2-300k-ads-fa805fc0,CO2 300K ads,0.3995,bar,31.7977,cm³·g⁻¹,circle,none,#364ba7,false,medium,402.0,241.0,assigned_by=joint_assignment; source=auto,pt-97cfeece79d8f066,src-6b32df6398a7394d,CO2,true,Legend entry 'c' is a blue filled circle; caption explicitly identifies (c) as CO2 adsorption at 300 K.,co2_uptake,per gram of adsorbent,visible_marker,,,,,,,
fig10,x,fig10:x:co2-300k-ads-fa805fc0,CO2 300K ads,0.4047,bar,31.6972,cm³·g⁻¹,circle,none,#364ba7,false,medium,405.0,242.0,assigned_by=joint_assignment; source=auto,pt-d9ffe31c4df2859c,src-dd6c4a4a3921dc19,CO2,true,Legend entry 'c' is a blue filled circle; caption explicitly identifies (c) as CO2 adsorption at 300 K.,co2_uptake,per gram of adsorbent,visible_marker,,,,,,,
fig10,x,fig10:x:co2-300k-ads-fa805fc0,CO2 300K ads,0.409,bar,31.6581,cm³·g⁻¹,circle,none,#364ba7,false,medium,407.5,242.39,assigned_by=joint_assignment; source=auto,pt-95c51dee6ec57bc3,src-607133bd948bc8ca,CO2,true,Legend entry 'c' is a blue filled circle; caption explicitly identifies (c) as CO2 adsorption at 300 K.,co2_uptake,per gram of adsorbent,visible_marker,,,,,,,
fig10,x,fig10:x:co2-300k-ads-fa805fc0,CO2 300K ads,0.4162,bar,31.6615,cm³·g⁻¹,circle,none,#364ba7,false,medium,411.64,242.36,assigned_by=joint_assignment; source=auto,pt-bcf0900cf521f58e,src-13c9e2a792bf85cf,CO2,true,Legend entry 'c' is a blue filled circle; caption explicitly identifies (c) as CO2 adsorption at 300 K.,co2_uptake,per gram of adsorbent,visible_marker,,,,,,,
fig10,x,fig10:x:co2-300k-ads-fa805fc0,CO2 300K ads,0.4272,bar,32.4004,cm³·g⁻¹,circle,none,#364ba7,false,medium,418.0,235.0,assigned_by=joint_assignment; source=auto,pt-323b412f5749b666,src-fc8cc11581a631a4,CO2,true,Legend entry 'c' is a blue filled circle; caption explicitly identifies (c) as CO2 adsorption at 300 K.,co2_uptake,per gram of adsorbent,visible_marker,,,,,,,
fig10,x,fig10:x:co2-300k-ads-fa805fc0,CO2 300K ads,0.4374,bar,32.2364,cm³·g⁻¹,circle,none,#364ba7,false,low,423.88,236.63,assigned_by=joint_assignment; source=auto,pt-6143098545491fd2,src-830b625eccffb766,CO2,true,Legend entry 'c' is a blue filled circle; caption explicitly identifies (c) as CO2 adsorption at 300 K.,co2_uptake,per gram of adsorbent,visible_marker,,,,,,,
fig10,x,fig10:x:co2-300k-ads-fa805fc0,CO2 300K ads,0.4425,bar,32.2341,cm³·g⁻¹,circle,none,#364ba7,false,high,426.79,236.66,assigned_by=joint_assignment; source=auto,pt-75c6736aa4bdda98,src-96733112623eaa14,CO2,true,Legend entry 'c' is a blue filled circle; caption explicitly identifies (c) as CO2 adsorption at 300 K.,co2_uptake,per gram of adsorbent,visible_marker,,,,,,,
fig10,x,fig10:x:co2-300k-ads-fa805fc0,CO2 300K ads,0.4532,bar,33.0032,cm³·g⁻¹,circle,none,#364ba7,false,medium,433.0,229.0,assigned_by=joint_assignment; source=auto,pt-1a84300bf9da5f82,src-5b4400ea5b435f5a,CO2,true,Legend entry 'c' is a blue filled circle; caption explicitly identifies (c) as CO2 adsorption at 300 K.,co2_uptake,per gram of adsorbent,visible_marker,,,,,,,
fig10,x,fig10:x:co2-300k-ads-fa805fc0,CO2 300K ads,0.4601,bar,32.8023,cm³·g⁻¹,circle,none,#364ba7,false,medium,437.0,231.0,assigned_by=joint_assignment; source=auto,pt-5cc265bd2b467793,src-513cb1a7eef70cad,CO2,true,Legend entry 'c' is a blue filled circle; caption explicitly identifies (c) as CO2 adsorption at 300 K.,co2_uptake,per gram of adsorbent,visible_marker,,,,,,,
fig10,x,fig10:x:co2-300k-ads-fa805fc0,CO2 300K ads,0.4632,bar,32.819,cm³·g⁻¹,circle,none,#364ba7,false,medium,438.75,230.83,overlap_flag=true; assigned_by=joint_assignment; source=auto,pt-6bedffa5627accf1,src-a5b37fa985aa12fc,CO2,true,Legend entry 'c' is a blue filled circle; caption explicitly identifies (c) as CO2 adsorption at 300 K.,co2_uptake,per gram of adsorbent,partially_visible_marker,,,,,,,
fig10,x,fig10:x:co2-300k-ads-fa805fc0,CO2 300K ads,0.4692,bar,32.819,cm³·g⁻¹,circle,none,#364ba7,false,low,442.25,230.83,assigned_by=joint_assignment; source=auto,pt-96a4698e4ea5ef73,src-baa9deb53b621a86,CO2,true,Legend entry 'c' is a blue filled circle; caption explicitly identifies (c) as CO2 adsorption at 300 K.,co2_uptake,per gram of adsorbent,visible_marker,,,,,,,
fig10,x,fig10:x:co2-300k-ads-fa805fc0,CO2 300K ads,0.4723,bar,32.8023,cm³·g⁻¹,circle,none,#364ba7,false,medium,444.0,231.0,assigned_by=joint_assignment; source=auto,pt-c95ec5771c353b16,src-a907b003d55a9525,CO2,true,Legend entry 'c' is a blue filled circle; caption explicitly identifies (c) as CO2 adsorption at 300 K.,co2_uptake,per gram of adsorbent,visible_marker,,,,,,,
fig10,x,fig10:x:co2-300k-ads-fa805fc0,CO2 300K ads,0.4792,bar,33.9073,cm³·g⁻¹,circle,none,#364ba7,false,medium,448.0,220.0,assigned_by=joint_assignment; source=auto,pt-2c59365ad117c05f,src-3eb4f82d36acb63f,CO2,true,Legend entry 'c' is a blue filled circle; caption explicitly identifies (c) as CO2 adsorption at 300 K.,co2_uptake,per gram of adsorbent,visible_marker,,,,,,,
fig10,x,fig10:x:co2-300k-ads-fa805fc0,CO2 300K ads,0.4809,bar,33.5055,cm³·g⁻¹,circle,none,#364ba7,false,medium,449.0,224.0,assigned_by=joint_assignment; source=auto,pt-7d65933d7fc595c5,src-6d135d10efb9d3d7,CO2,true,Legend entry 'c' is a blue filled circle; caption explicitly identifies (c) as CO2 adsorption at 300 K.,co2_uptake,per gram of adsorbent,visible_marker,,,,,,,
fig10,x,fig10:x:co2-300k-ads-fa805fc0,CO2 300K ads,0.4886,bar,33.4456,cm³·g⁻¹,circle,none,#364ba7,false,medium,453.41,224.6,assigned_by=joint_assignment; source=auto,pt-1b956a5de4daef85,src-b8eb663d3d58c9aa,CO2,true,Legend entry 'c' is a blue filled circle; caption explicitly identifies (c) as CO2 adsorption at 300 K.,co2_uptake,per gram of adsorbent,visible_marker,,,,,,,
fig10,x,fig10:x:co2-300k-ads-fa805fc0,CO2 300K ads,0.4913,bar,33.3046,cm³·g⁻¹,circle,none,#364ba7,false,medium,455.0,226.0,assigned_by=joint_assignment; source=auto,pt-7a60059d017bdc51,src-1e1e9bf935743035,CO2,true,Legend entry 'c' is a blue filled circle; caption explicitly identifies (c) as CO2 adsorption at 300 K.,co2_uptake,per gram of adsorbent,visible_marker,,,,,,,
fig10,x,fig10:x:co2-300k-ads-fa805fc0,CO2 300K ads,0.4942,bar,33.3944,cm³·g⁻¹,circle,none,#364ba7,false,low,456.67,225.11,assigned_by=joint_assignment; source=auto,pt-99cbd7d9fde0cf9c,src-4769c4f37c46e9d3,CO2,true,Legend entry 'c' is a blue filled circle; caption explicitly identifies (c) as CO2 adsorption at 300 K.,co2_uptake,per gram of adsorbent,visible_marker,,,,,,,
fig10,x,fig10:x:co2-300k-ads-fa805fc0,CO2 300K ads,0.4983,bar,33.405,cm³·g⁻¹,circle,none,#364ba7,false,medium,459.0,225.0,assigned_by=joint_assignment; source=auto,pt-5b6c96d70392cc7a,src-0df48c02a83e59b8,CO2,true,Legend entry 'c' is a blue filled circle; caption explicitly identifies (c) as CO2 adsorption at 300 K.,co2_uptake,per gram of adsorbent,visible_marker,,,,,,,
fig10,x,fig10:x:co2-300k-ads-fa805fc0,CO2 300K ads,0.5069,bar,34.1082,cm³·g⁻¹,circle,none,#364ba7,false,medium,464.0,218.0,assigned_by=joint_assignment; source=auto,pt-3359d95c4e959f92,src-0f406f2aa5da3ae9,CO2,true,Legend entry 'c' is a blue filled circle; caption explicitly identifies (c) as CO2 adsorption at 300 K.,co2_uptake,per gram of adsorbent,visible_marker,,,,,,,
fig10,x,fig10:x:co2-300k-ads-fa805fc0,CO2 300K ads,0.5142,bar,33.9519,cm³·g⁻¹,circle,none,#364ba7,false,medium,468.22,219.56,assigned_by=joint_assignment; source=auto,pt-5142e2e59db9a715,src-c2fe1558d960418a,CO2,true,Legend entry 'c' is a blue filled circle; caption explicitly identifies (c) as CO2 adsorption at 300 K.,co2_uptake,per gram of adsorbent,visible_marker,,,,,,,
fig10,x,fig10:x:co2-300k-ads-fa805fc0,CO2 300K ads,0.5191,bar,33.8068,cm³·g⁻¹,circle,none,#364ba7,false,medium,471.0,221.0,assigned_by=joint_assignment; source=auto,pt-a5a6d0544f2e508e,src-26fd88592e600964,CO2,true,Legend entry 'c' is a blue filled circle; caption explicitly identifies (c) as CO2 adsorption at 300 K.,co2_uptake,per gram of adsorbent,visible_marker,,,,,,,
fig10,x,fig10:x:co2-300k-ads-fa805fc0,CO2 300K ads,0.5222,bar,33.8741,cm³·g⁻¹,circle,none,#364ba7,false,low,472.8,220.33,assigned_by=joint_assignment; source=auto,pt-d9ab3c316e42ed8d,src-a048b6a2d1b88e0a,CO2,true,Legend entry 'c' is a blue filled circle; caption explicitly identifies (c) as CO2 adsorption at 300 K.,co2_uptake,per gram of adsorbent,visible_marker,,,,,,,
fig10,x,fig10:x:co2-300k-ads-fa805fc0,CO2 300K ads,0.526,bar,33.9073,cm³·g⁻¹,circle,none,#364ba7,false,medium,475.0,220.0,assigned_by=joint_assignment; source=auto,pt-fc942e8c1d4e62cd,src-d37be3c5b921d54f,CO2,true,Legend entry 'c' is a blue filled circle; caption explicitly identifies (c) as CO2 adsorption at 300 K.,co2_uptake,per gram of adsorbent,visible_marker,,,,,,,
fig10,x,fig10:x:co2-300k-ads-fa805fc0,CO2 300K ads,0.5347,bar,34.6105,cm³·g⁻¹,circle,none,#364ba7,false,medium,480.0,213.0,assigned_by=joint_assignment; source=auto,pt-91a48a36fe61023d,src-ec43e33f61b781a6,CO2,true,Legend entry 'c' is a blue filled circle; caption explicitly identifies (c) as CO2 adsorption at 300 K.,co2_uptake,per gram of adsorbent,visible_marker,,,,,,,
fig10,x,fig10:x:co2-300k-ads-fa805fc0,CO2 300K ads,0.5441,bar,34.4227,cm³·g⁻¹,circle,none,#364ba7,false,medium,485.45,214.87,assigned_by=joint_assignment; source=auto,pt-031ce4943b6bfb23,src-84def9efa7e12fc8,CO2,true,Legend entry 'c' is a blue filled circle; caption explicitly identifies (c) as CO2 adsorption at 300 K.,co2_uptake,per gram of adsorbent,visible_marker,,,,,,,
fig10,x,fig10:x:co2-300k-ads-fa805fc0,CO2 300K ads,0.5495,bar,34.4227,cm³·g⁻¹,circle,none,#364ba7,false,medium,488.55,214.87,assigned_by=joint_assignment; source=auto,pt-fffe3556edca0f6c,src-d2a080620a541d8b,CO2,true,Legend entry 'c' is a blue filled circle; caption explicitly identifies (c) as CO2 adsorption at 300 K.,co2_uptake,per gram of adsorbent,visible_marker,,,,,,,
fig10,x,fig10:x:co2-300k-ads-fa805fc0,CO2 300K ads,0.5606,bar,35.0123,cm³·g⁻¹,circle,none,#364ba7,false,medium,495.0,209.0,assigned_by=joint_assignment; source=auto,pt-f8996ac608f40925,src-ac209d54d25e3465,CO2,true,Legend entry 'c' is a blue filled circle; caption explicitly identifies (c) as CO2 adsorption at 300 K.,co2_uptake,per gram of adsorbent,visible_marker,,,,,,,
fig10,x,fig10:x:co2-300k-ads-fa805fc0,CO2 300K ads,0.57,bar,34.8375,cm³·g⁻¹,circle,none,#364ba7,false,medium,500.41,210.74,assigned_by=joint_assignment; source=auto,pt-35e98bbc85dc3b75,src-53dc4b998765b335,CO2,true,Legend entry 'c' is a blue filled circle; caption explicitly identifies (c) as CO2 adsorption at 300 K.,co2_uptake,per gram of adsorbent,visible_marker,,,,,,,
fig10,x,fig10:x:co2-300k-ads-fa805fc0,CO2 300K ads,0.5751,bar,34.8345,cm³·g⁻¹,circle,none,#364ba7,false,low,503.32,210.77,assigned_by=joint_assignment; source=auto,pt-0ac0c41742b8bb6a,src-27fa6ea1ee17aaa3,CO2,true,Legend entry 'c' is a blue filled circle; caption explicitly identifies (c) as CO2 adsorption at 300 K.,co2_uptake,per gram of adsorbent,visible_marker,,,,,,,
fig10,x,fig10:x:co2-300k-ads-fa805fc0,CO2 300K ads,0.578,bar,34.8114,cm³·g⁻¹,circle,none,#364ba7,false,medium,505.0,211.0,assigned_by=joint_assignment; source=auto,pt-950a8716669ecc63,src-f37b3346f80c716e,CO2,true,Legend entry 'c' is a blue filled circle; caption explicitly identifies (c) as CO2 adsorption at 300 K.,co2_uptake,per gram of adsorbent,visible_marker,,,,,,,
fig10,x,fig10:x:co2-300k-ads-fa805fc0,CO2 300K ads,0.5953,bar,35.3137,cm³·g⁻¹,circle,none,#364ba7,false,medium,515.0,206.0,assigned_by=joint_assignment; source=auto,pt-0f15983334781245,src-d6aa512c5a7feaa3,CO2,true,Legend entry 'c' is a blue filled circle; caption explicitly identifies (c) as CO2 adsorption at 300 K.,co2_uptake,per gram of adsorbent,visible_marker,,,,,,,
fig10,x,fig10:x:co2-300k-ads-fa805fc0,CO2 300K ads,0.604,bar,35.405,cm³·g⁻¹,circle,none,#364ba7,false,low,520.03,205.09,assigned_by=joint_assignment; source=auto,pt-50ee784a9d964c39,src-5c36bbaead5b61f9,CO2,true,Legend entry 'c' is a blue filled circle; caption explicitly identifies (c) as CO2 adsorption at 300 K.,co2_uptake,per gram of adsorbent,visible_marker,,,,,,,
fig10,x,fig10:x:co2-300k-ads-fa805fc0,CO2 300K ads,0.6144,bar,35.9165,cm³·g⁻¹,circle,none,#364ba7,false,medium,526.0,200.0,assigned_by=joint_assignment; source=auto,pt-0e1c06278c16823f,src-422741d374889f9b,CO2,true,Legend entry 'c' is a blue filled circle; caption explicitly identifies (c) as CO2 adsorption at 300 K.,co2_uptake,per gram of adsorbent,visible_marker,,,,,,,
fig10,x,fig10:x:co2-300k-ads-fa805fc0,CO2 300K ads,0.6196,bar,35.816,cm³·g⁻¹,circle,none,#364ba7,false,medium,529.0,201.0,assigned_by=joint_assignment; source=auto,pt-7b2279d2decc3059,src-0cf1f43e79443199,CO2,true,Legend entry 'c' is a blue filled circle; caption explicitly identifies (c) as CO2 adsorption at 300 K.,co2_uptake,per gram of adsorbent,visible_marker,,,,,,,
fig10,x,fig10:x:co2-300k-ads-fa805fc0,CO2 300K ads,0.6247,bar,35.7483,cm³·g⁻¹,circle,none,#364ba7,false,medium,531.99,201.67,assigned_by=joint_assignment; source=auto,pt-184664e4f4ac0239,src-5625d5631b0bb618,CO2,true,Legend entry 'c' is a blue filled circle; caption explicitly identifies (c) as CO2 adsorption at 300 K.,co2_uptake,per gram of adsorbent,visible_marker,,,,,,,
fig10,x,fig10:x:co2-300k-ads-fa805fc0,CO2 300K ads,0.6334,bar,35.816,cm³·g⁻¹,circle,none,#364ba7,false,medium,537.0,201.0,assigned_by=joint_assignment; source=auto,pt-dead96d3fe5f0b04,src-23dd7ea241c13dbe,CO2,true,Legend entry 'c' is a blue filled circle; caption explicitly identifies (c) as CO2 adsorption at 300 K.,co2_uptake,per gram of adsorbent,visible_marker,,,,,,,
fig10,x,fig10:x:co2-300k-ads-fa805fc0,CO2 300K ads,0.6403,bar,36.4188,cm³·g⁻¹,circle,none,#364ba7,false,medium,541.0,195.0,assigned_by=joint_assignment; source=auto,pt-40b2442ebb396fe7,src-0bb8ec8122ca75da,CO2,true,Legend entry 'c' is a blue filled circle; caption explicitly identifies (c) as CO2 adsorption at 300 K.,co2_uptake,per gram of adsorbent,visible_marker,,,,,,,
fig10,x,fig10:x:co2-300k-ads-fa805fc0,CO2 300K ads,0.6501,bar,36.1863,cm³·g⁻¹,circle,none,#364ba7,false,medium,546.63,197.31,assigned_by=joint_assignment; source=auto,pt-181bbe02fede3d6c,src-10b1771c3ed3997b,CO2,true,Legend entry 'c' is a blue filled circle; caption explicitly identifies (c) as CO2 adsorption at 300 K.,co2_uptake,per gram of adsorbent,visible_marker,,,,,,,
fig10,x,fig10:x:co2-300k-ads-fa805fc0,CO2 300K ads,0.6547,bar,36.2312,cm³·g⁻¹,circle,none,#364ba7,false,low,549.31,196.87,assigned_by=joint_assignment; source=auto,pt-67cc751435d27ba1,src-19a238a4db23e494,CO2,true,Legend entry 'c' is a blue filled circle; caption explicitly identifies (c) as CO2 adsorption at 300 K.,co2_uptake,per gram of adsorbent,visible_marker,,,,,,,
fig10,x,fig10:x:co2-300k-ads-fa805fc0,CO2 300K ads,0.6577,bar,36.1174,cm³·g⁻¹,circle,none,#364ba7,false,medium,551.0,198.0,assigned_by=joint_assignment; source=auto,pt-63fc2122252105b4,src-dc63b07c4a9d6b8a,CO2,true,Legend entry 'c' is a blue filled circle; caption explicitly identifies (c) as CO2 adsorption at 300 K.,co2_uptake,per gram of adsorbent,visible_marker,,,,,,,
fig10,x,fig10:x:co2-300k-ads-fa805fc0,CO2 300K ads,0.6941,bar,37.122,cm³·g⁻¹,circle,none,#364ba7,false,medium,572.0,188.0,assigned_by=joint_assignment; source=auto,pt-148649464f3da016,src-693a0124262bdebc,CO2,true,Legend entry 'c' is a blue filled circle; caption explicitly identifies (c) as CO2 adsorption at 300 K.,co2_uptake,per gram of adsorbent,visible_marker,,,,,,,
fig10,x,fig10:x:co2-300k-ads-fa805fc0,CO2 300K ads,0.701,bar,36.921,cm³·g⁻¹,circle,none,#364ba7,false,medium,576.0,190.0,assigned_by=joint_assignment; source=auto,pt-9ceac2d871c9e443,src-4b72c57732330ad2,CO2,true,Legend entry 'c' is a blue filled circle; caption explicitly identifies (c) as CO2 adsorption at 300 K.,co2_uptake,per gram of adsorbent,visible_marker,,,,,,,
fig10,x,fig10:x:co2-300k-ads-fa805fc0,CO2 300K ads,0.7054,bar,36.9354,cm³·g⁻¹,circle,none,#364ba7,false,low,578.55,189.86,assigned_by=joint_assignment; source=auto,pt-15fb0442ce7d1e79,src-1e79c970c92c4163,CO2,true,Legend entry 'c' is a blue filled circle; caption explicitly identifies (c) as CO2 adsorption at 300 K.,co2_uptake,per gram of adsorbent,visible_marker,,,,,,,
fig10,x,fig10:x:co2-300k-ads-fa805fc0,CO2 300K ads,0.7114,bar,36.921,cm³·g⁻¹,circle,none,#364ba7,false,medium,582.0,190.0,assigned_by=joint_assignment; source=auto,pt-bdd2900ae06a0c8d,src-d97a65e88d911ca9,CO2,true,Legend entry 'c' is a blue filled circle; caption explicitly identifies (c) as CO2 adsorption at 300 K.,co2_uptake,per gram of adsorbent,visible_marker,,,,,,,
fig10,x,fig10:x:co2-300k-ads-fa805fc0,CO2 300K ads,0.72,bar,37.4233,cm³·g⁻¹,circle,none,#364ba7,false,medium,587.0,185.0,assigned_by=joint_assignment; source=auto,pt-58361390aa23e38e,src-60ab5c9667d60161,CO2,true,Legend entry 'c' is a blue filled circle; caption explicitly identifies (c) as CO2 adsorption at 300 K.,co2_uptake,per gram of adsorbent,visible_marker,,,,,,,
fig10,x,fig10:x:co2-300k-ads-fa805fc0,CO2 300K ads,0.7281,bar,37.3378,cm³·g⁻¹,circle,none,#364ba7,false,medium,591.64,185.85,assigned_by=joint_assignment; source=auto,pt-4f9add959dd6ea04,src-acef73fd3eb120c8,CO2,true,Legend entry 'c' is a blue filled circle; caption explicitly identifies (c) as CO2 adsorption at 300 K.,co2_uptake,per gram of adsorbent,visible_marker,,,,,,,
fig10,x,fig10:x:co2-300k-ads-fa805fc0,CO2 300K ads,0.7347,bar,37.2557,cm³·g⁻¹,circle,none,#364ba7,false,medium,595.48,186.67,assigned_by=joint_assignment; source=auto,pt-f18a6f90dff9df81,src-7574c4e3f47c85ea,CO2,true,Legend entry 'c' is a blue filled circle; caption explicitly identifies (c) as CO2 adsorption at 300 K.,co2_uptake,per gram of adsorbent,visible_marker,,,,,,,
fig10,x,fig10:x:co2-300k-ads-fa805fc0,CO2 300K ads,0.7478,bar,37.9256,cm³·g⁻¹,circle,none,#364ba7,false,medium,603.0,180.0,assigned_by=joint_assignment; source=auto,pt-428e6f6385cef21d,src-d7163c27cba43bcf,CO2,true,Legend entry 'c' is a blue filled circle; caption explicitly identifies (c) as CO2 adsorption at 300 K.,co2_uptake,per gram of adsorbent,visible_marker,,,,,,,
fig10,x,fig10:x:co2-300k-ads-fa805fc0,CO2 300K ads,0.7562,bar,37.7155,cm³·g⁻¹,circle,none,#364ba7,false,low,607.85,182.09,assigned_by=joint_assignment; source=auto,pt-edd27d19cd65ba3c,src-42c05cb10d9eb4b7,CO2,true,Legend entry 'c' is a blue filled circle; caption explicitly identifies (c) as CO2 adsorption at 300 K.,co2_uptake,per gram of adsorbent,visible_marker,,,,,,,
fig10,x,fig10:x:co2-300k-ads-fa805fc0,CO2 300K ads,0.7866,bar,37.9906,cm³·g⁻¹,circle,none,#364ba7,false,low,625.42,179.35,assigned_by=joint_assignment; source=auto,pt-e7aeff777452bc7f,src-51c327f02c429d8f,CO2,true,Legend entry 'c' is a blue filled circle; caption explicitly identifies (c) as CO2 adsorption at 300 K.,co2_uptake,per gram of adsorbent,visible_marker,,,,,,,
fig10,x,fig10:x:co2-300k-ads-fa805fc0,CO2 300K ads,0.7998,bar,38.6288,cm³·g⁻¹,circle,none,#364ba7,false,medium,633.0,173.0,assigned_by=joint_assignment; source=auto,pt-52e875df33bdc702,src-415dccea6eb4ffa4,CO2,true,Legend entry 'c' is a blue filled circle; caption explicitly identifies (c) as CO2 adsorption at 300 K.,co2_uptake,per gram of adsorbent,visible_marker,,,,,,,
fig10,x,fig10:x:co2-300k-ads-fa805fc0,CO2 300K ads,0.8114,bar,38.3837,cm³·g⁻¹,circle,none,#364ba7,false,low,639.7,175.44,assigned_by=joint_assignment; source=auto,pt-4ca0c6e6b6b1e0ee,src-d25db50d7a9a1cac,CO2,true,Legend entry 'c' is a blue filled circle; caption explicitly identifies (c) as CO2 adsorption at 300 K.,co2_uptake,per gram of adsorbent,visible_marker,,,,,,,
fig10,x,fig10:x:co2-300k-ads-fa805fc0,CO2 300K ads,0.8275,bar,38.9302,cm³·g⁻¹,circle,none,#364ba7,false,medium,649.0,170.0,assigned_by=joint_assignment; source=auto,pt-9aa9340cf295a2bc,src-62a16ba8fa08ee31,CO2,true,Legend entry 'c' is a blue filled circle; caption explicitly identifies (c) as CO2 adsorption at 300 K.,co2_uptake,per gram of adsorbent,visible_marker,,,,,,,
fig10,x,fig10:x:co2-300k-ads-fa805fc0,CO2 300K ads,0.8389,bar,38.5933,cm³·g⁻¹,circle,none,#364ba7,false,medium,655.58,173.35,assigned_by=joint_assignment; source=auto,pt-657b33b0e3a23022,src-b87a1048ad092368,CO2,true,Legend entry 'c' is a blue filled circle; caption explicitly identifies (c) as CO2 adsorption at 300 K.,co2_uptake,per gram of adsorbent,visible_marker,,,,,,,
fig10,x,fig10:x:co2-300k-ads-fa805fc0,CO2 300K ads,0.9903,bar,40.9394,cm³·g⁻¹,circle,none,#364ba7,false,medium,743.0,150.0,assigned_by=joint_assignment; source=auto,pt-353f13e87c866bca,src-51a6ce18a8eb2691,CO2,true,Legend entry 'c' is a blue filled circle; caption explicitly identifies (c) as CO2 adsorption at 300 K.,co2_uptake,per gram of adsorbent,visible_marker,,,,,,,
fig10,x,fig10:x:co2-300k-ads-fa805fc0,CO2 300K ads,0.9903,bar,40.7385,cm³·g⁻¹,circle,none,#364ba7,false,medium,743.0,152.0,assigned_by=joint_assignment; source=auto,pt-e6e9ece7a5a87832,src-0cf3748f3e3091ee,CO2,true,Legend entry 'c' is a blue filled circle; caption explicitly identifies (c) as CO2 adsorption at 300 K.,co2_uptake,per gram of adsorbent,visible_marker,,,,,,,
fig10,x,fig10:x:co2-300k-ads-fa805fc0,CO2 300K ads,0.994,bar,41.1682,cm³·g⁻¹,circle,none,#364ba7,false,low,745.14,147.72,assigned_by=joint_assignment; source=auto,pt-ef563775e76b8948,src-f3bdd2f7cd7ea92d,CO2,true,Legend entry 'c' is a blue filled circle; caption explicitly identifies (c) as CO2 adsorption at 300 K.,co2_uptake,per gram of adsorbent,visible_marker,,,,,,,
fig10,x,fig10:x:co2-300k-ads-fa805fc0,CO2 300K ads,0.9952,bar,40.7985,cm³·g⁻¹,circle,none,#364ba7,false,low,745.83,151.4,assigned_by=joint_assignment; source=auto,pt-5f495edbeac5f726,src-63f9646bc877fb66,CO2,true,Legend entry 'c' is a blue filled circle; caption explicitly identifies (c) as CO2 adsorption at 300 K.,co2_uptake,per gram of adsorbent,visible_marker,,,,,,,
fig10,x,fig10:x:co2-300k-ads-fa805fc0,CO2 300K ads,0.9971,bar,40.5266,cm³·g⁻¹,circle,none,#364ba7,false,medium,746.88,154.11,assigned_by=joint_assignment; source=auto,pt-6fd449baebf41d6b,src-4e477ddbb25b2f8f,CO2,true,Legend entry 'c' is a blue filled circle; caption explicitly identifies (c) as CO2 adsorption at 300 K.,co2_uptake,per gram of adsorbent,visible_marker,,,,,,,
fig10,x,fig10:x:co2-300k-ads-fa805fc0,CO2 300K ads,1.0198,bar,41.5421,cm³·g⁻¹,circle,none,#364ba7,false,medium,760.0,144.0,assigned_by=joint_assignment; source=auto,pt-b7e7421f7990475f,src-bf7b25aa4f05ed16,CO2,true,Legend entry 'c' is a blue filled circle; caption explicitly identifies (c) as CO2 adsorption at 300 K.,co2_uptake,per gram of adsorbent,visible_marker,,,,,,,
fig10,x,fig10:x:co2-300k-ads-fa805fc0,CO2 300K ads,1.0219,bar,41.2203,cm³·g⁻¹,circle,none,#364ba7,false,low,761.2,147.2,assigned_by=joint_assignment; source=auto,pt-788af3782f1085ae,src-151f0a58e62d65a7,CO2,true,Legend entry 'c' is a blue filled circle; caption explicitly identifies (c) as CO2 adsorption at 300 K.,co2_uptake,per gram of adsorbent,visible_marker,,,,,,,
fig10,x,fig10:x:co2-300k-ads-fa805fc0,CO2 300K ads,1.0231,bar,40.7794,cm³·g⁻¹,circle,none,#364ba7,false,high,761.89,151.59,assigned_by=joint_assignment; source=auto,pt-c352ab1b0a707bb5,src-86a28093015ba8e5,CO2,true,Legend entry 'c' is a blue filled circle; caption explicitly identifies (c) as CO2 adsorption at 300 K.,co2_uptake,per gram of adsorbent,visible_marker,,,,,,,
fig10,x,fig10:x:co2-300k-ads-fa805fc0,CO2 300K ads,1.0519,bar,41.7859,cm³·g⁻¹,circle,none,#364ba7,false,medium,778.51,141.57,assigned_by=joint_assignment; source=auto,pt-27e64966ec43dc64,src-c9f79b26b5d7f569,CO2,true,Legend entry 'c' is a blue filled circle; caption explicitly identifies (c) as CO2 adsorption at 300 K.,co2_uptake,per gram of adsorbent,visible_marker,,,,,,,
fig10,x,fig10:x:co2-300k-ads-fa805fc0,CO2 300K ads,1.0562,bar,41.3653,cm³·g⁻¹,circle,none,#364ba7,false,medium,781.03,145.76,assigned_by=joint_assignment; source=auto,pt-efd18340f80ab9a7,src-99fd089f7f8e5894,CO2,true,Legend entry 'c' is a blue filled circle; caption explicitly identifies (c) as CO2 adsorption at 300 K.,co2_uptake,per gram of adsorbent,visible_marker,,,,,,,
fig10,x,fig10:x:co2-300k-des-40943c9d,CO2 300K des,0.0391,bar,9.3786,cm³·g⁻¹,circle,none,#6f6fa1,false,low,193.97,464.17,overlap_flag=true; assigned_by=color; source=auto,pt-fdff2b2502e8b61f,src-991693de477370ad,CO2,true,Legend entry 'd' is a blue open circle; caption explicitly identifies (d) as CO2 desorption at 300 K.,co2_uptake,per gram of adsorbent,partially_visible_marker,,,,,,,
fig10,x,fig10:x:co2-300k-des-40943c9d,CO2 300K des,0.0481,bar,9.4744,cm³·g⁻¹,circle,none,#6f6fa1,false,high,199.21,463.21,assigned_by=color; source=auto,pt-f268fae694be5bf8,src-64910a196d4d011f,CO2,true,Legend entry 'd' is a blue open circle; caption explicitly identifies (d) as CO2 desorption at 300 K.,co2_uptake,per gram of adsorbent,visible_marker,,,,,,,
fig10,x,fig10:x:co2-300k-des-40943c9d,CO2 300K des,0.2347,bar,25.7233,cm³·g⁻¹,circle,none,#6f6fa1,false,high,306.87,301.47,assigned_by=color; source=auto,pt-a7871076616482eb,src-01d3f5fcec413cea,CO2,true,Legend entry 'd' is a blue open circle; caption explicitly identifies (d) as CO2 desorption at 300 K.,co2_uptake,per gram of adsorbent,visible_marker,,,,,,,
fig10,x,fig10:x:co2-300k-des-40943c9d,CO2 300K des,0.2349,bar,26.6743,cm³·g⁻¹,circle,none,#6f6fa1,false,medium,307.0,292.0,overlap_flag=true; assigned_by=color; source=auto,pt-bd3a8be1797b3370,src-5d4bf34322e357c7,CO2,true,Legend entry 'd' is a blue open circle; caption explicitly identifies (d) as CO2 desorption at 300 K.,co2_uptake,per gram of adsorbent,partially_visible_marker,,,,,,,
fig10,x,fig10:x:co2-300k-des-40943c9d,CO2 300K des,0.2685,bar,27.7942,cm³·g⁻¹,circle,none,#6f6fa1,false,high,326.41,280.85,assigned_by=color; source=auto,pt-e2fe966f6d1790ea,src-5b4c65162404ed9d,CO2,true,Legend entry 'd' is a blue open circle; caption explicitly identifies (d) as CO2 desorption at 300 K.,co2_uptake,per gram of adsorbent,visible_marker,,,,,,,
fig10,x,fig10:x:co2-300k-des-40943c9d,CO2 300K des,0.2872,bar,27.8798,cm³·g⁻¹,circle,none,#6f6fa1,false,high,337.19,280.0,assigned_by=color; source=auto,pt-f0d97c44320888e4,src-018fef67e8684dca,CO2,true,Legend entry 'd' is a blue open circle; caption explicitly identifies (d) as CO2 desorption at 300 K.,co2_uptake,per gram of adsorbent,visible_marker,,,,,,,
fig10,x,fig10:x:co2-300k-des-40943c9d,CO2 300K des,0.2941,bar,28.827,cm³·g⁻¹,circle,none,#6f6fa1,false,high,341.19,270.57,assigned_by=color; source=auto,pt-dfc206ff693f8513,src-7c3c74d3f4bd346f,CO2,true,Legend entry 'd' is a blue open circle; caption explicitly identifies (d) as CO2 desorption at 300 K.,co2_uptake,per gram of adsorbent,visible_marker,,,,,,,
fig10,x,fig10:x:co2-300k-des-40943c9d,CO2 300K des,0.3217,bar,29.5976,cm³·g⁻¹,circle,none,#6f6fa1,false,high,357.1,262.9,assigned_by=color; source=auto,pt-668f5e3624bd21dc,src-e803ad34f8235f8d,CO2,true,Legend entry 'd' is a blue open circle; caption explicitly identifies (d) as CO2 desorption at 300 K.,co2_uptake,per gram of adsorbent,visible_marker,,,,,,,
fig10,x,fig10:x:co2-300k-des-40943c9d,CO2 300K des,0.3467,bar,30.3846,cm³·g⁻¹,circle,none,#6f6fa1,false,high,371.5,255.07,assigned_by=color; source=auto,pt-b42321edecca0a35,src-619740397ed393b0,CO2,true,Legend entry 'd' is a blue open circle; caption explicitly identifies (d) as CO2 desorption at 300 K.,co2_uptake,per gram of adsorbent,visible_marker,,,,,,,
fig10,x,fig10:x:co2-300k-des-40943c9d,CO2 300K des,0.3716,bar,31.1531,cm³·g⁻¹,circle,none,#6f6fa1,false,low,385.88,247.42,overlap_flag=true; assigned_by=color; source=auto,pt-03fd86b4113e8658,src-0a62a3f0bb08d7ff,CO2,true,Legend entry 'd' is a blue open circle; caption explicitly identifies (d) as CO2 desorption at 300 K.,co2_uptake,per gram of adsorbent,partially_visible_marker,,,,,,,
fig10,x,fig10:x:co2-300k-des-40943c9d,CO2 300K des,0.3911,bar,30.9346,cm³·g⁻¹,circle,none,#6f6fa1,false,high,397.14,249.59,assigned_by=color; source=auto,pt-0f2e0bc7a4a56d75,src-aaf244ebed83fba1,CO2,true,Legend entry 'd' is a blue open circle; caption explicitly identifies (d) as CO2 desorption at 300 K.,co2_uptake,per gram of adsorbent,visible_marker,,,,,,,
fig10,x,fig10:x:co2-300k-des-40943c9d,CO2 300K des,0.4004,bar,31.769,cm³·g⁻¹,circle,none,#6f6fa1,false,high,402.5,241.29,assigned_by=color; source=auto,pt-609ce5b8145c1af2,src-4c7528dad6b2c5d3,CO2,true,Legend entry 'd' is a blue open circle; caption explicitly identifies (d) as CO2 desorption at 300 K.,co2_uptake,per gram of adsorbent,visible_marker,,,,,,,
fig10,x,fig10:x:co2-300k-des-40943c9d,CO2 300K des,0.4252,bar,32.485,cm³·g⁻¹,circle,none,#6f6fa1,false,high,416.84,234.16,assigned_by=color; source=auto,pt-e32e84443164a54f,src-b879edd0d766daa2,CO2,true,Legend entry 'd' is a blue open circle; caption explicitly identifies (d) as CO2 desorption at 300 K.,co2_uptake,per gram of adsorbent,visible_marker,,,,,,,
fig10,x,fig10:x:co2-300k-des-40943c9d,CO2 300K des,0.453,bar,32.9251,cm³·g⁻¹,circle,none,#6f6fa1,false,low,432.86,229.78,overlap_flag=true; assigned_by=color; source=auto,pt-8e8922229c29e2fd,src-c4f3dea9ddf018f6,CO2,true,Legend entry 'd' is a blue open circle; caption explicitly identifies (d) as CO2 desorption at 300 K.,co2_uptake,per gram of adsorbent,partially_visible_marker,,,,,,,
fig10,x,fig10:x:co2-300k-des-40943c9d,CO2 300K des,0.453,bar,33.1794,cm³·g⁻¹,circle,none,#6f6fa1,false,low,432.87,227.25,overlap_flag=true; assigned_by=color; source=auto,pt-a6aac5f2fd2466e9,src-5cb5b01a426ce128,CO2,true,Legend entry 'd' is a blue open circle; caption explicitly identifies (d) as CO2 desorption at 300 K.,co2_uptake,per gram of adsorbent,partially_visible_marker,,,,,,,
fig10,x,fig10:x:co2-300k-des-40943c9d,CO2 300K des,0.4803,bar,33.7006,cm³·g⁻¹,circle,none,#6f6fa1,false,high,448.66,222.06,assigned_by=color; source=auto,pt-4f37bb315e14a03d,src-937268e8577ef727,CO2,true,Legend entry 'd' is a blue open circle; caption explicitly identifies (d) as CO2 desorption at 300 K.,co2_uptake,per gram of adsorbent,visible_marker,,,,,,,
fig10,x,fig10:x:co2-300k-des-40943c9d,CO2 300K des,0.5055,bar,34.2351,cm³·g⁻¹,circle,none,#6f6fa1,false,high,463.16,216.74,assigned_by=color; source=auto,pt-a5f6ab1e2edb68a7,src-d88c23d44f6a1653,CO2,true,Legend entry 'd' is a blue open circle; caption explicitly identifies (d) as CO2 desorption at 300 K.,co2_uptake,per gram of adsorbent,visible_marker,,,,,,,
fig10,x,fig10:x:co2-300k-des-40943c9d,CO2 300K des,0.5329,bar,35.0123,cm³·g⁻¹,circle,none,#6f6fa1,false,high,479.0,209.0,assigned_by=color; source=auto,pt-fa9c75d6fb2a4bed,src-b550ea9025aa96bf,CO2,true,Legend entry 'd' is a blue open circle; caption explicitly identifies (d) as CO2 desorption at 300 K.,co2_uptake,per gram of adsorbent,visible_marker,,,,,,,
fig10,x,fig10:x:co2-300k-des-40943c9d,CO2 300K des,0.5543,bar,34.5573,cm³·g⁻¹,circle,none,#6f6fa1,false,high,491.35,213.53,assigned_by=color; source=auto,pt-ca8298182fbe8c38,src-981520aefa161e72,CO2,true,Legend entry 'd' is a blue open circle; caption explicitly identifies (d) as CO2 desorption at 300 K.,co2_uptake,per gram of adsorbent,visible_marker,,,,,,,
fig10,x,fig10:x:co2-300k-des-40943c9d,CO2 300K des,0.5592,bar,35.3093,cm³·g⁻¹,circle,none,#6f6fa1,false,high,494.17,206.04,assigned_by=color; source=auto,pt-6b37b2eea69d493c,src-369e6fbcae9101e0,CO2,true,Legend entry 'd' is a blue open circle; caption explicitly identifies (d) as CO2 desorption at 300 K.,co2_uptake,per gram of adsorbent,visible_marker,,,,,,,
fig10,x,fig10:x:co2-300k-des-40943c9d,CO2 300K des,0.587,bar,35.6092,cm³·g⁻¹,circle,none,#6f6fa1,false,medium,510.2,203.06,assigned_by=color; source=auto,pt-71b09c29b746d165,src-acce8a642af7c3d2,CO2,true,Legend entry 'd' is a blue open circle; caption explicitly identifies (d) as CO2 desorption at 300 K.,co2_uptake,per gram of adsorbent,visible_marker,,,,,,,
fig10,x,fig10:x:co2-300k-des-40943c9d,CO2 300K des,0.6151,bar,36.0239,cm³·g⁻¹,circle,none,#6f6fa1,false,high,526.41,198.93,assigned_by=color; source=auto,pt-f74c0abda5b75c1f,src-5e84b2d9f0f057f8,CO2,true,Legend entry 'd' is a blue open circle; caption explicitly identifies (d) as CO2 desorption at 300 K.,co2_uptake,per gram of adsorbent,visible_marker,,,,,,,
fig10,x,fig10:x:co2-300k-des-40943c9d,CO2 300K des,0.6382,bar,36.1389,cm³·g⁻¹,circle,none,#6f6fa1,false,high,539.79,197.79,assigned_by=color; source=auto,pt-f66f0c8bd1ccaf69,src-48a5ee3961447d48,CO2,true,Legend entry 'd' is a blue open circle; caption explicitly identifies (d) as CO2 desorption at 300 K.,co2_uptake,per gram of adsorbent,visible_marker,,,,,,,
fig10,x,fig10:x:co2-300k-des-40943c9d,CO2 300K des,0.6423,bar,36.5532,cm³·g⁻¹,circle,none,#6f6fa1,false,low,542.13,193.66,overlap_flag=true; assigned_by=color; source=auto,pt-fe208ab593f5099b,src-b000a0c0ad98c882,CO2,true,Legend entry 'd' is a blue open circle; caption explicitly identifies (d) as CO2 desorption at 300 K.,co2_uptake,per gram of adsorbent,partially_visible_marker,,,,,,,
fig10,x,fig10:x:co2-300k-des-40943c9d,CO2 300K des,0.6834,bar,36.4886,cm³·g⁻¹,circle,none,#6f6fa1,false,high,565.83,194.3,assigned_by=color; source=auto,pt-a523cf6ce79d3ba0,src-186591cd1b26e8df,CO2,true,Legend entry 'd' is a blue open circle; caption explicitly identifies (d) as CO2 desorption at 300 K.,co2_uptake,per gram of adsorbent,visible_marker,,,,,,,
fig10,x,fig10:x:co2-300k-des-40943c9d,CO2 300K des,0.7206,bar,37.4834,cm³·g⁻¹,circle,none,#6f6fa1,false,medium,587.29,184.4,assigned_by=color; source=auto,pt-1014cc48d74b4c84,src-278802d7b4db8584,CO2,true,Legend entry 'd' is a blue open circle; caption explicitly identifies (d) as CO2 desorption at 300 K.,co2_uptake,per gram of adsorbent,visible_marker,,,,,,,
fig10,x,fig10:x:co2-300k-des-40943c9d,CO2 300K des,0.7578,bar,37.5649,cm³·g⁻¹,circle,none,#6f6fa1,false,high,608.77,183.59,assigned_by=color; source=auto,pt-3e3d053003e753c2,src-7b32cc332929dd89,CO2,true,Legend entry 'd' is a blue open circle; caption explicitly identifies (d) as CO2 desorption at 300 K.,co2_uptake,per gram of adsorbent,visible_marker,,,,,,,
fig10,x,fig10:x:co2-300k-des-40943c9d,CO2 300K des,0.7749,bar,38.2898,cm³·g⁻¹,circle,none,#6f6fa1,false,high,618.66,176.38,assigned_by=color; source=auto,pt-e50c9abfe163d684,src-52151a1e94812682,CO2,true,Legend entry 'd' is a blue open circle; caption explicitly identifies (d) as CO2 desorption at 300 K.,co2_uptake,per gram of adsorbent,visible_marker,,,,,,,
fig10,x,fig10:x:co2-300k-des-40943c9d,CO2 300K des,0.7987,bar,38.2889,cm³·g⁻¹,circle,none,#6f6fa1,false,low,632.41,176.38,overlap_flag=true; assigned_by=color; source=auto,pt-a980fd65cb929f31,src-e52b3f7397889213,CO2,true,Legend entry 'd' is a blue open circle; caption explicitly identifies (d) as CO2 desorption at 300 K.,co2_uptake,per gram of adsorbent,partially_visible_marker,,,,,,,
fig10,x,fig10:x:co2-300k-des-40943c9d,CO2 300K des,0.8008,bar,38.7679,cm³·g⁻¹,circle,none,#6f6fa1,false,low,633.59,171.62,overlap_flag=true; assigned_by=color; source=auto,pt-fddf8c051f16e89a,src-7652dde3a8609820,CO2,true,Legend entry 'd' is a blue open circle; caption explicitly identifies (d) as CO2 desorption at 300 K.,co2_uptake,per gram of adsorbent,partially_visible_marker,,,,,,,
fig10,x,fig10:x:co2-300k-des-40943c9d,CO2 300K des,0.8274,bar,38.9787,cm³·g⁻¹,circle,none,#6f6fa1,false,high,648.93,169.52,assigned_by=color; source=auto,pt-333ab5019fb4e64c,src-67a1daae943fcf22,CO2,true,Legend entry 'd' is a blue open circle; caption explicitly identifies (d) as CO2 desorption at 300 K.,co2_uptake,per gram of adsorbent,visible_marker,,,,,,,
fig10,x,fig10:x:co2-300k-des-40943c9d,CO2 300K des,0.832,bar,38.7165,cm³·g⁻¹,circle,none,#6f6fa1,false,low,651.63,172.13,overlap_flag=true; assigned_by=color; source=auto,pt-26f828554fca87a6,src-ca818034ee1d2951,CO2,true,Legend entry 'd' is a blue open circle; caption explicitly identifies (d) as CO2 desorption at 300 K.,co2_uptake,per gram of adsorbent,partially_visible_marker,,,,,,,
fig10,x,fig10:x:co2-300k-des-40943c9d,CO2 300K des,0.8538,bar,39.3283,cm³·g⁻¹,circle,none,#6f6fa1,false,high,664.19,166.04,assigned_by=color; source=auto,pt-4ed411dbb2f6c6e9,src-9c2a3b93257037fd,CO2,true,Legend entry 'd' is a blue open circle; caption explicitly identifies (d) as CO2 desorption at 300 K.,co2_uptake,per gram of adsorbent,visible_marker,,,,,,,
fig10,x,fig10:x:co2-300k-des-40943c9d,CO2 300K des,0.8663,bar,39.2316,cm³·g⁻¹,circle,none,#6f6fa1,false,low,671.43,167.0,overlap_flag=true; assigned_by=color; source=auto,pt-5aa1345526267194,src-2f1f0fc63e2032b5,CO2,true,Legend entry 'd' is a blue open circle; caption explicitly identifies (d) as CO2 desorption at 300 K.,co2_uptake,per gram of adsorbent,partially_visible_marker,,,,,,,
fig10,x,fig10:x:co2-300k-des-40943c9d,CO2 300K des,0.8663,bar,38.9302,cm³·g⁻¹,circle,none,#6f6fa1,false,low,671.43,170.0,overlap_flag=true; assigned_by=color; source=auto,pt-ae35315b496127e1,src-efdcec26599e9683,CO2,true,Legend entry 'd' is a blue open circle; caption explicitly identifies (d) as CO2 desorption at 300 K.,co2_uptake,per gram of adsorbent,partially_visible_marker,,,,,,,
fig10,x,fig10:x:co2-300k-des-40943c9d,CO2 300K des,0.8796,bar,39.6111,cm³·g⁻¹,circle,none,#6f6fa1,false,high,679.11,163.22,assigned_by=color; source=auto,pt-f20fb235325240f1,src-afd95652de26d056,CO2,true,Legend entry 'd' is a blue open circle; caption explicitly identifies (d) as CO2 desorption at 300 K.,co2_uptake,per gram of adsorbent,visible_marker,,,,,,,
fig10,x,fig10:x:co2-300k-des-40943c9d,CO2 300K des,0.8971,bar,39.7561,cm³·g⁻¹,circle,none,#6f6fa1,false,low,689.16,161.78,overlap_flag=true; assigned_by=color; source=auto,pt-1b09abed60f3286f,src-4fe87840389915bf,CO2,true,Legend entry 'd' is a blue open circle; caption explicitly identifies (d) as CO2 desorption at 300 K.,co2_uptake,per gram of adsorbent,partially_visible_marker,,,,,,,
fig10,x,fig10:x:co2-300k-des-40943c9d,CO2 300K des,0.8971,bar,39.4547,cm³·g⁻¹,circle,none,#6f6fa1,false,low,689.16,164.78,overlap_flag=true; assigned_by=color; source=auto,pt-1dbb623fae377cd3,src-66417fe33c404fde,CO2,true,Legend entry 'd' is a blue open circle; caption explicitly identifies (d) as CO2 desorption at 300 K.,co2_uptake,per gram of adsorbent,partially_visible_marker,,,,,,,
fig10,x,fig10:x:co2-300k-des-40943c9d,CO2 300K des,0.9073,bar,39.9348,cm³·g⁻¹,circle,none,#6f6fa1,false,high,695.08,160.0,assigned_by=color; source=auto,pt-fcd9f749ec475de7,src-660069d6a9f42364,CO2,true,Legend entry 'd' is a blue open circle; caption explicitly identifies (d) as CO2 desorption at 300 K.,co2_uptake,per gram of adsorbent,visible_marker,,,,,,,
fig10,x,fig10:x:co2-300k-des-40943c9d,CO2 300K des,0.9151,bar,39.9601,cm³·g⁻¹,circle,none,#6f6fa1,false,low,699.58,159.75,overlap_flag=true; assigned_by=color; source=auto,pt-229be5c265348a6f,src-19bdb69f44912a29,CO2,true,Legend entry 'd' is a blue open circle; caption explicitly identifies (d) as CO2 desorption at 300 K.,co2_uptake,per gram of adsorbent,partially_visible_marker,,,,,,,
fig10,x,fig10:x:co2-300k-des-40943c9d,CO2 300K des,0.9151,bar,39.6587,cm³·g⁻¹,circle,none,#6f6fa1,false,low,699.58,162.75,overlap_flag=true; assigned_by=color; source=auto,pt-f72119f1c2c6080a,src-cc6e4834e355beba,CO2,true,Legend entry 'd' is a blue open circle; caption explicitly identifies (d) as CO2 desorption at 300 K.,co2_uptake,per gram of adsorbent,partially_visible_marker,,,,,,,
fig10,x,fig10:x:co2-300k-des-40943c9d,CO2 300K des,0.9307,bar,40.5938,cm³·g⁻¹,circle,none,#6f6fa1,false,low,708.56,153.44,assigned_by=color; source=auto,pt-93927816c8de18a2,src-684c7f363c13885c,CO2,true,Legend entry 'd' is a blue open circle; caption explicitly identifies (d) as CO2 desorption at 300 K.,co2_uptake,per gram of adsorbent,visible_marker,,,,,,,
fig10,x,fig10:x:co2-300k-des-40943c9d,CO2 300K des,0.9335,bar,40.2761,cm³·g⁻¹,circle,none,#6f6fa1,false,low,710.2,156.6,overlap_flag=true; assigned_by=color; source=auto,pt-e9007f899ac05512,src-f226e963fb2e3c58,CO2,true,Legend entry 'd' is a blue open circle; caption explicitly identifies (d) as CO2 desorption at 300 K.,co2_uptake,per gram of adsorbent,partially_visible_marker,,,,,,,
fig10,x,fig10:x:co2-300k-des-40943c9d,CO2 300K des,0.9353,bar,40.0227,cm³·g⁻¹,circle,none,#6f6fa1,false,low,711.21,159.12,overlap_flag=true; assigned_by=color; source=auto,pt-8d36aff1c5bd1fbb,src-71c3fdbc6db4a44d,CO2,true,Legend entry 'd' is a blue open circle; caption explicitly identifies (d) as CO2 desorption at 300 K.,co2_uptake,per gram of adsorbent,partially_visible_marker,,,,,,,
fig10,x,fig10:x:co2-300k-des-40943c9d,CO2 300K des,0.9601,bar,40.561,cm³·g⁻¹,circle,none,#6f6fa1,false,high,725.57,153.77,assigned_by=color; source=auto,pt-5f09bb8ac0e8d8ae,src-7d74aa3f295e6af7,CO2,true,Legend entry 'd' is a blue open circle; caption explicitly identifies (d) as CO2 desorption at 300 K.,co2_uptake,per gram of adsorbent,visible_marker,,,,,,,
fig10,x,fig10:x:co2-300k-des-40943c9d,CO2 300K des,0.9706,bar,40.1772,cm³·g⁻¹,circle,none,#6f6fa1,false,low,731.63,157.59,assigned_by=color; source=auto,pt-6eeec96b3753b28a,src-c196f49027e7f735,CO2,true,Legend entry 'd' is a blue open circle; caption explicitly identifies (d) as CO2 desorption at 300 K.,co2_uptake,per gram of adsorbent,visible_marker,,,,,,,
fig10,x,fig10:x:co2-300k-des-40943c9d,CO2 300K des,0.9813,bar,41.3567,cm³·g⁻¹,circle,none,#6f6fa1,false,high,737.81,145.85,assigned_by=color; source=auto,pt-8c67b05fe8c2992e,src-291a898cf5577798,CO2,true,Legend entry 'd' is a blue open circle; caption explicitly identifies (d) as CO2 desorption at 300 K.,co2_uptake,per gram of adsorbent,visible_marker,,,,,,,
fig10,x,fig10:x:co2-300k-des-40943c9d,CO2 300K des,0.997,bar,41.1696,cm³·g⁻¹,circle,none,#6f6fa1,false,low,746.82,147.71,assigned_by=color; source=auto,pt-65ac385294caf15c,src-37704ec1a002a921,CO2,true,Legend entry 'd' is a blue open circle; caption explicitly identifies (d) as CO2 desorption at 300 K.,co2_uptake,per gram of adsorbent,visible_marker,,,,,,,
