figure_id,panel_id,series_id,series_name,x,x_unit,y,y_unit,marker_shape,line_style,color_hex,is_inferred,confidence,source_pixel_x,source_pixel_y,notes,point_id,source_instance_id,species,export_eligible,species_evidence,quantity_type,loading_basis,evidence_type,normalized_x,normalized_x_unit,normalized_y,normalized_y_unit,conversion_id,uncertainty_x,uncertainty_y,status
figp1a,a,figp1a:a:co2-273k-78e92393,CO2 273K,14.1438,mbar,1.5222,mmol/g,square,solid,#030303,false,medium,231.0,519.0,assigned_by=joint_assignment; source=auto,pt-7afedd3d0d372a83,src-089ed3f2ccf416f9,CO2,true,Legend heading 'CO2 @' binds the row '273K' to CO2.,co2_loading,per gram of sorbent,visible_marker,,,,,,,,review
figp1a,a,figp1a:a:co2-273k-78e92393,CO2 273K,219.0546,mbar,3.8359,mmol/g,square,solid,#030303,false,high,378.5,231.5,assigned_by=joint_assignment; source=auto,pt-80c3be9fdb0067bf,src-04f9240c24ca16b7,CO2,true,Legend heading 'CO2 @' binds the row '273K' to CO2.,co2_loading,per gram of sorbent,visible_marker,,,,,,,,review
figp1a,a,figp1a:a:co2-273k-78e92393,CO2 273K,252.6738,mbar,3.9649,mmol/g,square,solid,#030303,false,high,402.7,215.47,assigned_by=joint_assignment; source=auto,pt-602fd225818a8c40,src-ceae880287ca0fc9,CO2,true,Legend heading 'CO2 @' binds the row '273K' to CO2.,co2_loading,per gram of sorbent,visible_marker,,,,,,,,review
figp1a,a,figp1a:a:co2-273k-78e92393,CO2 273K,290.044,mbar,4.0622,mmol/g,square,solid,#030303,false,high,429.6,203.39,assigned_by=joint_assignment; source=auto,pt-436b7eb02c6d9f34,src-8fcd2803bf6beb69,CO2,true,Legend heading 'CO2 @' binds the row '273K' to CO2.,co2_loading,per gram of sorbent,visible_marker,,,,,,,,review
figp1a,a,figp1a:a:co2-273k-78e92393,CO2 273K,326.4,mbar,4.1817,mmol/g,square,solid,#030303,false,high,455.77,188.53,assigned_by=joint_assignment; source=auto,pt-8145db2166eb3844,src-0f702dae0a3e3edb,CO2,true,Legend heading 'CO2 @' binds the row '273K' to CO2.,co2_loading,per gram of sorbent,visible_marker,,,,,,,,review
figp1a,a,figp1a:a:co2-273k-78e92393,CO2 273K,361.1445,mbar,4.2493,mmol/g,square,solid,#030303,false,high,480.78,180.14,assigned_by=joint_assignment; source=auto,pt-9d3808902aa3ee7f,src-28ad8a42948415dd,CO2,true,Legend heading 'CO2 @' binds the row '273K' to CO2.,co2_loading,per gram of sorbent,visible_marker,,,,,,,,review
figp1a,a,figp1a:a:co2-273k-78e92393,CO2 273K,396.9727,mbar,4.3401,mmol/g,square,solid,#030303,false,high,506.57,168.85,assigned_by=joint_assignment; source=auto,pt-1f24c120899110bd,src-90d15b333c4622e0,CO2,true,Legend heading 'CO2 @' binds the row '273K' to CO2.,co2_loading,per gram of sorbent,visible_marker,,,,,,,,review
figp1a,a,figp1a:a:co2-273k-78e92393,CO2 273K,432.4535,mbar,4.4117,mmol/g,square,solid,#030303,false,high,532.11,159.95,assigned_by=joint_assignment; source=auto,pt-920de62b006d10f2,src-2a4b7ed096d1cd79,CO2,true,Legend heading 'CO2 @' binds the row '273K' to CO2.,co2_loading,per gram of sorbent,visible_marker,,,,,,,,review
figp1a,a,figp1a:a:co2-273k-78e92393,CO2 273K,468.6706,mbar,4.466,mmol/g,square,solid,#030303,false,high,558.18,153.21,assigned_by=joint_assignment; source=auto,pt-50e585797c1f0483,src-fb4e972fe7ace1cd,CO2,true,Legend heading 'CO2 @' binds the row '273K' to CO2.,co2_loading,per gram of sorbent,visible_marker,,,,,,,,review
figp1a,a,figp1a:a:co2-273k-78e92393,CO2 273K,503.8458,mbar,4.516,mmol/g,square,solid,#030303,false,high,583.5,147.0,assigned_by=joint_assignment; source=auto,pt-b47eb3eecc9d91dc,src-da771b5da58f25c4,CO2,true,Legend heading 'CO2 @' binds the row '273K' to CO2.,co2_loading,per gram of sorbent,visible_marker,,,,,,,,review
figp1a,a,figp1a:a:co2-273k-78e92393,CO2 273K,539.9517,mbar,4.584,mmol/g,square,solid,#030303,false,high,609.49,138.55,assigned_by=joint_assignment; source=auto,pt-aaac6038269778a4,src-28f4d021a2c169fd,CO2,true,Legend heading 'CO2 @' binds the row '273K' to CO2.,co2_loading,per gram of sorbent,visible_marker,,,,,,,,review
figp1a,a,figp1a:a:co2-273k-78e92393,CO2 273K,577.4747,mbar,4.6166,mmol/g,square,solid,#030303,false,high,636.5,134.5,assigned_by=joint_assignment; source=auto,pt-428d3dbae876d33d,src-217406d74401caae,CO2,true,Legend heading 'CO2 @' binds the row '273K' to CO2.,co2_loading,per gram of sorbent,visible_marker,,,,,,,,review
figp1a,a,figp1a:a:co2-273k-78e92393,CO2 273K,613.1361,mbar,4.6651,mmol/g,square,solid,#030303,false,high,662.17,128.47,assigned_by=joint_assignment; source=auto,pt-c773d6b6fddc8bff,src-3f911253792ac3c1,CO2,true,Legend heading 'CO2 @' binds the row '273K' to CO2.,co2_loading,per gram of sorbent,visible_marker,,,,,,,,review
figp1a,a,figp1a:a:co2-273k-78e92393,CO2 273K,648.3252,mbar,4.7127,mmol/g,square,solid,#030303,false,high,687.5,122.56,assigned_by=joint_assignment; source=auto,pt-e1a0e657eacf942d,src-319ba01b7b6abbac,CO2,true,Legend heading 'CO2 @' binds the row '273K' to CO2.,co2_loading,per gram of sorbent,visible_marker,,,,,,,,review
figp1a,a,figp1a:a:co2-273k-78e92393,CO2 273K,683.7504,mbar,4.7333,mmol/g,square,solid,#030303,false,high,713.0,120.0,assigned_by=joint_assignment; source=auto,pt-6d5a9045095ba2cf,src-a8dc51ec276bd464,CO2,true,Legend heading 'CO2 @' binds the row '273K' to CO2.,co2_loading,per gram of sorbent,visible_marker,,,,,,,,review
figp1a,a,figp1a:a:co2-273k-78e92393,CO2 273K,718.4811,mbar,4.7735,mmol/g,square,solid,#030303,false,medium,738.0,115.0,assigned_by=joint_assignment; source=auto,pt-6de8980060199cf6,src-7b83714dfbdbf121,CO2,true,Legend heading 'CO2 @' binds the row '273K' to CO2.,co2_loading,per gram of sorbent,visible_marker,,,,,,,,review
figp1a,a,figp1a:a:co2-273k-78e92393,CO2 273K,738.4303,mbar,4.8016,mmol/g,square,solid,#030303,false,medium,752.36,111.51,assigned_by=joint_assignment; source=auto,pt-cb85b64d4eac2115,src-8444c8a9218bcf1b,CO2,true,Legend heading 'CO2 @' binds the row '273K' to CO2.,co2_loading,per gram of sorbent,visible_marker,,,,,,,,review
figp1a,a,figp1a:a:co2-273k-78e92393,CO2 273K,746.2656,mbar,4.8057,mmol/g,square,solid,#030303,false,medium,758.0,111.0,assigned_by=joint_assignment; source=auto,pt-d86cc143b7c883dd,src-287958117eff31f2,CO2,true,Legend heading 'CO2 @' binds the row '273K' to CO2.,co2_loading,per gram of sorbent,visible_marker,,,,,,,,review
figp1a,a,figp1a:a:co2-273k-78e92393,CO2 273K,753.2117,mbar,4.8057,mmol/g,square,solid,#030303,false,medium,763.0,111.0,assigned_by=joint_assignment; source=auto,pt-151dc9ee258d4950,src-858303cf51a25063,CO2,true,Legend heading 'CO2 @' binds the row '273K' to CO2.,co2_loading,per gram of sorbent,visible_marker,,,,,,,,review
figp1a,a,figp1a:a:co2-273k-78e92393,CO2 273K,791.7627,mbar,4.8334,mmol/g,square,solid,#030303,false,high,790.75,107.55,assigned_by=joint_assignment; source=auto,pt-5af8ff3a50d43db9,src-81912778d57eae30,CO2,true,Legend heading 'CO2 @' binds the row '273K' to CO2.,co2_loading,per gram of sorbent,visible_marker,,,,,,,,review
figp1a,a,figp1a:a:co2-273k-78e92393,CO2 273K,827.1324,mbar,4.8591,mmol/g,square,solid,#030303,false,high,816.21,104.36,assigned_by=joint_assignment; source=auto,pt-aa767ec205ad1f3a,src-f2be361fbf82d3db,CO2,true,Legend heading 'CO2 @' binds the row '273K' to CO2.,co2_loading,per gram of sorbent,visible_marker,,,,,,,,review
figp1a,a,figp1a:a:co2-273k-78e92393,CO2 273K,844.3032,mbar,4.8897,mmol/g,square,solid,#030303,false,medium,828.57,100.56,assigned_by=joint_assignment; source=auto,pt-7a2c65f72c5a4286,src-b81c1f3a3c45f179,CO2,true,Legend heading 'CO2 @' binds the row '273K' to CO2.,co2_loading,per gram of sorbent,visible_marker,,,,,,,,review
figp1a,a,figp1a:a:co2-273k-78e92393,CO2 273K,854.6252,mbar,4.8902,mmol/g,square,solid,#030303,false,medium,836.0,100.5,assigned_by=joint_assignment; source=auto,pt-e5209b74361c5464,src-233f3be3588e0711,CO2,true,Legend heading 'CO2 @' binds the row '273K' to CO2.,co2_loading,per gram of sorbent,visible_marker,,,,,,,,review
figp1a,a,figp1a:a:co2-273k-78e92393,CO2 273K,864.9888,mbar,4.8906,mmol/g,square,solid,#030303,false,medium,843.46,100.45,assigned_by=joint_assignment; source=auto,pt-35e31bb6884dcb52,src-9b4d55f43664a3ab,CO2,true,Legend heading 'CO2 @' binds the row '273K' to CO2.,co2_loading,per gram of sorbent,visible_marker,,,,,,,,review
figp1a,a,figp1a:a:co2-273k-78e92393,CO2 273K,898.997,mbar,4.9103,mmol/g,square,solid,#030303,false,high,867.94,98.0,assigned_by=joint_assignment; source=auto,pt-0921ec60b5dfaabe,src-0b27f28c696a623c,CO2,true,Legend heading 'CO2 @' binds the row '273K' to CO2.,co2_loading,per gram of sorbent,visible_marker,,,,,,,,review
figp1a,a,figp1a:a:co2-273k-78e92393,CO2 273K,936.9645,mbar,4.9323,mmol/g,square,solid,#030303,false,high,895.27,95.27,assigned_by=joint_assignment; source=auto,pt-2ba28608e14667bb,src-56fe6bc6174d635e,CO2,true,Legend heading 'CO2 @' binds the row '273K' to CO2.,co2_loading,per gram of sorbent,visible_marker,,,,,,,,review
figp1a,a,figp1a:a:co2-273k-78e92393,CO2 273K,951.8709,mbar,4.9505,mmol/g,square,solid,#030303,false,medium,906.0,93.0,assigned_by=joint_assignment; source=auto,pt-9efcd7cd943bcfd3,src-35cbf85482989c92,CO2,true,Legend heading 'CO2 @' binds the row '273K' to CO2.,co2_loading,per gram of sorbent,visible_marker,,,,,,,,review
figp1a,a,figp1a:a:co2-273k-78e92393,CO2 273K,961.5955,mbar,4.9505,mmol/g,square,solid,#030303,false,medium,913.0,93.0,assigned_by=joint_assignment; source=auto,pt-028432e5ec8fefb9,src-c9fe552cc5745daa,CO2,true,Legend heading 'CO2 @' binds the row '273K' to CO2.,co2_loading,per gram of sorbent,visible_marker,,,,,,,,review
figp1a,a,figp1a:a:co2-273k-78e92393,CO2 273K,1007.1065,mbar,4.9696,mmol/g,square,solid,#030303,false,high,945.76,90.63,assigned_by=joint_assignment; source=auto,pt-aed57d36e14d8142,src-0e3812a426787590,CO2,true,Legend heading 'CO2 @' binds the row '273K' to CO2.,co2_loading,per gram of sorbent,visible_marker,,,,,,,,review
figp1a,a,figp1a:a:co2-273k-78e92393,CO2 273K,1097.045,mbar,5.0091,mmol/g,square,solid,#030303,false,high,1010.5,85.72,assigned_by=joint_assignment; source=auto,pt-b6c6edc2bc7ae807,src-be5f3567b25219e1,CO2,true,Legend heading 'CO2 @' binds the row '273K' to CO2.,co2_loading,per gram of sorbent,visible_marker,,,,,,,,review
figp1a,a,figp1a:a:co2-283k-09bb156a,CO2 283K,85.5639,mbar,2.7486,mmol/g,hexagon,solid,#f1231f,false,medium,282.41,366.61,assigned_by=joint_assignment; source=auto,pt-8178e0dae6c0cb8b,src-f922f5a63458739e,CO2,true,Legend heading 'CO2 @' binds the row '283K' to CO2.,co2_loading,per gram of sorbent,visible_marker,,,,,,,,review
figp1a,a,figp1a:a:co2-283k-09bb156a,CO2 283K,228.8208,mbar,3.294,mmol/g,hexagon,solid,#f1231f,false,high,385.53,298.84,assigned_by=joint_assignment; source=auto,pt-da5d9b8a8494c5ff,src-c3c323905e6eca38,CO2,true,Legend heading 'CO2 @' binds the row '283K' to CO2.,co2_loading,per gram of sorbent,visible_marker,,,,,,,,review
figp1a,a,figp1a:a:co2-283k-09bb156a,CO2 283K,252.1181,mbar,3.3999,mmol/g,hexagon,solid,#f1231f,false,high,402.3,285.68,assigned_by=joint_assignment; source=auto,pt-e92d5471940a5c1a,src-90eaf9212345d6dc,CO2,true,Legend heading 'CO2 @' binds the row '283K' to CO2.,co2_loading,per gram of sorbent,visible_marker,,,,,,,,review
figp1a,a,figp1a:a:co2-283k-09bb156a,CO2 283K,294.9896,mbar,3.4664,mmol/g,hexagon,solid,#f1231f,false,high,433.16,277.42,assigned_by=joint_assignment; source=auto,pt-d7f3221a517ee89b,src-365bad0e0f3763bf,CO2,true,Legend heading 'CO2 @' binds the row '283K' to CO2.,co2_loading,per gram of sorbent,visible_marker,,,,,,,,review
figp1a,a,figp1a:a:co2-283k-09bb156a,CO2 283K,327.3864,mbar,3.5885,mmol/g,hexagon,solid,#f1231f,false,high,456.48,262.24,assigned_by=joint_assignment; source=auto,pt-6f8b8a1474afce90,src-f3354c95290eb8fd,CO2,true,Legend heading 'CO2 @' binds the row '283K' to CO2.,co2_loading,per gram of sorbent,visible_marker,,,,,,,,review
figp1a,a,figp1a:a:co2-283k-09bb156a,CO2 283K,355.6154,mbar,3.5987,mmol/g,hexagon,solid,#f1231f,false,high,476.8,260.98,assigned_by=joint_assignment; source=auto,pt-84999607a09ea82c,src-70c5e30f75c1254c,CO2,true,Legend heading 'CO2 @' binds the row '283K' to CO2.,co2_loading,per gram of sorbent,visible_marker,,,,,,,,review
figp1a,a,figp1a:a:co2-283k-09bb156a,CO2 283K,402.6129,mbar,3.7584,mmol/g,hexagon,solid,#f1231f,false,medium,510.63,241.13,assigned_by=joint_assignment; source=auto,pt-140d47c4780d8182,src-e9c647e42dbfe775,CO2,true,Legend heading 'CO2 @' binds the row '283K' to CO2.,co2_loading,per gram of sorbent,visible_marker,,,,,,,,review
figp1a,a,figp1a:a:co2-283k-09bb156a,CO2 283K,419.8393,mbar,3.7291,mmol/g,hexagon,solid,#f1231f,false,medium,523.03,244.78,assigned_by=joint_assignment; source=auto,pt-f94513a340bc4761,src-ef941fec52bd6a41,CO2,true,Legend heading 'CO2 @' binds the row '283K' to CO2.,co2_loading,per gram of sorbent,visible_marker,,,,,,,,review
figp1a,a,figp1a:a:co2-283k-09bb156a,CO2 283K,469.7681,mbar,3.8198,mmol/g,hexagon,solid,#f1231f,false,low,558.97,233.51,assigned_by=joint_assignment; source=auto,pt-1119334679f446e6,src-dcc581fceb6e759f,CO2,true,Legend heading 'CO2 @' binds the row '283K' to CO2.,co2_loading,per gram of sorbent,visible_marker,,,,,,,,review
figp1a,a,figp1a:a:co2-283k-09bb156a,CO2 283K,484.0632,mbar,3.9006,mmol/g,hexagon,solid,#f1231f,false,medium,569.26,223.46,assigned_by=joint_assignment; source=auto,pt-65f120cf58cdedf4,src-cdd2fd56ada337ae,CO2,true,Legend heading 'CO2 @' binds the row '283K' to CO2.,co2_loading,per gram of sorbent,visible_marker,,,,,,,,review
figp1a,a,figp1a:a:co2-283k-09bb156a,CO2 283K,532.7555,mbar,3.9294,mmol/g,hexagon,solid,#f1231f,false,high,604.31,219.89,assigned_by=joint_assignment; source=auto,pt-cfcd08b415485e7f,src-72a1aff1b5877770,CO2,true,Legend heading 'CO2 @' binds the row '283K' to CO2.,co2_loading,per gram of sorbent,visible_marker,,,,,,,,review
figp1a,a,figp1a:a:co2-283k-09bb156a,CO2 283K,559.0953,mbar,4.0057,mmol/g,hexagon,solid,#f1231f,false,high,623.27,210.4,assigned_by=joint_assignment; source=auto,pt-a4618b8bf9430d98,src-889739fa40adf875,CO2,true,Legend heading 'CO2 @' binds the row '283K' to CO2.,co2_loading,per gram of sorbent,visible_marker,,,,,,,,review
figp1a,a,figp1a:a:co2-283k-09bb156a,CO2 283K,594.1593,mbar,4.0147,mmol/g,hexagon,solid,#f1231f,false,high,648.51,209.29,assigned_by=joint_assignment; source=auto,pt-85ce791037fda516,src-37de790e6d09768d,CO2,true,Legend heading 'CO2 @' binds the row '283K' to CO2.,co2_loading,per gram of sorbent,visible_marker,,,,,,,,review
figp1a,a,figp1a:a:co2-283k-09bb156a,CO2 283K,637.1697,mbar,4.1101,mmol/g,hexagon,solid,#f1231f,false,medium,679.47,197.43,assigned_by=joint_assignment; source=auto,pt-2e3a514e7130c066,src-14febec94c375e5d,CO2,true,Legend heading 'CO2 @' binds the row '283K' to CO2.,co2_loading,per gram of sorbent,visible_marker,,,,,,,,review
figp1a,a,figp1a:a:co2-283k-09bb156a,CO2 283K,654.6601,mbar,4.0919,mmol/g,hexagon,solid,#f1231f,false,medium,692.06,199.69,assigned_by=joint_assignment; source=auto,pt-c52ce2cc424a75fb,src-1be194ad594c956b,CO2,true,Legend heading 'CO2 @' binds the row '283K' to CO2.,co2_loading,per gram of sorbent,visible_marker,,,,,,,,review
figp1a,a,figp1a:a:co2-283k-09bb156a,CO2 283K,713.1326,mbar,4.1709,mmol/g,hexagon,solid,#f1231f,false,high,734.15,189.88,assigned_by=joint_assignment; source=auto,pt-ddf386fea8568f35,src-2f2c4b2177ec212e,CO2,true,Legend heading 'CO2 @' binds the row '283K' to CO2.,co2_loading,per gram of sorbent,visible_marker,,,,,,,,review
figp1a,a,figp1a:a:co2-283k-09bb156a,CO2 283K,775.0087,mbar,4.217,mmol/g,hexagon,solid,#f1231f,false,medium,778.69,184.15,assigned_by=joint_assignment; source=auto,pt-b84a4c0ca2832d1b,src-e2de9318928e84d8,CO2,true,Legend heading 'CO2 @' binds the row '283K' to CO2.,co2_loading,per gram of sorbent,visible_marker,,,,,,,,review
figp1a,a,figp1a:a:co2-283k-09bb156a,CO2 283K,788.2619,mbar,4.2641,mmol/g,hexagon,solid,#f1231f,false,medium,788.23,178.29,assigned_by=joint_assignment; source=auto,pt-47bcf6fceacd00eb,src-bef938a2b19fabf7,CO2,true,Legend heading 'CO2 @' binds the row '283K' to CO2.,co2_loading,per gram of sorbent,visible_marker,,,,,,,,review
figp1a,a,figp1a:a:co2-283k-09bb156a,CO2 283K,836.4819,mbar,4.2714,mmol/g,hexagon,solid,#f1231f,false,high,822.94,177.39,assigned_by=joint_assignment; source=auto,pt-d230cab5eed853c2,src-2246ec2129eb902d,CO2,true,Legend heading 'CO2 @' binds the row '283K' to CO2.,co2_loading,per gram of sorbent,visible_marker,,,,,,,,review
figp1a,a,figp1a:a:co2-283k-09bb156a,CO2 283K,867.6144,mbar,4.3265,mmol/g,hexagon,solid,#f1231f,false,high,845.35,170.54,assigned_by=joint_assignment; source=auto,pt-423237e9d14c5221,src-8a80e9ca3ab08ca8,CO2,true,Legend heading 'CO2 @' binds the row '283K' to CO2.,co2_loading,per gram of sorbent,visible_marker,,,,,,,,review
figp1a,a,figp1a:a:co2-283k-09bb156a,CO2 283K,895.6073,mbar,4.3213,mmol/g,hexagon,solid,#f1231f,false,high,865.5,171.19,assigned_by=joint_assignment; source=auto,pt-e235d4b9f8c3aa78,src-516473bea29619a2,CO2,true,Legend heading 'CO2 @' binds the row '283K' to CO2.,co2_loading,per gram of sorbent,visible_marker,,,,,,,,review
figp1a,a,figp1a:a:co2-283k-09bb156a,CO2 283K,926.7259,mbar,4.3661,mmol/g,hexagon,solid,#f1231f,false,high,887.9,165.62,assigned_by=joint_assignment; source=auto,pt-aa5a40472b461344,src-0192c95814d5ac14,CO2,true,Legend heading 'CO2 @' binds the row '283K' to CO2.,co2_loading,per gram of sorbent,visible_marker,,,,,,,,review
figp1a,a,figp1a:a:co2-283k-09bb156a,CO2 283K,956.3442,mbar,4.3703,mmol/g,hexagon,solid,#f1231f,false,high,909.22,165.1,assigned_by=joint_assignment; source=auto,pt-ae1d13d2ca916297,src-10b7fc01e369717f,CO2,true,Legend heading 'CO2 @' binds the row '283K' to CO2.,co2_loading,per gram of sorbent,visible_marker,,,,,,,,review
figp1a,a,figp1a:a:co2-283k-09bb156a,CO2 283K,1003.3139,mbar,4.4171,mmol/g,hexagon,solid,#f1231f,false,medium,943.03,159.28,assigned_by=joint_assignment; source=auto,pt-ed5bd6b3a6e8da16,src-5508b9915543ca33,CO2,true,Legend heading 'CO2 @' binds the row '283K' to CO2.,co2_loading,per gram of sorbent,visible_marker,,,,,,,,review
figp1a,a,figp1a:a:co2-283k-09bb156a,CO2 283K,1014.9973,mbar,4.4113,mmol/g,hexagon,solid,#f1231f,false,medium,951.44,160.0,assigned_by=joint_assignment; source=auto,pt-ae47de73e322c75b,src-f6ac6cd70e939b5e,CO2,true,Legend heading 'CO2 @' binds the row '283K' to CO2.,co2_loading,per gram of sorbent,visible_marker,,,,,,,,review
figp1a,a,figp1a:a:co2-283k-09bb156a,CO2 283K,1079.1101,mbar,4.452,mmol/g,hexagon,solid,#f1231f,false,high,997.59,154.95,assigned_by=joint_assignment; source=auto,pt-61216dfb43f8f260,src-9080ada3b48238ce,CO2,true,Legend heading 'CO2 @' binds the row '283K' to CO2.,co2_loading,per gram of sorbent,visible_marker,,,,,,,,review
figp1a,a,figp1a:a:co2-283k-09bb156a,CO2 283K,1138.0271,mbar,4.4793,mmol/g,hexagon,solid,#f1231f,false,high,1040.0,151.55,assigned_by=joint_assignment; source=auto,pt-d055a963d3c0dce9,src-c86af83d6d5d4287,CO2,true,Legend heading 'CO2 @' binds the row '283K' to CO2.,co2_loading,per gram of sorbent,visible_marker,,,,,,,,review
figp1a,a,figp1a:a:co2-293k-5864b600,CO2 293K,-1.5961,mbar,0.4063,mmol/g,triangle_up,solid,#384ca8,false,high,219.67,657.66,assigned_by=joint_assignment; source=auto,pt-d68c565386c746ec,src-9dbf84d9066b70a9,CO2,true,Legend heading 'CO2 @' binds the row '293K' to CO2.,co2_loading,per gram of sorbent,visible_marker,,,,,,,,review
figp1a,a,figp1a:a:co2-293k-5864b600,CO2 293K,9.1009,mbar,0.9081,mmol/g,triangle_up,solid,#384ca8,false,high,227.37,595.31,assigned_by=joint_assignment; source=auto,pt-45481bf787102259,src-4b5b689c909dfd3c,CO2,true,Legend heading 'CO2 @' binds the row '293K' to CO2.,co2_loading,per gram of sorbent,visible_marker,,,,,,,,review
figp1a,a,figp1a:a:co2-293k-5864b600,CO2 293K,19.3812,mbar,1.0273,mmol/g,triangle_up,solid,#384ca8,false,high,234.77,580.5,assigned_by=joint_assignment; source=auto,pt-7a7c1b60660453ff,src-c64a2c412f9a9d94,CO2,true,Legend heading 'CO2 @' binds the row '293K' to CO2.,co2_loading,per gram of sorbent,visible_marker,,,,,,,,review
figp1a,a,figp1a:a:co2-293k-5864b600,CO2 293K,169.5843,mbar,2.588,mmol/g,triangle_up,solid,#384ca8,false,high,342.89,386.57,assigned_by=joint_assignment; source=auto,pt-97fdff75afb0f7a0,src-8ead95cdb74a4705,CO2,true,Legend heading 'CO2 @' binds the row '293K' to CO2.,co2_loading,per gram of sorbent,visible_marker,,,,,,,,review
figp1a,a,figp1a:a:co2-293k-5864b600,CO2 293K,175.5163,mbar,2.4483,mmol/g,triangle_up,solid,#384ca8,false,medium,347.16,403.93,assigned_by=joint_assignment; source=auto,pt-fc471abaa9a8605f,src-20a7cf417401f41c,CO2,true,Legend heading 'CO2 @' binds the row '293K' to CO2.,co2_loading,per gram of sorbent,visible_marker,,,,,,,,review
figp1a,a,figp1a:a:co2-293k-5864b600,CO2 293K,183.1987,mbar,2.6397,mmol/g,triangle_up,solid,#384ca8,false,low,352.69,380.14,assigned_by=joint_assignment; source=auto,pt-8e5b842f07c87125,src-1abb3fc0fc7f08fc,CO2,true,Legend heading 'CO2 @' binds the row '293K' to CO2.,co2_loading,per gram of sorbent,visible_marker,,,,,,,,review
figp1a,a,figp1a:a:co2-293k-5864b600,CO2 293K,235.0723,mbar,2.9563,mmol/g,triangle_up,solid,#384ca8,false,medium,390.03,340.8,assigned_by=joint_assignment; source=auto,pt-0aa7eaf34c136a59,src-536a3e34c175228a,CO2,true,Legend heading 'CO2 @' binds the row '293K' to CO2.,co2_loading,per gram of sorbent,visible_marker,,,,,,,,review
figp1a,a,figp1a:a:co2-293k-5864b600,CO2 293K,295.9621,mbar,3.0742,mmol/g,triangle_up,solid,#384ca8,false,high,433.86,326.15,assigned_by=joint_assignment; source=auto,pt-b2b29750b106e5aa,src-5e4c398f53464c7f,CO2,true,Legend heading 'CO2 @' binds the row '293K' to CO2.,co2_loading,per gram of sorbent,visible_marker,,,,,,,,review
figp1a,a,figp1a:a:co2-293k-5864b600,CO2 293K,329.4146,mbar,3.1834,mmol/g,triangle_up,solid,#384ca8,false,high,457.94,312.58,assigned_by=joint_assignment; source=auto,pt-863ebcf7e3d1ee91,src-10a05bb7761b8751,CO2,true,Legend heading 'CO2 @' binds the row '293K' to CO2.,co2_loading,per gram of sorbent,visible_marker,,,,,,,,review
figp1a,a,figp1a:a:co2-293k-5864b600,CO2 293K,358.9079,mbar,3.1892,mmol/g,triangle_up,solid,#384ca8,false,high,479.17,311.86,assigned_by=joint_assignment; source=auto,pt-f50869373ed6b0ef,src-df936c962aaf1463,CO2,true,Legend heading 'CO2 @' binds the row '293K' to CO2.,co2_loading,per gram of sorbent,visible_marker,,,,,,,,review
figp1a,a,figp1a:a:co2-293k-5864b600,CO2 293K,400.0845,mbar,3.3042,mmol/g,triangle_up,solid,#384ca8,false,low,508.81,297.57,assigned_by=joint_assignment; source=auto,pt-56de113cdca3451f,src-eb5776576c3d712c,CO2,true,Legend heading 'CO2 @' binds the row '293K' to CO2.,co2_loading,per gram of sorbent,visible_marker,,,,,,,,review
figp1a,a,figp1a:a:co2-293k-5864b600,CO2 293K,420.3533,mbar,3.3086,mmol/g,triangle_up,solid,#384ca8,false,high,523.4,297.02,assigned_by=joint_assignment; source=auto,pt-b0384232d60d2650,src-684938bfa99fdb15,CO2,true,Legend heading 'CO2 @' binds the row '293K' to CO2.,co2_loading,per gram of sorbent,visible_marker,,,,,,,,review
figp1a,a,figp1a:a:co2-293k-5864b600,CO2 293K,474.2414,mbar,3.374,mmol/g,triangle_up,solid,#384ca8,false,high,562.19,288.9,assigned_by=joint_assignment; source=auto,pt-e293eb86f8ee8df6,src-5c128f7973e5f260,CO2,true,Legend heading 'CO2 @' binds the row '293K' to CO2.,co2_loading,per gram of sorbent,visible_marker,,,,,,,,review
figp1a,a,figp1a:a:co2-293k-5864b600,CO2 293K,487.2584,mbar,3.4486,mmol/g,triangle_up,solid,#384ca8,false,medium,571.56,279.63,assigned_by=joint_assignment; source=auto,pt-93307319e3d547f3,src-b9c373de33fb7da7,CO2,true,Legend heading 'CO2 @' binds the row '293K' to CO2.,co2_loading,per gram of sorbent,visible_marker,,,,,,,,review
figp1a,a,figp1a:a:co2-293k-5864b600,CO2 293K,535.923,mbar,3.4628,mmol/g,triangle_up,solid,#384ca8,false,high,606.59,277.87,assigned_by=joint_assignment; source=auto,pt-569f01de6c2bdae6,src-e719dbf3197830db,CO2,true,Legend heading 'CO2 @' binds the row '293K' to CO2.,co2_loading,per gram of sorbent,visible_marker,,,,,,,,review
figp1a,a,figp1a:a:co2-293k-5864b600,CO2 293K,561.4153,mbar,3.544,mmol/g,triangle_up,solid,#384ca8,false,high,624.94,267.78,assigned_by=joint_assignment; source=auto,pt-31e7141a5c5023c8,src-9a4f4422726a071a,CO2,true,Legend heading 'CO2 @' binds the row '293K' to CO2.,co2_loading,per gram of sorbent,visible_marker,,,,,,,,review
figp1a,a,figp1a:a:co2-293k-5864b600,CO2 293K,595.9653,mbar,3.5506,mmol/g,triangle_up,solid,#384ca8,false,high,649.81,266.95,assigned_by=joint_assignment; source=auto,pt-b240c2d850b7d126,src-a98306bd4ca2c7d8,CO2,true,Legend heading 'CO2 @' binds the row '293K' to CO2.,co2_loading,per gram of sorbent,visible_marker,,,,,,,,review
figp1a,a,figp1a:a:co2-293k-5864b600,CO2 293K,636.9058,mbar,3.6272,mmol/g,triangle_up,solid,#384ca8,false,high,679.28,257.44,assigned_by=joint_assignment; source=auto,pt-69655bd07e9bbfb3,src-acd5f15ac0f34c33,CO2,true,Legend heading 'CO2 @' binds the row '293K' to CO2.,co2_loading,per gram of sorbent,visible_marker,,,,,,,,review
figp1a,a,figp1a:a:co2-293k-5864b600,CO2 293K,655.1185,mbar,3.6143,mmol/g,triangle_up,solid,#384ca8,false,medium,692.39,259.04,assigned_by=joint_assignment; source=auto,pt-6b5d5550b53b6d17,src-388abcc878589074,CO2,true,Legend heading 'CO2 @' binds the row '293K' to CO2.,co2_loading,per gram of sorbent,visible_marker,,,,,,,,review
figp1a,a,figp1a:a:co2-293k-5864b600,CO2 293K,707.3117,mbar,3.6911,mmol/g,triangle_up,solid,#384ca8,false,high,729.96,249.49,assigned_by=joint_assignment; source=auto,pt-9e4673f71399671f,src-26a6a76d27ecff84,CO2,true,Legend heading 'CO2 @' binds the row '293K' to CO2.,co2_loading,per gram of sorbent,visible_marker,,,,,,,,review
figp1a,a,figp1a:a:co2-293k-5864b600,CO2 293K,720.1481,mbar,3.7075,mmol/g,triangle_up,solid,#384ca8,false,low,739.2,247.46,assigned_by=joint_assignment; source=auto,pt-24b0f698333bd9bc,src-1da09acfc9c9a32f,CO2,true,Legend heading 'CO2 @' binds the row '293K' to CO2.,co2_loading,per gram of sorbent,visible_marker,,,,,,,,review
figp1a,a,figp1a:a:co2-293k-5864b600,CO2 293K,775.995,mbar,3.7449,mmol/g,triangle_up,solid,#384ca8,false,high,779.4,242.81,assigned_by=joint_assignment; source=auto,pt-f048f53da544e61b,src-dfdbf2b1e60145fc,CO2,true,Legend heading 'CO2 @' binds the row '293K' to CO2.,co2_loading,per gram of sorbent,visible_marker,,,,,,,,review
figp1a,a,figp1a:a:co2-293k-5864b600,CO2 293K,788.9982,mbar,3.7965,mmol/g,triangle_up,solid,#384ca8,false,low,788.76,236.4,assigned_by=joint_assignment; source=auto,pt-feda8d359fa4d8e5,src-4e3fead38fce0853,CO2,true,Legend heading 'CO2 @' binds the row '293K' to CO2.,co2_loading,per gram of sorbent,visible_marker,,,,,,,,review
figp1a,a,figp1a:a:co2-293k-5864b600,CO2 293K,837.4404,mbar,3.8015,mmol/g,triangle_up,solid,#384ca8,false,high,823.63,235.78,assigned_by=joint_assignment; source=auto,pt-98e07e697cb085ad,src-f2e3fa298a28f448,CO2,true,Legend heading 'CO2 @' binds the row '293K' to CO2.,co2_loading,per gram of sorbent,visible_marker,,,,,,,,review
figp1a,a,figp1a:a:co2-293k-5864b600,CO2 293K,870.3373,mbar,3.8613,mmol/g,triangle_up,solid,#384ca8,false,high,847.31,228.35,assigned_by=joint_assignment; source=auto,pt-6f1a3c378982ed9c,src-b7cca7fbc533c1b7,CO2,true,Legend heading 'CO2 @' binds the row '293K' to CO2.,co2_loading,per gram of sorbent,visible_marker,,,,,,,,review
figp1a,a,figp1a:a:co2-293k-5864b600,CO2 293K,895.5934,mbar,3.8573,mmol/g,triangle_up,solid,#384ca8,false,high,865.49,228.85,assigned_by=joint_assignment; source=auto,pt-955ead9d30bd2e14,src-d65fe4e9a58a8f2f,CO2,true,Legend heading 'CO2 @' binds the row '293K' to CO2.,co2_loading,per gram of sorbent,visible_marker,,,,,,,,review
figp1a,a,figp1a:a:co2-293k-5864b600,CO2 293K,926.7259,mbar,3.9102,mmol/g,triangle_up,solid,#384ca8,false,medium,887.9,222.27,assigned_by=joint_assignment; source=auto,pt-13ce95dc8ab7e14e,src-e73cd0fbb4ce4e53,CO2,true,Legend heading 'CO2 @' binds the row '293K' to CO2.,co2_loading,per gram of sorbent,visible_marker,,,,,,,,review
figp1a,a,figp1a:a:co2-293k-5864b600,CO2 293K,950.5373,mbar,3.9051,mmol/g,triangle_up,solid,#384ca8,false,high,905.04,222.9,assigned_by=joint_assignment; source=auto,pt-8d73bf7d67d2fc98,src-086842d3a92f8760,CO2,true,Legend heading 'CO2 @' binds the row '293K' to CO2.,co2_loading,per gram of sorbent,visible_marker,,,,,,,,review
figp1a,a,figp1a:a:co2-293k-5864b600,CO2 293K,1005.4533,mbar,3.9531,mmol/g,triangle_up,solid,#384ca8,false,medium,944.57,216.94,assigned_by=joint_assignment; source=auto,pt-f16957339d64df5c,src-e313e97438e8ba30,CO2,true,Legend heading 'CO2 @' binds the row '293K' to CO2.,co2_loading,per gram of sorbent,visible_marker,,,,,,,,review
figp1a,a,figp1a:a:co2-293k-5864b600,CO2 293K,1018.6788,mbar,3.9494,mmol/g,triangle_up,solid,#384ca8,false,low,954.09,217.4,assigned_by=joint_assignment; source=auto,pt-dd5fadc2371b9a91,src-c89cda79c716f702,CO2,true,Legend heading 'CO2 @' binds the row '293K' to CO2.,co2_loading,per gram of sorbent,visible_marker,,,,,,,,review
figp1a,a,figp1a:a:co2-293k-5864b600,CO2 293K,1082.3053,mbar,4.0031,mmol/g,triangle_up,solid,#384ca8,false,high,999.89,210.73,assigned_by=joint_assignment; source=auto,pt-f76b5bda43b52740,src-b76f79a447dbb7fa,CO2,true,Legend heading 'CO2 @' binds the row '293K' to CO2.,co2_loading,per gram of sorbent,visible_marker,,,,,,,,review
figp1a,a,figp1a:a:co2-293k-5864b600,CO2 293K,1139.7637,mbar,4.0337,mmol/g,triangle_up,solid,#384ca8,false,high,1041.25,206.93,assigned_by=joint_assignment; source=auto,pt-8054b724e8ebee05,src-4b02a2a9d63ca54b,CO2,true,Legend heading 'CO2 @' binds the row '293K' to CO2.,co2_loading,per gram of sorbent,visible_marker,,,,,,,,review
figp1a,a,figp1a:a:co2-303k-bc2a4dd1,CO2 303K,-3.9022,mbar,0.269,mmol/g,triangle_down,solid,#389695,false,low,218.01,674.72,assigned_by=joint_assignment; source=auto,pt-3773f2941c961504,src-ecc46697aa606b48,CO2,true,Legend heading 'CO2 @' binds the row '303K' to CO2.,co2_loading,per gram of sorbent,visible_marker,,,,,,,,review
figp1a,a,figp1a:a:co2-303k-bc2a4dd1,CO2 303K,5.8085,mbar,0.7094,mmol/g,triangle_down,solid,#389695,false,medium,225.0,620.0,overlap_flag=true; assigned_by=joint_assignment; source=auto,pt-16f638f7c2ed3832,src-f5e269dd5bb2a615,CO2,true,Legend heading 'CO2 @' binds the row '303K' to CO2.,co2_loading,per gram of sorbent,partially_visible_marker,,,,,,,,review
figp1a,a,figp1a:a:co2-303k-bc2a4dd1,CO2 303K,59.9883,mbar,1.2164,mmol/g,triangle_down,solid,#389695,false,medium,264.0,557.0,overlap_flag=true; assigned_by=joint_assignment; source=auto,pt-88810d9c3d5c21a7,src-a72d221e0355ece2,CO2,true,Legend heading 'CO2 @' binds the row '303K' to CO2.,co2_loading,per gram of sorbent,partially_visible_marker,,,,,,,,review
figp1a,a,figp1a:a:co2-303k-bc2a4dd1,CO2 303K,66.4065,mbar,1.3451,mmol/g,triangle_down,solid,#389695,false,high,268.62,541.0,assigned_by=joint_assignment; source=auto,pt-7e0e67655618644a,src-afe1886dd223be20,CO2,true,Legend heading 'CO2 @' binds the row '303K' to CO2.,co2_loading,per gram of sorbent,visible_marker,,,,,,,,review
figp1a,a,figp1a:a:co2-303k-bc2a4dd1,CO2 303K,121.2809,mbar,1.876,mmol/g,triangle_down,solid,#389695,false,medium,308.12,475.04,assigned_by=joint_assignment; source=auto,pt-fcf7310bcc8ddcb4,src-cda8b458e33a6dc4,CO2,true,Legend heading 'CO2 @' binds the row '303K' to CO2.,co2_loading,per gram of sorbent,visible_marker,,,,,,,,review
figp1a,a,figp1a:a:co2-303k-bc2a4dd1,CO2 303K,227.2371,mbar,2.7103,mmol/g,triangle_down,solid,#389695,false,high,384.39,371.37,assigned_by=joint_assignment; source=auto,pt-55da4a3d687eed10,src-174bad5d331fa2c1,CO2,true,Legend heading 'CO2 @' binds the row '303K' to CO2.,co2_loading,per gram of sorbent,visible_marker,,,,,,,,review
figp1a,a,figp1a:a:co2-303k-bc2a4dd1,CO2 303K,248.5617,mbar,2.7876,mmol/g,triangle_down,solid,#389695,false,high,399.74,361.76,assigned_by=joint_assignment; source=auto,pt-f69c57defbba482f,src-b64f00caa21a5eb3,CO2,true,Legend heading 'CO2 @' binds the row '303K' to CO2.,co2_loading,per gram of sorbent,visible_marker,,,,,,,,review
figp1a,a,figp1a:a:co2-303k-bc2a4dd1,CO2 303K,259.481,mbar,2.8011,mmol/g,triangle_down,solid,#389695,false,low,407.6,360.08,assigned_by=joint_assignment; source=auto,pt-80c482f5d7521374,src-b60a4015fcf4ce12,CO2,true,Legend heading 'CO2 @' binds the row '303K' to CO2.,co2_loading,per gram of sorbent,visible_marker,,,,,,,,review
figp1a,a,figp1a:a:co2-303k-bc2a4dd1,CO2 303K,291.8917,mbar,2.815,mmol/g,triangle_down,solid,#389695,false,low,430.93,358.36,assigned_by=joint_assignment; source=auto,pt-3818aa8c4cac1c57,src-c85150a1efdaa02d,CO2,true,Legend heading 'CO2 @' binds the row '303K' to CO2.,co2_loading,per gram of sorbent,visible_marker,,,,,,,,review
figp1a,a,figp1a:a:co2-303k-bc2a4dd1,CO2 303K,323.6632,mbar,2.9045,mmol/g,triangle_down,solid,#389695,false,high,453.8,347.24,assigned_by=joint_assignment; source=auto,pt-eff075cf1bf46e9a,src-d724275757f0e635,CO2,true,Legend heading 'CO2 @' binds the row '303K' to CO2.,co2_loading,per gram of sorbent,visible_marker,,,,,,,,review
figp1a,a,figp1a:a:co2-303k-bc2a4dd1,CO2 303K,348.3498,mbar,2.9144,mmol/g,triangle_down,solid,#389695,false,high,471.57,346.01,assigned_by=joint_assignment; source=auto,pt-e88e82216f960a93,src-aefdd0870c2dc19d,CO2,true,Legend heading 'CO2 @' binds the row '303K' to CO2.,co2_loading,per gram of sorbent,visible_marker,,,,,,,,review
figp1a,a,figp1a:a:co2-303k-bc2a4dd1,CO2 303K,357.2825,mbar,2.9145,mmol/g,triangle_down,solid,#389695,false,low,478.0,346.0,overlap_flag=true; assigned_by=template; source=template_fit,pt-cdc6b7ec4b538dfc,src-8c6840d27a91b94d,CO2,true,Legend heading 'CO2 @' binds the row '303K' to CO2.,co2_loading,per gram of sorbent,template_fit,,,,,,,,review
figp1a,a,figp1a:a:co2-303k-bc2a4dd1,CO2 303K,368.3963,mbar,2.8098,mmol/g,triangle_down,solid,#389695,false,medium,486.0,359.0,overlap_flag=true; assigned_by=joint_assignment; source=auto,pt-f3d4c2c9132fcc18,src-f6c2293e897fc07a,CO2,true,Legend heading 'CO2 @' binds the row '303K' to CO2.,co2_loading,per gram of sorbent,partially_visible_marker,,,,,,,,review
figp1a,a,figp1a:a:co2-303k-bc2a4dd1,CO2 303K,370.5496,mbar,2.9222,mmol/g,triangle_down,solid,#389695,false,high,487.55,345.04,assigned_by=joint_assignment; source=auto,pt-303ba4391b5c0537,src-beea843069d8467b,CO2,true,Legend heading 'CO2 @' binds the row '303K' to CO2.,co2_loading,per gram of sorbent,visible_marker,,,,,,,,review
figp1a,a,figp1a:a:co2-303k-bc2a4dd1,CO2 303K,401.2098,mbar,3.0207,mmol/g,triangle_down,solid,#389695,false,high,509.62,332.8,assigned_by=joint_assignment; source=auto,pt-5e2a28609e9fc1dd,src-b74cd8b54e119888,CO2,true,Legend heading 'CO2 @' binds the row '303K' to CO2.,co2_loading,per gram of sorbent,visible_marker,,,,,,,,review
figp1a,a,figp1a:a:co2-303k-bc2a4dd1,CO2 303K,410.0731,mbar,3.0271,mmol/g,triangle_down,solid,#389695,false,low,516.0,332.0,overlap_flag=true; assigned_by=template; source=template_fit,pt-9bde0cf1b7f1f4ab,src-34befa10b352ee4b,CO2,true,Legend heading 'CO2 @' binds the row '303K' to CO2.,co2_loading,per gram of sorbent,template_fit,,,,,,,,review
figp1a,a,figp1a:a:co2-303k-bc2a4dd1,CO2 303K,424.6877,mbar,3.015,mmol/g,triangle_down,solid,#389695,false,medium,526.52,333.51,assigned_by=joint_assignment; source=auto,pt-b192a71bbf673585,src-7175249d139c2b43,CO2,true,Legend heading 'CO2 @' binds the row '303K' to CO2.,co2_loading,per gram of sorbent,visible_marker,,,,,,,,review
figp1a,a,figp1a:a:co2-303k-bc2a4dd1,CO2 303K,467.1841,mbar,3.0578,mmol/g,triangle_down,solid,#389695,false,high,557.11,328.19,assigned_by=joint_assignment; source=auto,pt-d7666b6c0363b095,src-c690ce31032cf233,CO2,true,Legend heading 'CO2 @' binds the row '303K' to CO2.,co2_loading,per gram of sorbent,visible_marker,,,,,,,,review
figp1a,a,figp1a:a:co2-303k-bc2a4dd1,CO2 303K,527.8238,mbar,3.1095,mmol/g,triangle_down,solid,#389695,false,high,600.76,321.77,assigned_by=joint_assignment; source=auto,pt-9d2a9491df2b1050,src-d580eb5508e1b750,CO2,true,Legend heading 'CO2 @' binds the row '303K' to CO2.,co2_loading,per gram of sorbent,visible_marker,,,,,,,,review
figp1a,a,figp1a:a:co2-303k-bc2a4dd1,CO2 303K,536.4926,mbar,3.1237,mmol/g,triangle_down,solid,#389695,false,low,607.0,320.0,overlap_flag=true; assigned_by=template; source=template_fit,pt-10ad2346964b72b9,src-5372153aba395b06,CO2,true,Legend heading 'CO2 @' binds the row '303K' to CO2.,co2_loading,per gram of sorbent,template_fit,,,,,,,,review
figp1a,a,figp1a:a:co2-303k-bc2a4dd1,CO2 303K,554.4136,mbar,3.1859,mmol/g,triangle_down,solid,#389695,false,high,619.9,312.27,assigned_by=joint_assignment; source=auto,pt-75dbed6d73347aee,src-a3a3b068cd245a48,CO2,true,Legend heading 'CO2 @' binds the row '303K' to CO2.,co2_loading,per gram of sorbent,visible_marker,,,,,,,,review
figp1a,a,figp1a:a:co2-303k-bc2a4dd1,CO2 303K,585.8101,mbar,3.176,mmol/g,triangle_down,solid,#389695,false,high,642.5,313.5,assigned_by=joint_assignment; source=auto,pt-ce4bb268cea0064e,src-115715c324d94aa9,CO2,true,Legend heading 'CO2 @' binds the row '303K' to CO2.,co2_loading,per gram of sorbent,visible_marker,,,,,,,,review
figp1a,a,figp1a:a:co2-303k-bc2a4dd1,CO2 303K,631.0154,mbar,3.2484,mmol/g,triangle_down,solid,#389695,false,high,675.04,304.5,assigned_by=joint_assignment; source=auto,pt-6a7b0edb06e476d6,src-4a02aba19d89ec90,CO2,true,Legend heading 'CO2 @' binds the row '303K' to CO2.,co2_loading,per gram of sorbent,visible_marker,,,,,,,,review
figp1a,a,figp1a:a:co2-303k-bc2a4dd1,CO2 303K,662.023,mbar,3.2418,mmol/g,triangle_down,solid,#389695,false,high,697.36,305.33,assigned_by=joint_assignment; source=auto,pt-205247b5c8d59a45,src-4fbd4fb2400fcdc6,CO2,true,Legend heading 'CO2 @' binds the row '303K' to CO2.,co2_loading,per gram of sorbent,visible_marker,,,,,,,,review
figp1a,a,figp1a:a:co2-303k-bc2a4dd1,CO2 303K,704.2415,mbar,3.3148,mmol/g,triangle_down,solid,#389695,false,high,727.75,296.25,assigned_by=joint_assignment; source=auto,pt-5a35c2801c0a78b8,src-b3e3a3d66f02f17d,CO2,true,Legend heading 'CO2 @' binds the row '303K' to CO2.,co2_loading,per gram of sorbent,visible_marker,,,,,,,,review
figp1a,a,figp1a:a:co2-303k-bc2a4dd1,CO2 303K,766.5899,mbar,3.3561,mmol/g,triangle_down,solid,#389695,false,high,772.63,291.12,assigned_by=joint_assignment; source=auto,pt-75f2425a5cb36504,src-fe30d231133717d7,CO2,true,Legend heading 'CO2 @' binds the row '303K' to CO2.,co2_loading,per gram of sorbent,visible_marker,,,,,,,,review
figp1a,a,figp1a:a:co2-303k-bc2a4dd1,CO2 303K,827.6881,mbar,3.3947,mmol/g,triangle_down,solid,#389695,false,high,816.61,286.33,assigned_by=joint_assignment; source=auto,pt-85604c5d918b73a5,src-c68e1178d583d21f,CO2,true,Legend heading 'CO2 @' binds the row '303K' to CO2.,co2_loading,per gram of sorbent,visible_marker,,,,,,,,review
figp1a,a,figp1a:a:co2-303k-bc2a4dd1,CO2 303K,861.5713,mbar,3.4617,mmol/g,triangle_down,solid,#389695,false,medium,841.0,278.0,overlap_flag=true; assigned_by=template; source=template_fit,pt-bcc452be79c09e7e,src-4df90b6442125674,CO2,true,Legend heading 'CO2 @' binds the row '303K' to CO2.,co2_loading,per gram of sorbent,template_fit,,,,,,,,review
figp1a,a,figp1a:a:co2-303k-bc2a4dd1,CO2 303K,881.715,mbar,3.4577,mmol/g,triangle_down,solid,#389695,false,high,855.5,278.5,assigned_by=joint_assignment; source=auto,pt-9f1063cf4cb978c8,src-314a85ee5bb51c78,CO2,true,Legend heading 'CO2 @' binds the row '303K' to CO2.,co2_loading,per gram of sorbent,visible_marker,,,,,,,,review
figp1a,a,figp1a:a:co2-303k-bc2a4dd1,CO2 303K,942.841,mbar,3.4939,mmol/g,triangle_down,solid,#389695,false,high,899.5,274.0,assigned_by=joint_assignment; source=auto,pt-caf9bdbbc5e058c0,src-fee2bdcf004c29d9,CO2,true,Legend heading 'CO2 @' binds the row '303K' to CO2.,co2_loading,per gram of sorbent,visible_marker,,,,,,,,review
figp1a,a,figp1a:a:co2-303k-bc2a4dd1,CO2 303K,997.632,mbar,3.5209,mmol/g,triangle_down,solid,#389695,false,high,938.94,270.64,assigned_by=joint_assignment; source=auto,pt-ac17c9c411a00719,src-8731cad55df8677c,CO2,true,Legend heading 'CO2 @' binds the row '303K' to CO2.,co2_loading,per gram of sorbent,visible_marker,,,,,,,,review
figp1a,a,figp1a:a:co2-303k-bc2a4dd1,CO2 303K,1027.4309,mbar,3.5316,mmol/g,triangle_down,solid,#389695,false,high,960.39,269.32,assigned_by=joint_assignment; source=auto,pt-518bc7ef34632fb2,src-8f5a8ead59d7556c,CO2,true,Legend heading 'CO2 @' binds the row '303K' to CO2.,co2_loading,per gram of sorbent,visible_marker,,,,,,,,review
figp1a,a,figp1a:a:co2-303k-bc2a4dd1,CO2 303K,1081.055,mbar,3.5522,mmol/g,triangle_down,solid,#389695,false,high,998.99,266.75,assigned_by=joint_assignment; source=auto,pt-4bda0adb07231a74,src-d31051403d254be4,CO2,true,Legend heading 'CO2 @' binds the row '303K' to CO2.,co2_loading,per gram of sorbent,visible_marker,,,,,,,,review
figp1a,a,figp1a:a:co2-303k-bc2a4dd1,CO2 303K,1148.2518,mbar,3.612,mmol/g,triangle_down,solid,#389695,false,high,1047.36,259.33,assigned_by=joint_assignment; source=auto,pt-7c0a6ba5d12fe606,src-80cd0116659be10f,CO2,true,Legend heading 'CO2 @' binds the row '303K' to CO2.,co2_loading,per gram of sorbent,visible_marker,,,,,,,,review
figp1a,a,figp1a:a:co2-313k-21d87380,CO2 313K,18.2282,mbar,0.692,mmol/g,triangle_left,solid,#b553a1,false,high,233.94,622.16,assigned_by=color; source=auto,pt-71bcccc358744420,src-45c363900b933349,CO2,true,Legend heading 'CO2 @' binds the row '313K' to CO2.,co2_loading,per gram of sorbent,visible_marker,,,,,,,,review
figp1a,a,figp1a:a:co2-313k-21d87380,CO2 313K,251.0484,mbar,2.6448,mmol/g,triangle_left,solid,#b553a1,false,medium,401.53,379.51,assigned_by=color; source=auto,pt-85bf889e55856e17,src-b19cd7dfc9e36647,CO2,true,Legend heading 'CO2 @' binds the row '313K' to CO2.,co2_loading,per gram of sorbent,visible_marker,,,,,,,,review
figp1a,a,figp1a:a:co2-313k-21d87380,CO2 313K,297.0596,mbar,2.7029,mmol/g,triangle_left,solid,#b553a1,false,high,434.65,372.29,assigned_by=color; source=auto,pt-ae47288049da9c7f,src-79fbedd1c36b3923,CO2,true,Legend heading 'CO2 @' binds the row '313K' to CO2.,co2_loading,per gram of sorbent,visible_marker,,,,,,,,review
figp1a,a,figp1a:a:co2-313k-21d87380,CO2 313K,332.6515,mbar,2.7968,mmol/g,triangle_left,solid,#b553a1,false,high,460.27,360.62,assigned_by=color; source=auto,pt-17f8605dea9828bf,src-4589aa181c36b0e5,CO2,true,Legend heading 'CO2 @' binds the row '313K' to CO2.,co2_loading,per gram of sorbent,visible_marker,,,,,,,,review
figp1a,a,figp1a:a:co2-313k-21d87380,CO2 313K,358.3661,mbar,2.793,mmol/g,triangle_left,solid,#b553a1,false,high,478.78,361.09,assigned_by=color; source=auto,pt-ac40e63f260b6ecb,src-a1c19916d9896a67,CO2,true,Legend heading 'CO2 @' binds the row '313K' to CO2.,co2_loading,per gram of sorbent,visible_marker,,,,,,,,review
figp1a,a,figp1a:a:co2-313k-21d87380,CO2 313K,409.559,mbar,2.8972,mmol/g,triangle_left,solid,#b553a1,false,medium,515.63,348.15,assigned_by=color; source=auto,pt-5fe1e9c9f9153cd0,src-01df82f77c765924,CO2,true,Legend heading 'CO2 @' binds the row '313K' to CO2.,co2_loading,per gram of sorbent,visible_marker,,,,,,,,review
figp1a,a,figp1a:a:co2-313k-21d87380,CO2 313K,473.9635,mbar,2.9465,mmol/g,triangle_left,solid,#b553a1,false,medium,561.99,342.02,assigned_by=color; source=auto,pt-d210ea959eeb7a9b,src-a16f65436dc58d38,CO2,true,Legend heading 'CO2 @' binds the row '313K' to CO2.,co2_loading,per gram of sorbent,visible_marker,,,,,,,,review
figp1a,a,figp1a:a:co2-313k-21d87380,CO2 313K,484.2855,mbar,2.9784,mmol/g,triangle_left,solid,#b553a1,false,medium,569.42,338.06,assigned_by=color; source=auto,pt-ab06fc0fed3ef855,src-9b52805379461e81,CO2,true,Legend heading 'CO2 @' binds the row '313K' to CO2.,co2_loading,per gram of sorbent,visible_marker,,,,,,,,review
figp1a,a,figp1a:a:co2-313k-21d87380,CO2 313K,534.5754,mbar,2.9865,mmol/g,triangle_left,solid,#b553a1,false,high,605.62,337.05,assigned_by=color; source=auto,pt-cca76fb7ff8e6450,src-bda7bb794e875f36,CO2,true,Legend heading 'CO2 @' binds the row '313K' to CO2.,co2_loading,per gram of sorbent,visible_marker,,,,,,,,review
figp1a,a,figp1a:a:co2-313k-21d87380,CO2 313K,561.9709,mbar,3.057,mmol/g,triangle_left,solid,#b553a1,false,high,625.34,328.29,assigned_by=color; source=auto,pt-2821c6c31c17a371,src-79e5d4692501e534,CO2,true,Legend heading 'CO2 @' binds the row '313K' to CO2.,co2_loading,per gram of sorbent,visible_marker,,,,,,,,review
figp1a,a,figp1a:a:co2-313k-21d87380,CO2 313K,594.2149,mbar,3.0534,mmol/g,triangle_left,solid,#b553a1,false,high,648.55,328.73,assigned_by=color; source=auto,pt-2203a1a628709661,src-d0ead1b0ab9eb3ec,CO2,true,Legend heading 'CO2 @' binds the row '313K' to CO2.,co2_loading,per gram of sorbent,visible_marker,,,,,,,,review
figp1a,a,figp1a:a:co2-313k-21d87380,CO2 313K,637.9755,mbar,3.1231,mmol/g,triangle_left,solid,#b553a1,false,medium,680.05,320.08,assigned_by=color; source=auto,pt-0c30da1626b7cf49,src-c7984726dd0a94d5,CO2,true,Legend heading 'CO2 @' binds the row '313K' to CO2.,co2_loading,per gram of sorbent,visible_marker,,,,,,,,review
figp1a,a,figp1a:a:co2-313k-21d87380,CO2 313K,658.0498,mbar,3.1012,mmol/g,triangle_left,solid,#b553a1,false,medium,694.5,322.79,assigned_by=color; source=auto,pt-e4cb4ced03d40150,src-6f82ed643182188b,CO2,true,Legend heading 'CO2 @' binds the row '313K' to CO2.,co2_loading,per gram of sorbent,visible_marker,,,,,,,,review
figp1a,a,figp1a:a:co2-313k-21d87380,CO2 313K,713.5771,mbar,3.1767,mmol/g,triangle_left,solid,#b553a1,false,medium,734.47,313.41,assigned_by=color; source=auto,pt-bc9fb815583a4ae4,src-590a47e54f3dc226,CO2,true,Legend heading 'CO2 @' binds the row '313K' to CO2.,co2_loading,per gram of sorbent,visible_marker,,,,,,,,review
figp1a,a,figp1a:a:co2-313k-21d87380,CO2 313K,777.676,mbar,3.1932,mmol/g,triangle_left,solid,#b553a1,false,medium,780.61,311.37,assigned_by=color; source=auto,pt-6c16c85db82a557e,src-522d7d61d6fba58c,CO2,true,Legend heading 'CO2 @' binds the row '313K' to CO2.,co2_loading,per gram of sorbent,visible_marker,,,,,,,,review
figp1a,a,figp1a:a:co2-313k-21d87380,CO2 313K,794.1939,mbar,3.2518,mmol/g,triangle_left,solid,#b553a1,false,medium,792.5,304.08,assigned_by=color; source=auto,pt-ff3cb2466fe08331,src-dd3e8f8e498367f8,CO2,true,Legend heading 'CO2 @' binds the row '313K' to CO2.,co2_loading,per gram of sorbent,visible_marker,,,,,,,,review
figp1a,a,figp1a:a:co2-313k-21d87380,CO2 313K,838.0378,mbar,3.2459,mmol/g,triangle_left,solid,#b553a1,false,high,824.06,304.81,assigned_by=color; source=auto,pt-0ceebea5cedc6544,src-ad5ae640523cff99,CO2,true,Legend heading 'CO2 @' binds the row '313K' to CO2.,co2_loading,per gram of sorbent,visible_marker,,,,,,,,review
figp1a,a,figp1a:a:co2-313k-21d87380,CO2 313K,869.0314,mbar,3.2926,mmol/g,triangle_left,solid,#b553a1,false,medium,846.37,299.01,assigned_by=color; source=auto,pt-782e0d4fd661d9a5,src-5585ab9570840a7f,CO2,true,Legend heading 'CO2 @' binds the row '313K' to CO2.,co2_loading,per gram of sorbent,visible_marker,,,,,,,,review
figp1a,a,figp1a:a:co2-313k-21d87380,CO2 313K,898.8164,mbar,3.2938,mmol/g,triangle_left,solid,#b553a1,false,medium,867.81,298.87,assigned_by=color; source=auto,pt-629bfd005e569812,src-34fbd0e909d5d001,CO2,true,Legend heading 'CO2 @' binds the row '313K' to CO2.,co2_loading,per gram of sorbent,visible_marker,,,,,,,,review
figp1a,a,figp1a:a:co2-313k-21d87380,CO2 313K,930.3657,mbar,3.338,mmol/g,triangle_left,solid,#b553a1,false,medium,890.52,293.37,assigned_by=color; source=auto,pt-fd2b7cd4c82e73bc,src-6c18d7398dc960b1,CO2,true,Legend heading 'CO2 @' binds the row '313K' to CO2.,co2_loading,per gram of sorbent,visible_marker,,,,,,,,review
figp1a,a,figp1a:a:co2-313k-21d87380,CO2 313K,958.5253,mbar,3.3284,mmol/g,triangle_left,solid,#b553a1,false,medium,910.79,294.56,assigned_by=color; source=auto,pt-59b741a64c534ea9,src-0c8dd02bad0b0369,CO2,true,Legend heading 'CO2 @' binds the row '313K' to CO2.,co2_loading,per gram of sorbent,visible_marker,,,,,,,,review
figp1a,a,figp1a:a:co2-323k-c5e1f4c4,CO2 323K,10.4068,mbar,0.5352,mmol/g,triangle_right,solid,#8d8b35,false,low,228.31,641.64,overlap_flag=true; assigned_by=color; source=auto,pt-42567a25fbd672c2,src-e53fbebfc154237c,CO2,true,Legend heading 'CO2 @' binds the row '323K' to CO2.,co2_loading,per gram of sorbent,partially_visible_marker,,,,,,,,review
figp1a,a,figp1a:a:co2-323k-c5e1f4c4,CO2 323K,15.9776,mbar,0.4778,mmol/g,triangle_right,solid,#8d8b35,false,low,232.32,648.78,overlap_flag=true; assigned_by=color; source=auto,pt-11233e03a93b6451,src-751d892ec0bac41d,CO2,true,Legend heading 'CO2 @' binds the row '323K' to CO2.,co2_loading,per gram of sorbent,partially_visible_marker,,,,,,,,review
figp1a,a,figp1a:a:co2-323k-c5e1f4c4,CO2 323K,235.0862,mbar,2.3345,mmol/g,triangle_right,solid,#8d8b35,false,medium,390.04,418.07,assigned_by=color; source=auto,pt-ec9fc1a8203eb8f3,src-71954dd100ac97f5,CO2,true,Legend heading 'CO2 @' binds the row '323K' to CO2.,co2_loading,per gram of sorbent,visible_marker,,,,,,,,review
figp1a,a,figp1a:a:co2-323k-c5e1f4c4,CO2 323K,253.0489,mbar,2.4083,mmol/g,triangle_right,solid,#8d8b35,false,medium,402.97,408.89,assigned_by=color; source=auto,pt-3452f093264b8116,src-32da9d4c2e1fa816,CO2,true,Legend heading 'CO2 @' binds the row '323K' to CO2.,co2_loading,per gram of sorbent,visible_marker,,,,,,,,review
figp1a,a,figp1a:a:co2-323k-c5e1f4c4,CO2 323K,293.392,mbar,2.4395,mmol/g,triangle_right,solid,#8d8b35,false,high,432.01,405.02,overlap_flag=true; assigned_by=color; source=auto,pt-29419964c7328fa0,src-e41f50d9cf6eee13,CO2,true,Legend heading 'CO2 @' binds the row '323K' to CO2.,co2_loading,per gram of sorbent,partially_visible_marker,,,,,,,,review
figp1a,a,figp1a:a:co2-323k-c5e1f4c4,CO2 323K,330.7344,mbar,2.5474,mmol/g,triangle_right,solid,#8d8b35,false,high,458.89,391.61,assigned_by=color; source=auto,pt-3c18965574c9ffad,src-010148a9cf7b4529,CO2,true,Legend heading 'CO2 @' binds the row '323K' to CO2.,co2_loading,per gram of sorbent,visible_marker,,,,,,,,review
figp1a,a,figp1a:a:co2-323k-c5e1f4c4,CO2 323K,356.8796,mbar,2.5595,mmol/g,triangle_right,solid,#8d8b35,false,high,477.71,390.11,assigned_by=color; source=auto,pt-9392e069c9139139,src-529a7c09f42eadd2,CO2,true,Legend heading 'CO2 @' binds the row '323K' to CO2.,co2_loading,per gram of sorbent,visible_marker,,,,,,,,review
figp1a,a,figp1a:a:co2-323k-c5e1f4c4,CO2 323K,406.3777,mbar,2.6544,mmol/g,triangle_right,solid,#8d8b35,false,medium,513.34,378.32,assigned_by=color; source=auto,pt-a7eb55fdb66d41b8,src-5f4ab9c495a4fb1c,CO2,true,Legend heading 'CO2 @' binds the row '323K' to CO2.,co2_loading,per gram of sorbent,visible_marker,,,,,,,,review
figp1a,a,figp1a:a:co2-323k-c5e1f4c4,CO2 323K,420.4922,mbar,2.6054,mmol/g,triangle_right,solid,#8d8b35,false,high,523.5,384.4,assigned_by=color; source=auto,pt-47bc32f5c618557e,src-ccf09e9c824311b2,CO2,true,Legend heading 'CO2 @' binds the row '323K' to CO2.,co2_loading,per gram of sorbent,visible_marker,,,,,,,,review
figp1a,a,figp1a:a:co2-323k-c5e1f4c4,CO2 323K,471.6852,mbar,2.6886,mmol/g,triangle_right,solid,#8d8b35,false,high,560.35,374.07,assigned_by=color; source=auto,pt-4fc1888d3535c5fd,src-afc8def6003e987e,CO2,true,Legend heading 'CO2 @' binds the row '323K' to CO2.,co2_loading,per gram of sorbent,visible_marker,,,,,,,,review
figp1a,a,figp1a:a:co2-323k-c5e1f4c4,CO2 323K,490.2452,mbar,2.7315,mmol/g,triangle_right,solid,#8d8b35,false,high,573.71,368.74,assigned_by=color; source=auto,pt-fa5cd766a9e1c59e,src-985165bd0de13b22,CO2,true,Legend heading 'CO2 @' binds the row '323K' to CO2.,co2_loading,per gram of sorbent,visible_marker,,,,,,,,review
figp1a,a,figp1a:a:co2-323k-c5e1f4c4,CO2 323K,534.5893,mbar,2.7442,mmol/g,triangle_right,solid,#8d8b35,false,high,605.63,367.16,assigned_by=color; source=auto,pt-02a1ba2c86913f95,src-cd3ae5fb19301275,CO2,true,Legend heading 'CO2 @' binds the row '323K' to CO2.,co2_loading,per gram of sorbent,visible_marker,,,,,,,,review
figp1a,a,figp1a:a:co2-323k-c5e1f4c4,CO2 323K,560.1927,mbar,2.8055,mmol/g,triangle_right,solid,#8d8b35,false,high,624.06,359.54,assigned_by=color; source=auto,pt-c17ceed521355b09,src-ab1337ecc0582da1,CO2,true,Legend heading 'CO2 @' binds the row '323K' to CO2.,co2_loading,per gram of sorbent,visible_marker,,,,,,,,review
figp1a,a,figp1a:a:co2-323k-c5e1f4c4,CO2 323K,594.9234,mbar,2.7929,mmol/g,triangle_right,solid,#8d8b35,false,high,649.06,361.1,assigned_by=color; source=auto,pt-329a469f5ce25c0c,src-19f974087b3b99fd,CO2,true,Legend heading 'CO2 @' binds the row '323K' to CO2.,co2_loading,per gram of sorbent,visible_marker,,,,,,,,review
figp1a,a,figp1a:a:co2-323k-c5e1f4c4,CO2 323K,655.702,mbar,2.8417,mmol/g,triangle_right,solid,#8d8b35,false,medium,692.81,355.04,assigned_by=color; source=auto,pt-0fc41594071a1683,src-f8b9c174c9f0c4c8,CO2,true,Legend heading 'CO2 @' binds the row '323K' to CO2.,co2_loading,per gram of sorbent,visible_marker,,,,,,,,review
figp1a,a,figp1a:a:co2-323k-c5e1f4c4,CO2 323K,715.4803,mbar,2.8964,mmol/g,triangle_right,solid,#8d8b35,false,high,735.84,348.24,assigned_by=color; source=auto,pt-2624f4bea30374e2,src-9b82fcb5f3b91451,CO2,true,Legend heading 'CO2 @' binds the row '323K' to CO2.,co2_loading,per gram of sorbent,visible_marker,,,,,,,,review
figp1a,a,figp1a:a:co2-323k-c5e1f4c4,CO2 323K,775.606,mbar,2.9236,mmol/g,triangle_right,solid,#8d8b35,false,high,779.12,344.87,assigned_by=color; source=auto,pt-4433567f0c0c214d,src-e4a9bb2edf2f8c4d,CO2,true,Legend heading 'CO2 @' binds the row '323K' to CO2.,co2_loading,per gram of sorbent,visible_marker,,,,,,,,review
figp1a,a,figp1a:a:co2-323k-c5e1f4c4,CO2 323K,791.9155,mbar,2.9613,mmol/g,triangle_right,solid,#8d8b35,false,medium,790.86,340.18,assigned_by=color; source=auto,pt-fccf656f70bfb2b7,src-c7eacb5ff8e8bea0,CO2,true,Legend heading 'CO2 @' binds the row '323K' to CO2.,co2_loading,per gram of sorbent,visible_marker,,,,,,,,review
figp1a,a,figp1a:a:co2-323k-c5e1f4c4,CO2 323K,835.6622,mbar,2.961,mmol/g,triangle_right,solid,#8d8b35,false,high,822.35,340.22,assigned_by=color; source=auto,pt-082b70066a687df8,src-ec063f60ffedf6f5,CO2,true,Legend heading 'CO2 @' binds the row '323K' to CO2.,co2_loading,per gram of sorbent,visible_marker,,,,,,,,review
figp1a,a,figp1a:a:co2-323k-c5e1f4c4,CO2 323K,866.253,mbar,3.0,mmol/g,triangle_right,solid,#8d8b35,false,high,844.37,335.37,assigned_by=color; source=auto,pt-0264160d5f5cf6b9,src-b20f83df0fb411dc,CO2,true,Legend heading 'CO2 @' binds the row '323K' to CO2.,co2_loading,per gram of sorbent,visible_marker,,,,,,,,review
figp1a,a,figp1a:a:co2-323k-c5e1f4c4,CO2 323K,896.9271,mbar,2.983,mmol/g,triangle_right,solid,#8d8b35,false,high,866.45,337.48,assigned_by=color; source=auto,pt-87338940cdadbde9,src-35260d7236344a17,CO2,true,Legend heading 'CO2 @' binds the row '323K' to CO2.,co2_loading,per gram of sorbent,visible_marker,,,,,,,,review
figp1a,a,figp1a:a:co2-323k-c5e1f4c4,CO2 323K,928.0874,mbar,3.026,mmol/g,triangle_right,solid,#8d8b35,false,high,888.88,332.14,assigned_by=color; source=auto,pt-4da027fc4bcb0059,src-0a8c8d3cb424f13c,CO2,true,Legend heading 'CO2 @' binds the row '323K' to CO2.,co2_loading,per gram of sorbent,visible_marker,,,,,,,,review
figp1a,a,figp1a:a:co2-323k-c5e1f4c4,CO2 323K,1006.8426,mbar,3.0988,mmol/g,triangle_right,solid,#8d8b35,false,high,945.57,323.09,assigned_by=color; source=auto,pt-f9f58a6e73252304,src-a77ab144b676464c,CO2,true,Legend heading 'CO2 @' binds the row '323K' to CO2.,co2_loading,per gram of sorbent,visible_marker,,,,,,,,review
figp1a,a,figp1a:a:co2-323k-c5e1f4c4,CO2 323K,1139.0968,mbar,3.1082,mmol/g,triangle_right,solid,#8d8b35,false,high,1040.77,321.93,assigned_by=color; source=auto,pt-2b36eff3451b8e0c,src-ee483380087ccd5d,CO2,true,Legend heading 'CO2 @' binds the row '323K' to CO2.,co2_loading,per gram of sorbent,visible_marker,,,,,,,,review
figp1a,a,figp1a:a:co2-333k-94a1f9ba,CO2 333K,12.8796,mbar,0.3341,mmol/g,diamond,solid,#282372,false,low,230.09,666.63,assigned_by=joint_assignment; source=auto,pt-7766b6c5faeab43c,src-d38d4e20a133eb62,CO2,true,Legend heading 'CO2 @' binds the row '333K' to CO2.,co2_loading,per gram of sorbent,visible_marker,,,,,,,,review
figp1a,a,figp1a:a:co2-333k-94a1f9ba,CO2 333K,32.9956,mbar,0.5128,mmol/g,diamond,solid,#282372,false,medium,244.57,644.43,assigned_by=joint_assignment; source=auto,pt-a40770ee2978fba8,src-0719137f7e0dee72,CO2,true,Legend heading 'CO2 @' binds the row '333K' to CO2.,co2_loading,per gram of sorbent,visible_marker,,,,,,,,review
figp1a,a,figp1a:a:co2-333k-94a1f9ba,CO2 333K,52.0975,mbar,0.7868,mmol/g,diamond,solid,#282372,false,high,258.32,610.38,assigned_by=joint_assignment; source=auto,pt-bec849a057d0db76,src-5d72428232903d5a,CO2,true,Legend heading 'CO2 @' binds the row '333K' to CO2.,co2_loading,per gram of sorbent,visible_marker,,,,,,,,review
figp1a,a,figp1a:a:co2-333k-94a1f9ba,CO2 333K,65.4896,mbar,0.942,mmol/g,diamond,solid,#282372,false,high,267.96,591.1,assigned_by=joint_assignment; source=auto,pt-5f5583a887dd0505,src-cc1bdd11f5c83240,CO2,true,Legend heading 'CO2 @' binds the row '333K' to CO2.,co2_loading,per gram of sorbent,visible_marker,,,,,,,,review
figp1a,a,figp1a:a:co2-333k-94a1f9ba,CO2 333K,81.4101,mbar,1.1159,mmol/g,diamond,solid,#282372,false,high,279.42,569.49,assigned_by=joint_assignment; source=auto,pt-869036fe19ee8d11,src-310e324ad95015e7,CO2,true,Legend heading 'CO2 @' binds the row '333K' to CO2.,co2_loading,per gram of sorbent,visible_marker,,,,,,,,review
figp1a,a,figp1a:a:co2-333k-94a1f9ba,CO2 333K,117.3355,mbar,1.4521,mmol/g,diamond,solid,#282372,false,medium,305.28,527.71,assigned_by=joint_assignment; source=auto,pt-eb950e704c75bc3d,src-b7a746de7a6654d9,CO2,true,Legend heading 'CO2 @' binds the row '333K' to CO2.,co2_loading,per gram of sorbent,visible_marker,,,,,,,,review
figp1a,a,figp1a:a:co2-333k-94a1f9ba,CO2 333K,174.391,mbar,1.788,mmol/g,diamond,solid,#282372,false,low,346.35,485.97,assigned_by=joint_assignment; source=auto,pt-5a00beddeecaba8e,src-ef866c81b0219d6a,CO2,true,Legend heading 'CO2 @' binds the row '333K' to CO2.,co2_loading,per gram of sorbent,visible_marker,,,,,,,,review
figp1a,a,figp1a:a:co2-333k-94a1f9ba,CO2 333K,179.2949,mbar,1.8638,mmol/g,diamond,solid,#282372,false,low,349.88,476.55,assigned_by=joint_assignment; source=auto,pt-1e5aa5798307b3d7,src-8fabe6542e4a4e80,CO2,true,Legend heading 'CO2 @' binds the row '333K' to CO2.,co2_loading,per gram of sorbent,visible_marker,,,,,,,,review
figp1a,a,figp1a:a:co2-333k-94a1f9ba,CO2 333K,237.0589,mbar,2.0329,mmol/g,diamond,solid,#282372,false,medium,391.46,455.54,assigned_by=joint_assignment; source=auto,pt-dc447fe06ba3831c,src-8a2beae2e01828c9,CO2,true,Legend heading 'CO2 @' binds the row '333K' to CO2.,co2_loading,per gram of sorbent,visible_marker,,,,,,,,review
figp1a,a,figp1a:a:co2-333k-94a1f9ba,CO2 333K,252.6599,mbar,2.1098,mmol/g,diamond,solid,#282372,false,medium,402.69,445.98,assigned_by=joint_assignment; source=auto,pt-48b012c00b8bb5cf,src-0e64c9bb422bc7ad,CO2,true,Legend heading 'CO2 @' binds the row '333K' to CO2.,co2_loading,per gram of sorbent,visible_marker,,,,,,,,review
figp1a,a,figp1a:a:co2-333k-94a1f9ba,CO2 333K,297.2402,mbar,2.1882,mmol/g,diamond,solid,#282372,false,high,434.78,436.24,assigned_by=joint_assignment; source=auto,pt-f7e07348aadee8f6,src-117bc0954058f2e7,CO2,true,Legend heading 'CO2 @' binds the row '333K' to CO2.,co2_loading,per gram of sorbent,visible_marker,,,,,,,,review
figp1a,a,figp1a:a:co2-333k-94a1f9ba,CO2 333K,331.2067,mbar,2.2993,mmol/g,diamond,solid,#282372,false,high,459.23,422.44,assigned_by=joint_assignment; source=auto,pt-08785e6a15b4f020,src-dec764d7999f705c,CO2,true,Legend heading 'CO2 @' binds the row '333K' to CO2.,co2_loading,per gram of sorbent,visible_marker,,,,,,,,review
figp1a,a,figp1a:a:co2-333k-94a1f9ba,CO2 333K,360.3527,mbar,2.3082,mmol/g,diamond,solid,#282372,false,high,480.21,421.33,assigned_by=joint_assignment; source=auto,pt-c3c7c8a64cde2ea1,src-f0392a33bd6994b5,CO2,true,Legend heading 'CO2 @' binds the row '333K' to CO2.,co2_loading,per gram of sorbent,visible_marker,,,,,,,,review
figp1a,a,figp1a:a:co2-333k-94a1f9ba,CO2 333K,407.1557,mbar,2.4167,mmol/g,diamond,solid,#282372,false,medium,513.9,407.85,assigned_by=joint_assignment; source=auto,pt-29dd9db1e644a57d,src-1bdd0f8bfa6b5229,CO2,true,Legend heading 'CO2 @' binds the row '333K' to CO2.,co2_loading,per gram of sorbent,visible_marker,,,,,,,,review
figp1a,a,figp1a:a:co2-333k-94a1f9ba,CO2 333K,420.8812,mbar,2.3974,mmol/g,diamond,solid,#282372,false,medium,523.78,410.25,assigned_by=joint_assignment; source=auto,pt-e9df351048af03ff,src-3b4051ac9a8460b8,CO2,true,Legend heading 'CO2 @' binds the row '333K' to CO2.,co2_loading,per gram of sorbent,visible_marker,,,,,,,,review
figp1a,a,figp1a:a:co2-333k-94a1f9ba,CO2 333K,472.0464,mbar,2.4528,mmol/g,diamond,solid,#282372,false,low,560.61,403.37,assigned_by=joint_assignment; source=auto,pt-bc13e3c6e93d8062,src-f80979d856078b3e,CO2,true,Legend heading 'CO2 @' binds the row '333K' to CO2.,co2_loading,per gram of sorbent,visible_marker,,,,,,,,review
figp1a,a,figp1a:a:co2-333k-94a1f9ba,CO2 333K,488.8005,mbar,2.5314,mmol/g,diamond,solid,#282372,false,low,572.67,393.6,assigned_by=joint_assignment; source=auto,pt-64562d34bf41d8cb,src-b94b04f6165cb2ad,CO2,true,Legend heading 'CO2 @' binds the row '333K' to CO2.,co2_loading,per gram of sorbent,visible_marker,,,,,,,,review
figp1a,a,figp1a:a:co2-333k-94a1f9ba,CO2 333K,534.367,mbar,2.5249,mmol/g,diamond,solid,#282372,false,high,605.47,394.41,assigned_by=joint_assignment; source=auto,pt-0b3ee4dc65bb5c63,src-d6933c70fb5f1ae8,CO2,true,Legend heading 'CO2 @' binds the row '333K' to CO2.,co2_loading,per gram of sorbent,visible_marker,,,,,,,,review
figp1a,a,figp1a:a:co2-333k-94a1f9ba,CO2 333K,562.2766,mbar,2.588,mmol/g,diamond,solid,#282372,false,high,625.56,386.57,assigned_by=joint_assignment; source=auto,pt-662c418616a4107b,src-17e413615e365e50,CO2,true,Legend heading 'CO2 @' binds the row '333K' to CO2.,co2_loading,per gram of sorbent,visible_marker,,,,,,,,review
figp1a,a,figp1a:a:co2-333k-94a1f9ba,CO2 333K,595.2707,mbar,2.5787,mmol/g,diamond,solid,#282372,false,high,649.31,387.72,assigned_by=joint_assignment; source=auto,pt-575d6565ca3a944f,src-dee897209910b127,CO2,true,Legend heading 'CO2 @' binds the row '333K' to CO2.,co2_loading,per gram of sorbent,visible_marker,,,,,,,,review
figp1a,a,figp1a:a:co2-333k-94a1f9ba,CO2 333K,637.781,mbar,2.6416,mmol/g,diamond,solid,#282372,false,medium,679.91,379.91,assigned_by=joint_assignment; source=auto,pt-00ccfd1e6dc0e1a7,src-37a0cd6793c9f138,CO2,true,Legend heading 'CO2 @' binds the row '333K' to CO2.,co2_loading,per gram of sorbent,visible_marker,,,,,,,,review
figp1a,a,figp1a:a:co2-333k-94a1f9ba,CO2 333K,655.5353,mbar,2.6259,mmol/g,diamond,solid,#282372,false,medium,692.69,381.85,assigned_by=joint_assignment; source=auto,pt-ccd16f19bfb8171f,src-c591e7854aaa00d2,CO2,true,Legend heading 'CO2 @' binds the row '333K' to CO2.,co2_loading,per gram of sorbent,visible_marker,,,,,,,,review
figp1a,a,figp1a:a:co2-333k-94a1f9ba,CO2 333K,719.4535,mbar,2.6676,mmol/g,diamond,solid,#282372,false,high,738.7,376.68,assigned_by=joint_assignment; source=auto,pt-fafb3f38b48d5cae,src-3816221e39dbb53a,CO2,true,Legend heading 'CO2 @' binds the row '333K' to CO2.,co2_loading,per gram of sorbent,visible_marker,,,,,,,,review
figp1a,a,figp1a:a:co2-333k-94a1f9ba,CO2 333K,781.1074,mbar,2.7064,mmol/g,diamond,solid,#282372,false,high,783.08,371.85,assigned_by=joint_assignment; source=auto,pt-ae35d94289d84d56,src-ff1bc8b64ed56261,CO2,true,Legend heading 'CO2 @' binds the row '333K' to CO2.,co2_loading,per gram of sorbent,visible_marker,,,,,,,,review
figp1a,a,figp1a:a:co2-333k-94a1f9ba,CO2 333K,795.0968,mbar,2.746,mmol/g,diamond,solid,#282372,false,low,793.15,366.93,assigned_by=joint_assignment; source=auto,pt-2c65c5b559925313,src-2d4fc515f110bef5,CO2,true,Legend heading 'CO2 @' binds the row '333K' to CO2.,co2_loading,per gram of sorbent,visible_marker,,,,,,,,review
figp1a,a,figp1a:a:co2-333k-94a1f9ba,CO2 333K,837.1209,mbar,2.7353,mmol/g,diamond,solid,#282372,false,high,823.4,368.26,assigned_by=joint_assignment; source=auto,pt-a89eacda24979f70,src-073e729f51ccc034,CO2,true,Legend heading 'CO2 @' binds the row '333K' to CO2.,co2_loading,per gram of sorbent,visible_marker,,,,,,,,review
figp1a,a,figp1a:a:co2-333k-94a1f9ba,CO2 333K,867.7533,mbar,2.7801,mmol/g,diamond,solid,#282372,false,high,845.45,362.69,assigned_by=joint_assignment; source=auto,pt-ef82bb0a9d803262,src-e6aeb820ad053462,CO2,true,Legend heading 'CO2 @' binds the row '333K' to CO2.,co2_loading,per gram of sorbent,visible_marker,,,,,,,,review
figp1a,a,figp1a:a:co2-333k-94a1f9ba,CO2 333K,897.8856,mbar,2.7607,mmol/g,diamond,solid,#282372,false,high,867.14,365.1,assigned_by=joint_assignment; source=auto,pt-1e332e4622ca7fc8,src-3c6c93f4e8689d4d,CO2,true,Legend heading 'CO2 @' binds the row '333K' to CO2.,co2_loading,per gram of sorbent,visible_marker,,,,,,,,review
figp1a,a,figp1a:a:co2-333k-94a1f9ba,CO2 333K,926.6426,mbar,2.8051,mmol/g,diamond,solid,#282372,false,high,887.84,359.59,assigned_by=joint_assignment; source=auto,pt-3baf1ee7b84f1dac,src-055d9708d637c7f8,CO2,true,Legend heading 'CO2 @' binds the row '333K' to CO2.,co2_loading,per gram of sorbent,visible_marker,,,,,,,,review
figp1a,a,figp1a:a:co2-333k-94a1f9ba,CO2 333K,959.3727,mbar,2.7844,mmol/g,diamond,solid,#282372,false,high,911.4,362.16,assigned_by=joint_assignment; source=auto,pt-b102a380b76d7c86,src-71fd4d09e5170812,CO2,true,Legend heading 'CO2 @' binds the row '333K' to CO2.,co2_loading,per gram of sorbent,visible_marker,,,,,,,,review
figp1a,a,figp1a:a:co2-333k-94a1f9ba,CO2 333K,1001.7997,mbar,2.8266,mmol/g,diamond,solid,#282372,false,low,941.94,356.92,assigned_by=joint_assignment; source=auto,pt-bfbd638e915b7d44,src-1bc08f715c78f1ae,CO2,true,Legend heading 'CO2 @' binds the row '333K' to CO2.,co2_loading,per gram of sorbent,visible_marker,,,,,,,,review
figp1a,a,figp1a:a:co2-333k-94a1f9ba,CO2 333K,1020.1236,mbar,2.8076,mmol/g,diamond,solid,#282372,false,low,955.13,359.28,assigned_by=joint_assignment; source=auto,pt-4ed52d460f92e6e3,src-1d243998a35cc85f,CO2,true,Legend heading 'CO2 @' binds the row '333K' to CO2.,co2_loading,per gram of sorbent,visible_marker,,,,,,,,review
figp1a,a,figp1a:a:co2-333k-94a1f9ba,CO2 333K,1079.8741,mbar,2.8477,mmol/g,diamond,solid,#282372,false,high,998.14,354.3,assigned_by=joint_assignment; source=auto,pt-124bb02fa40e95c5,src-5dfc9b374b605771,CO2,true,Legend heading 'CO2 @' binds the row '333K' to CO2.,co2_loading,per gram of sorbent,visible_marker,,,,,,,,review
figp1a,a,figp1a:a:co2-333k-94a1f9ba,CO2 333K,1139.0274,mbar,2.8597,mmol/g,diamond,solid,#282372,false,high,1040.72,352.81,assigned_by=joint_assignment; source=auto,pt-193845eb0c40d88f,src-9e4aa438650aba86,CO2,true,Legend heading 'CO2 @' binds the row '333K' to CO2.,co2_loading,per gram of sorbent,visible_marker,,,,,,,,review
figp1a,a,figp1a:a:co2-343k-4b01cc9f,CO2 343K,29.4253,mbar,0.3707,mmol/g,pentagon,solid,#7b0f13,false,high,242.0,662.08,assigned_by=color; source=auto,pt-3b56dc02a1e0ee67,src-872bc2d58d0128f4,CO2,true,Legend heading 'CO2 @' binds the row '343K' to CO2.,co2_loading,per gram of sorbent,visible_marker,,,,,,,,review
figp1a,a,figp1a:a:co2-343k-4b01cc9f,CO2 343K,49.1662,mbar,0.5484,mmol/g,pentagon,solid,#7b0f13,false,low,256.21,640.0,overlap_flag=true; assigned_by=color; source=auto,pt-ba724391c46215f1,src-fc26f045d0fcac7a,CO2,true,Legend heading 'CO2 @' binds the row '343K' to CO2.,co2_loading,per gram of sorbent,partially_visible_marker,,,,,,,,review
figp1a,a,figp1a:a:co2-343k-4b01cc9f,CO2 343K,61.8637,mbar,0.6501,mmol/g,pentagon,solid,#7b0f13,false,low,265.35,627.36,overlap_flag=true; assigned_by=color; source=auto,pt-7871aac181be73dc,src-a3fbd5f387324a43,CO2,true,Legend heading 'CO2 @' binds the row '343K' to CO2.,co2_loading,per gram of sorbent,partially_visible_marker,,,,,,,,review
figp1a,a,figp1a:a:co2-343k-4b01cc9f,CO2 343K,80.6738,mbar,0.8034,mmol/g,pentagon,solid,#7b0f13,false,high,278.89,608.32,assigned_by=color; source=auto,pt-86778a50593adc9b,src-e375ad8ce416de2f,CO2,true,Legend heading 'CO2 @' binds the row '343K' to CO2.,co2_loading,per gram of sorbent,visible_marker,,,,,,,,review
figp1a,a,figp1a:a:co2-343k-4b01cc9f,CO2 343K,105.2909,mbar,1.0112,mmol/g,pentagon,solid,#7b0f13,false,medium,296.61,582.5,assigned_by=color; source=auto,pt-017c80e124818e8b,src-1bcf4a42d5b99158,CO2,true,Legend heading 'CO2 @' binds the row '343K' to CO2.,co2_loading,per gram of sorbent,visible_marker,,,,,,,,review
figp1a,a,figp1a:a:co2-343k-4b01cc9f,CO2 343K,121.142,mbar,1.1204,mmol/g,pentagon,solid,#7b0f13,false,medium,308.02,568.93,assigned_by=color; source=auto,pt-72825e9231000571,src-6daf10707763ea67,CO2,true,Legend heading 'CO2 @' binds the row '343K' to CO2.,co2_loading,per gram of sorbent,visible_marker,,,,,,,,review
figp1a,a,figp1a:a:co2-343k-4b01cc9f,CO2 343K,172.7517,mbar,1.4313,mmol/g,pentagon,solid,#7b0f13,false,low,345.17,530.3,overlap_flag=true; assigned_by=color; source=auto,pt-e008f7b40e987c66,src-858ae22817bd46c8,CO2,true,Legend heading 'CO2 @' binds the row '343K' to CO2.,co2_loading,per gram of sorbent,partially_visible_marker,,,,,,,,review
figp1a,a,figp1a:a:co2-343k-4b01cc9f,CO2 343K,177.0166,mbar,1.4981,mmol/g,pentagon,solid,#7b0f13,false,low,348.24,521.99,overlap_flag=true; assigned_by=color; source=auto,pt-b6d935f6ec3f035d,src-7f25cbbbeb4f7433,CO2,true,Legend heading 'CO2 @' binds the row '343K' to CO2.,co2_loading,per gram of sorbent,partially_visible_marker,,,,,,,,review
figp1a,a,figp1a:a:co2-343k-4b01cc9f,CO2 343K,235.1557,mbar,1.701,mmol/g,pentagon,solid,#7b0f13,false,high,390.09,496.78,assigned_by=color; source=auto,pt-ad99498e99bb051b,src-3ae86ba6dee40dff,CO2,true,Legend heading 'CO2 @' binds the row '343K' to CO2.,co2_loading,per gram of sorbent,visible_marker,,,,,,,,review
figp1a,a,figp1a:a:co2-343k-4b01cc9f,CO2 343K,253.4101,mbar,1.7991,mmol/g,pentagon,solid,#7b0f13,false,medium,403.23,484.59,assigned_by=color; source=auto,pt-6b3ce94f6980ef92,src-08008292d9cd8f40,CO2,true,Legend heading 'CO2 @' binds the row '343K' to CO2.,co2_loading,per gram of sorbent,visible_marker,,,,,,,,review
figp1a,a,figp1a:a:co2-343k-4b01cc9f,CO2 343K,297.9209,mbar,1.8982,mmol/g,pentagon,solid,#7b0f13,false,high,435.27,472.28,assigned_by=color; source=auto,pt-15f2fc0cf2cd6c65,src-ea0b9bbd6554af05,CO2,true,Legend heading 'CO2 @' binds the row '343K' to CO2.,co2_loading,per gram of sorbent,visible_marker,,,,,,,,review
figp1a,a,figp1a:a:co2-343k-4b01cc9f,CO2 343K,330.4982,mbar,2.0175,mmol/g,pentagon,solid,#7b0f13,false,high,458.72,457.46,assigned_by=color; source=auto,pt-a653457d1fbb4ccd,src-64b95df8edf02242,CO2,true,Legend heading 'CO2 @' binds the row '343K' to CO2.,co2_loading,per gram of sorbent,visible_marker,,,,,,,,review
figp1a,a,figp1a:a:co2-343k-4b01cc9f,CO2 343K,358.9635,mbar,2.0364,mmol/g,pentagon,solid,#7b0f13,false,high,479.21,455.11,assigned_by=color; source=auto,pt-b675ae24d3beacb2,src-c29103dff9b5117c,CO2,true,Legend heading 'CO2 @' binds the row '343K' to CO2.,co2_loading,per gram of sorbent,visible_marker,,,,,,,,review
figp1a,a,figp1a:a:co2-343k-4b01cc9f,CO2 343K,405.5997,mbar,2.155,mmol/g,pentagon,solid,#7b0f13,false,low,512.78,440.37,overlap_flag=true; assigned_by=color; source=auto,pt-aa9cbb7ec7aa23c1,src-9087cdc5d78cf2f1,CO2,true,Legend heading 'CO2 @' binds the row '343K' to CO2.,co2_loading,per gram of sorbent,partially_visible_marker,,,,,,,,review
figp1a,a,figp1a:a:co2-343k-4b01cc9f,CO2 343K,421.5342,mbar,2.1453,mmol/g,pentagon,solid,#7b0f13,false,low,524.25,441.58,overlap_flag=true; assigned_by=color; source=auto,pt-b779f930432a215f,src-f31ae0a10dae40f1,CO2,true,Legend heading 'CO2 @' binds the row '343K' to CO2.,co2_loading,per gram of sorbent,partially_visible_marker,,,,,,,,review
figp1a,a,figp1a:a:co2-343k-4b01cc9f,CO2 343K,471.06,mbar,2.2241,mmol/g,pentagon,solid,#7b0f13,false,low,559.9,431.78,overlap_flag=true; assigned_by=color; source=auto,pt-7cc2e696c45d226a,src-cac91cafb84e5afb,CO2,true,Legend heading 'CO2 @' binds the row '343K' to CO2.,co2_loading,per gram of sorbent,partially_visible_marker,,,,,,,,review
figp1a,a,figp1a:a:co2-343k-4b01cc9f,CO2 343K,485.0912,mbar,2.2767,mmol/g,pentagon,solid,#7b0f13,false,low,570.0,425.25,overlap_flag=true; assigned_by=color; source=auto,pt-235eb7290a918e54,src-01bdcca32a574b08,CO2,true,Legend heading 'CO2 @' binds the row '343K' to CO2.,co2_loading,per gram of sorbent,partially_visible_marker,,,,,,,,review
figp1a,a,figp1a:a:co2-343k-4b01cc9f,CO2 343K,533.5752,mbar,2.2905,mmol/g,pentagon,solid,#7b0f13,false,high,604.9,423.53,assigned_by=color; source=auto,pt-acf2a838dbf5f663,src-d765fa117c7ff078,CO2,true,Legend heading 'CO2 @' binds the row '343K' to CO2.,co2_loading,per gram of sorbent,visible_marker,,,,,,,,review
figp1a,a,figp1a:a:co2-343k-4b01cc9f,CO2 343K,561.0818,mbar,2.365,mmol/g,pentagon,solid,#7b0f13,false,high,624.7,414.27,assigned_by=color; source=auto,pt-e133a27cff3086fa,src-f3885c7dfe09bf5a,CO2,true,Legend heading 'CO2 @' binds the row '343K' to CO2.,co2_loading,per gram of sorbent,visible_marker,,,,,,,,review
figp1a,a,figp1a:a:co2-343k-4b01cc9f,CO2 343K,594.3677,mbar,2.353,mmol/g,pentagon,solid,#7b0f13,false,high,648.66,415.77,assigned_by=color; source=auto,pt-941860c474c18d0c,src-e6137fe3dbc9d46e,CO2,true,Legend heading 'CO2 @' binds the row '343K' to CO2.,co2_loading,per gram of sorbent,visible_marker,,,,,,,,review
figp1a,a,figp1a:a:co2-343k-4b01cc9f,CO2 343K,638.1977,mbar,2.4248,mmol/g,pentagon,solid,#7b0f13,false,medium,680.21,406.84,assigned_by=color; source=auto,pt-7af057ce1064174a,src-0db8a053ffe0149c,CO2,true,Legend heading 'CO2 @' binds the row '343K' to CO2.,co2_loading,per gram of sorbent,visible_marker,,,,,,,,review
figp1a,a,figp1a:a:co2-343k-4b01cc9f,CO2 343K,653.4237,mbar,2.4106,mmol/g,pentagon,solid,#7b0f13,false,medium,691.17,408.61,assigned_by=color; source=auto,pt-47fd11f4b4c241cb,src-3e2c4ed0ac1c0a60,CO2,true,Legend heading 'CO2 @' binds the row '343K' to CO2.,co2_loading,per gram of sorbent,visible_marker,,,,,,,,review
figp1a,a,figp1a:a:co2-343k-4b01cc9f,CO2 343K,713.9939,mbar,2.4715,mmol/g,pentagon,solid,#7b0f13,false,high,734.77,401.04,assigned_by=color; source=auto,pt-3068ee326f7bc84c,src-3ca71a1c00dcfcc4,CO2,true,Legend heading 'CO2 @' binds the row '343K' to CO2.,co2_loading,per gram of sorbent,visible_marker,,,,,,,,review
figp1a,a,figp1a:a:co2-343k-4b01cc9f,CO2 343K,775.8283,mbar,2.4905,mmol/g,pentagon,solid,#7b0f13,false,low,779.28,398.68,overlap_flag=true; assigned_by=color; source=auto,pt-8b630ff983a1bf3b,src-8201d96b1049c058,CO2,true,Legend heading 'CO2 @' binds the row '343K' to CO2.,co2_loading,per gram of sorbent,partially_visible_marker,,,,,,,,review
figp1a,a,figp1a:a:co2-343k-4b01cc9f,CO2 343K,792.4573,mbar,2.5375,mmol/g,pentagon,solid,#7b0f13,false,low,791.25,392.84,overlap_flag=true; assigned_by=color; source=auto,pt-66f3125d805b067d,src-f8747e7c92bb50f0,CO2,true,Legend heading 'CO2 @' binds the row '343K' to CO2.,co2_loading,per gram of sorbent,partially_visible_marker,,,,,,,,review
figp1a,a,figp1a:a:co2-343k-4b01cc9f,CO2 343K,835.5928,mbar,2.5279,mmol/g,pentagon,solid,#7b0f13,false,high,822.3,394.03,assigned_by=color; source=auto,pt-acbbd78d954ab8ce,src-e1d3872a292e6801,CO2,true,Legend heading 'CO2 @' binds the row '343K' to CO2.,co2_loading,per gram of sorbent,visible_marker,,,,,,,,review
figp1a,a,figp1a:a:co2-343k-4b01cc9f,CO2 343K,867.5588,mbar,2.5771,mmol/g,pentagon,solid,#7b0f13,false,high,845.31,387.92,assigned_by=color; source=auto,pt-004d970155ca1e0c,src-7d79b149a2e9426b,CO2,true,Legend heading 'CO2 @' binds the row '343K' to CO2.,co2_loading,per gram of sorbent,visible_marker,,,,,,,,review
figp1a,a,figp1a:a:co2-343k-4b01cc9f,CO2 343K,896.3992,mbar,2.5699,mmol/g,pentagon,solid,#7b0f13,false,high,866.07,388.82,assigned_by=color; source=auto,pt-54368db8bba8b793,src-ab70e28d03077f69,CO2,true,Legend heading 'CO2 @' binds the row '343K' to CO2.,co2_loading,per gram of sorbent,visible_marker,,,,,,,,review
figp1a,a,figp1a:a:co2-343k-4b01cc9f,CO2 343K,927.4206,mbar,2.6033,mmol/g,pentagon,solid,#7b0f13,false,high,888.4,384.67,assigned_by=color; source=auto,pt-377f68326f26094d,src-e5f1f0432eea58ce,CO2,true,Legend heading 'CO2 @' binds the row '343K' to CO2.,co2_loading,per gram of sorbent,visible_marker,,,,,,,,review
figp1a,a,figp1a:a:co2-343k-4b01cc9f,CO2 343K,957.0944,mbar,2.5882,mmol/g,pentagon,solid,#7b0f13,false,high,909.76,386.54,assigned_by=color; source=auto,pt-16e46ef9710e0a69,src-38223bc47d7254ac,CO2,true,Legend heading 'CO2 @' binds the row '343K' to CO2.,co2_loading,per gram of sorbent,visible_marker,,,,,,,,review
figp1a,a,figp1a:a:co2-343k-4b01cc9f,CO2 343K,1003.9808,mbar,2.6273,mmol/g,pentagon,solid,#7b0f13,false,low,943.51,381.68,overlap_flag=true; assigned_by=color; source=auto,pt-46fb46c0d982e607,src-25ec3de69bf77ea1,CO2,true,Legend heading 'CO2 @' binds the row '343K' to CO2.,co2_loading,per gram of sorbent,partially_visible_marker,,,,,,,,review
figp1a,a,figp1a:a:co2-343k-4b01cc9f,CO2 343K,1019.4706,mbar,2.6278,mmol/g,pentagon,solid,#7b0f13,false,low,954.66,381.62,overlap_flag=true; assigned_by=color; source=auto,pt-89073908b1566508,src-43fb9b081c7cf8d4,CO2,true,Legend heading 'CO2 @' binds the row '343K' to CO2.,co2_loading,per gram of sorbent,partially_visible_marker,,,,,,,,review
figp1a,a,figp1a:a:co2-343k-4b01cc9f,CO2 343K,1078.7767,mbar,2.6482,mmol/g,pentagon,solid,#7b0f13,false,high,997.35,379.08,assigned_by=color; source=auto,pt-fec4f97d205b3dfd,src-e5ba5dd22014d142,CO2,true,Legend heading 'CO2 @' binds the row '343K' to CO2.,co2_loading,per gram of sorbent,visible_marker,,,,,,,,review
figp1a,a,figp1a:a:co2-343k-4b01cc9f,CO2 343K,1138.0271,mbar,2.6662,mmol/g,pentagon,solid,#7b0f13,false,high,1040.0,376.85,assigned_by=color; source=auto,pt-375ca22e4184cc45,src-93d8db2c2df9fdf4,CO2,true,Legend heading 'CO2 @' binds the row '343K' to CO2.,co2_loading,per gram of sorbent,visible_marker,,,,,,,,review
figp1a,a,figp1a:a:co2-353k-c3530734,CO2 353K,62.8501,mbar,0.4692,mmol/g,diamond,solid,#f31f74,false,low,266.06,649.84,overlap_flag=true; assigned_by=color; source=auto,pt-dae42c3bbbcb03dd,src-5711ab03d9854519,CO2,true,Legend heading 'CO2 @' binds the row '353K' to CO2.,co2_loading,per gram of sorbent,partially_visible_marker,,,,,,,,review
figp1a,a,figp1a:a:co2-353k-c3530734,CO2 353K,76.5617,mbar,0.5599,mmol/g,diamond,solid,#f31f74,false,low,275.93,638.57,overlap_flag=true; assigned_by=color; source=auto,pt-c634b4ac7f46f73c,src-3012bffca6506ab2,CO2,true,Legend heading 'CO2 @' binds the row '353K' to CO2.,co2_loading,per gram of sorbent,partially_visible_marker,,,,,,,,review
figp1a,a,figp1a:a:co2-353k-c3530734,CO2 353K,102.5819,mbar,0.7255,mmol/g,diamond,solid,#f31f74,false,high,294.66,618.0,assigned_by=color; source=auto,pt-8b232c16b2d6e840,src-5d66420911779b2b,CO2,true,Legend heading 'CO2 @' binds the row '353K' to CO2.,co2_loading,per gram of sorbent,visible_marker,,,,,,,,review
figp1a,a,figp1a:a:co2-353k-c3530734,CO2 353K,123.6704,mbar,0.8257,mmol/g,diamond,solid,#f31f74,false,high,309.84,605.55,assigned_by=color; source=auto,pt-44f258e76fe04355,src-caef1d61f6586c7b,CO2,true,Legend heading 'CO2 @' binds the row '353K' to CO2.,co2_loading,per gram of sorbent,visible_marker,,,,,,,,review
figp1a,a,figp1a:a:co2-353k-c3530734,CO2 353K,174.1687,mbar,1.1191,mmol/g,diamond,solid,#f31f74,false,high,346.19,569.09,assigned_by=color; source=auto,pt-09e53cb7d271094c,src-ca5ad40fed134403,CO2,true,Legend heading 'CO2 @' binds the row '353K' to CO2.,co2_loading,per gram of sorbent,visible_marker,,,,,,,,review
figp1a,a,figp1a:a:co2-353k-c3530734,CO2 353K,235.503,mbar,1.356,mmol/g,diamond,solid,#f31f74,false,high,390.34,539.65,assigned_by=color; source=auto,pt-1f76c9416261ee5b,src-fe743bbf7ec92d61,CO2,true,Legend heading 'CO2 @' binds the row '353K' to CO2.,co2_loading,per gram of sorbent,visible_marker,,,,,,,,review
figp1a,a,figp1a:a:co2-353k-c3530734,CO2 353K,252.8127,mbar,1.4528,mmol/g,diamond,solid,#f31f74,false,high,402.8,527.62,assigned_by=color; source=auto,pt-39aae4c341007399,src-680519d0f03ce7ae,CO2,true,Legend heading 'CO2 @' binds the row '353K' to CO2.,co2_loading,per gram of sorbent,visible_marker,,,,,,,,review
figp1a,a,figp1a:a:co2-353k-c3530734,CO2 353K,296.4761,mbar,1.5625,mmol/g,diamond,solid,#f31f74,false,high,434.23,513.99,assigned_by=color; source=auto,pt-93fa1fc5a95dbf84,src-c96edf0ca4211270,CO2,true,Legend heading 'CO2 @' binds the row '353K' to CO2.,co2_loading,per gram of sorbent,visible_marker,,,,,,,,review
figp1a,a,figp1a:a:co2-353k-c3530734,CO2 353K,330.6927,mbar,1.6934,mmol/g,diamond,solid,#f31f74,false,high,458.86,497.73,assigned_by=color; source=auto,pt-ad1c11251fe67b2f,src-25cffff35a551503,CO2,true,Legend heading 'CO2 @' binds the row '353K' to CO2.,co2_loading,per gram of sorbent,visible_marker,,,,,,,,review
figp1a,a,figp1a:a:co2-353k-c3530734,CO2 353K,358.2966,mbar,1.7322,mmol/g,diamond,solid,#f31f74,false,high,478.73,492.9,assigned_by=color; source=auto,pt-950e1bb99c9ad7f4,src-462299361f7b4e42,CO2,true,Legend heading 'CO2 @' binds the row '353K' to CO2.,co2_loading,per gram of sorbent,visible_marker,,,,,,,,review
figp1a,a,figp1a:a:co2-353k-c3530734,CO2 353K,402.6268,mbar,1.8688,mmol/g,diamond,solid,#f31f74,false,low,510.64,475.93,overlap_flag=true; assigned_by=color; source=auto,pt-eaa72c606f066078,src-aa4ce536af2c02b2,CO2,true,Legend heading 'CO2 @' binds the row '353K' to CO2.,co2_loading,per gram of sorbent,partially_visible_marker,,,,,,,,review
figp1a,a,figp1a:a:co2-353k-c3530734,CO2 353K,423.4513,mbar,1.8485,mmol/g,diamond,solid,#f31f74,false,low,525.63,478.46,overlap_flag=true; assigned_by=color; source=auto,pt-347f27c55cd573b6,src-4f87ec3154c51dbe,CO2,true,Legend heading 'CO2 @' binds the row '353K' to CO2.,co2_loading,per gram of sorbent,partially_visible_marker,,,,,,,,review
figp1a,a,figp1a:a:co2-353k-c3530734,CO2 353K,470.9072,mbar,1.9429,mmol/g,diamond,solid,#f31f74,false,low,559.79,466.72,overlap_flag=true; assigned_by=color; source=auto,pt-fbc094193bbe0507,src-4c53b79e72be03f4,CO2,true,Legend heading 'CO2 @' binds the row '353K' to CO2.,co2_loading,per gram of sorbent,partially_visible_marker,,,,,,,,review
figp1a,a,figp1a:a:co2-353k-c3530734,CO2 353K,487.2028,mbar,1.991,mmol/g,diamond,solid,#f31f74,false,low,571.52,460.75,overlap_flag=true; assigned_by=color; source=auto,pt-f2da46a17a522fc4,src-6578271acbe68feb,CO2,true,Legend heading 'CO2 @' binds the row '353K' to CO2.,co2_loading,per gram of sorbent,partially_visible_marker,,,,,,,,review
figp1a,a,figp1a:a:co2-353k-c3530734,CO2 353K,534.9088,mbar,2.0282,mmol/g,diamond,solid,#f31f74,false,high,605.86,456.12,assigned_by=color; source=auto,pt-6368223ca918e3cb,src-525d3bdef9d1795d,CO2,true,Legend heading 'CO2 @' binds the row '353K' to CO2.,co2_loading,per gram of sorbent,visible_marker,,,,,,,,review
figp1a,a,figp1a:a:co2-353k-c3530734,CO2 353K,562.346,mbar,2.0978,mmol/g,diamond,solid,#f31f74,false,high,625.61,447.48,assigned_by=color; source=auto,pt-c668c848109bf02f,src-5687e05e0a03a183,CO2,true,Legend heading 'CO2 @' binds the row '353K' to CO2.,co2_loading,per gram of sorbent,visible_marker,,,,,,,,review
figp1a,a,figp1a:a:co2-353k-c3530734,CO2 353K,595.354,mbar,2.104,mmol/g,diamond,solid,#f31f74,false,high,649.37,446.71,assigned_by=color; source=auto,pt-f38be992ed67141e,src-468f5375ec0bb8f7,CO2,true,Legend heading 'CO2 @' binds the row '353K' to CO2.,co2_loading,per gram of sorbent,visible_marker,,,,,,,,review
figp1a,a,figp1a:a:co2-353k-c3530734,CO2 353K,633.1965,mbar,2.1859,mmol/g,diamond,solid,#f31f74,false,low,676.61,436.53,overlap_flag=true; assigned_by=color; source=auto,pt-5d6928bd590d5f7d,src-315f859d6ca3ada7,CO2,true,Legend heading 'CO2 @' binds the row '353K' to CO2.,co2_loading,per gram of sorbent,partially_visible_marker,,,,,,,,review
figp1a,a,figp1a:a:co2-353k-c3530734,CO2 353K,657.2718,mbar,2.1625,mmol/g,diamond,solid,#f31f74,false,low,693.94,439.44,overlap_flag=true; assigned_by=color; source=auto,pt-061a38199a09ac7d,src-4ce460b2556fb661,CO2,true,Legend heading 'CO2 @' binds the row '353K' to CO2.,co2_loading,per gram of sorbent,partially_visible_marker,,,,,,,,review
figp1a,a,figp1a:a:co2-353k-c3530734,CO2 353K,715.4387,mbar,2.2341,mmol/g,diamond,solid,#f31f74,false,high,735.81,430.54,assigned_by=color; source=auto,pt-758f607566e47e83,src-18651931318380c4,CO2,true,Legend heading 'CO2 @' binds the row '353K' to CO2.,co2_loading,per gram of sorbent,visible_marker,,,,,,,,review
figp1a,a,figp1a:a:co2-353k-c3530734,CO2 353K,778.2733,mbar,2.2695,mmol/g,diamond,solid,#f31f74,false,medium,781.04,426.14,assigned_by=color; source=auto,pt-ee13ffbd9e8f9a46,src-2059c7783359d119,CO2,true,Legend heading 'CO2 @' binds the row '353K' to CO2.,co2_loading,per gram of sorbent,visible_marker,,,,,,,,review
figp1a,a,figp1a:a:co2-353k-c3530734,CO2 353K,793.7354,mbar,2.2967,mmol/g,diamond,solid,#f31f74,false,low,792.17,422.76,assigned_by=color; source=auto,pt-6403932198f05601,src-1e8889e2e53d96ec,CO2,true,Legend heading 'CO2 @' binds the row '353K' to CO2.,co2_loading,per gram of sorbent,visible_marker,,,,,,,,review
figp1a,a,figp1a:a:co2-353k-c3530734,CO2 353K,837.4543,mbar,2.3023,mmol/g,diamond,solid,#f31f74,false,high,823.64,422.07,assigned_by=color; source=auto,pt-9019e6c1e58cc56c,src-dd0da50818be6e93,CO2,true,Legend heading 'CO2 @' binds the row '353K' to CO2.,co2_loading,per gram of sorbent,visible_marker,,,,,,,,review
figp1a,a,figp1a:a:co2-353k-c3530734,CO2 353K,868.4341,mbar,2.3541,mmol/g,diamond,solid,#f31f74,false,high,845.94,415.63,assigned_by=color; source=auto,pt-aa52a9f463004fdd,src-8e42255009de2b9e,CO2,true,Legend heading 'CO2 @' binds the row '353K' to CO2.,co2_loading,per gram of sorbent,visible_marker,,,,,,,,review
figp1a,a,figp1a:a:co2-353k-c3530734,CO2 353K,898.1079,mbar,2.3416,mmol/g,diamond,solid,#f31f74,false,high,867.3,417.18,assigned_by=color; source=auto,pt-dfb921db079f8ad5,src-b9ad32550595af1c,CO2,true,Legend heading 'CO2 @' binds the row '353K' to CO2.,co2_loading,per gram of sorbent,visible_marker,,,,,,,,review
figp1a,a,figp1a:a:co2-353k-c3530734,CO2 353K,926.9343,mbar,2.3767,mmol/g,diamond,solid,#f31f74,false,high,888.05,412.82,assigned_by=color; source=auto,pt-c0786a0a1b4a172d,src-b891cbee5117a2ac,CO2,true,Legend heading 'CO2 @' binds the row '353K' to CO2.,co2_loading,per gram of sorbent,visible_marker,,,,,,,,review
figp1a,a,figp1a:a:co2-353k-c3530734,CO2 353K,959.345,mbar,2.3829,mmol/g,diamond,solid,#f31f74,false,high,911.38,412.05,assigned_by=color; source=auto,pt-90c90c06aa83b27a,src-e31d0786c14f671c,CO2,true,Legend heading 'CO2 @' binds the row '353K' to CO2.,co2_loading,per gram of sorbent,visible_marker,,,,,,,,review
figp1a,a,figp1a:a:co2-353k-c3530734,CO2 353K,1000.7022,mbar,2.4225,mmol/g,diamond,solid,#f31f74,false,low,941.15,407.13,overlap_flag=true; assigned_by=color; source=auto,pt-14992fba9230bb4e,src-2601a1deebe9719a,CO2,true,Legend heading 'CO2 @' binds the row '353K' to CO2.,co2_loading,per gram of sorbent,partially_visible_marker,,,,,,,,review
figp1a,a,figp1a:a:co2-353k-c3530734,CO2 353K,1020.1652,mbar,2.401,mmol/g,diamond,solid,#f31f74,false,low,955.16,409.8,overlap_flag=true; assigned_by=color; source=auto,pt-32a6a3b0fa98f7be,src-d43d5abfabd0ffa1,CO2,true,Legend heading 'CO2 @' binds the row '353K' to CO2.,co2_loading,per gram of sorbent,partially_visible_marker,,,,,,,,review
figp1a,a,figp1a:a:co2-353k-c3530734,CO2 353K,1080.1798,mbar,2.4372,mmol/g,diamond,solid,#f31f74,false,high,998.36,405.3,assigned_by=color; source=auto,pt-be0da1fe6942d932,src-60f7d22e179a6f82,CO2,true,Legend heading 'CO2 @' binds the row '353K' to CO2.,co2_loading,per gram of sorbent,visible_marker,,,,,,,,review
figp1a,a,figp1a:a:co2-353k-c3530734,CO2 353K,1139.2496,mbar,2.4593,mmol/g,diamond,solid,#f31f74,false,high,1040.88,402.56,assigned_by=color; source=auto,pt-a9bf5a11f6ee411d,src-918af7d357fbf700,CO2,true,Legend heading 'CO2 @' binds the row '353K' to CO2.,co2_loading,per gram of sorbent,visible_marker,,,,,,,,review
figp1a,a,figp1a:a:co2-363k-eb2ec54f,CO2 363K,46.3322,mbar,0.2714,mmol/g,star,solid,#197b35,false,medium,254.17,674.42,assigned_by=shape; source=auto,pt-5c39545a3a0f6c19,src-b2b37e95d958aae8,CO2,true,Legend heading 'CO2 @' binds the row '363K' to CO2.,co2_loading,per gram of sorbent,visible_marker,,,,,,,,review
figp1a,a,figp1a:a:co2-363k-eb2ec54f,CO2 363K,80.9795,mbar,0.4142,mmol/g,star,solid,#197b35,false,high,279.11,656.68,assigned_by=shape; source=auto,pt-ecddf98213128c30,src-97bff665fc176685,CO2,true,Legend heading 'CO2 @' binds the row '363K' to CO2.,co2_loading,per gram of sorbent,visible_marker,,,,,,,,review
figp1a,a,figp1a:a:co2-363k-eb2ec54f,CO2 363K,102.4291,mbar,0.5168,mmol/g,star,solid,#197b35,false,high,294.55,643.93,assigned_by=shape; source=auto,pt-3a42d59f2617f083,src-77f7e99b746d8972,CO2,true,Legend heading 'CO2 @' binds the row '363K' to CO2.,co2_loading,per gram of sorbent,visible_marker,,,,,,,,review
figp1a,a,figp1a:a:co2-363k-eb2ec54f,CO2 363K,167.7366,mbar,0.8035,mmol/g,star,solid,#197b35,false,low,341.56,608.31,overlap_flag=true; assigned_by=shape; source=auto,pt-fadcc5c00f6ce29a,src-e144279f811008da,CO2,true,Legend heading 'CO2 @' binds the row '363K' to CO2.,co2_loading,per gram of sorbent,partially_visible_marker,,,,,,,,review
figp1a,a,figp1a:a:co2-363k-eb2ec54f,CO2 363K,234.1971,mbar,1.0408,mmol/g,star,solid,#197b35,false,high,389.4,578.82,assigned_by=shape; source=auto,pt-7e7b572925197b9d,src-8525747b5b3d88a3,CO2,true,Legend heading 'CO2 @' binds the row '363K' to CO2.,co2_loading,per gram of sorbent,visible_marker,,,,,,,,review
figp1a,a,figp1a:a:co2-363k-eb2ec54f,CO2 363K,253.1462,mbar,1.1271,mmol/g,star,solid,#197b35,false,high,403.04,568.1,assigned_by=shape; source=auto,pt-269b0c9b6455e38d,src-3162c5e541a07b5c,CO2,true,Legend heading 'CO2 @' binds the row '363K' to CO2.,co2_loading,per gram of sorbent,visible_marker,,,,,,,,review
figp1a,a,figp1a:a:co2-363k-eb2ec54f,CO2 363K,294.4339,mbar,1.2363,mmol/g,star,solid,#197b35,false,high,432.76,554.53,assigned_by=shape; source=auto,pt-3ab568b2603a1b4c,src-b32514dc964ee4bc,CO2,true,Legend heading 'CO2 @' binds the row '363K' to CO2.,co2_loading,per gram of sorbent,visible_marker,,,,,,,,review
figp1a,a,figp1a:a:co2-363k-eb2ec54f,CO2 363K,330.2482,mbar,1.366,mmol/g,star,solid,#197b35,false,high,458.54,538.41,assigned_by=shape; source=auto,pt-9e661770a06fd7eb,src-7499964a864e395c,CO2,true,Legend heading 'CO2 @' binds the row '363K' to CO2.,co2_loading,per gram of sorbent,visible_marker,,,,,,,,review
figp1a,a,figp1a:a:co2-363k-eb2ec54f,CO2 363K,357.9215,mbar,1.4143,mmol/g,star,solid,#197b35,false,high,478.46,532.41,assigned_by=shape; source=auto,pt-b4d7e2b9d35bf8f3,src-6d6f2296970e72c3,CO2,true,Legend heading 'CO2 @' binds the row '363K' to CO2.,co2_loading,per gram of sorbent,visible_marker,,,,,,,,review
figp1a,a,figp1a:a:co2-363k-eb2ec54f,CO2 363K,403.6687,mbar,1.5425,mmol/g,star,solid,#197b35,false,low,511.39,516.48,overlap_flag=true; assigned_by=shape; source=auto,pt-f4a43e6c062e3084,src-ea4c1b57bbe322fb,CO2,true,Legend heading 'CO2 @' binds the row '363K' to CO2.,co2_loading,per gram of sorbent,partially_visible_marker,,,,,,,,review
figp1a,a,figp1a:a:co2-363k-eb2ec54f,CO2 363K,416.8941,mbar,1.5451,mmol/g,star,solid,#197b35,false,low,520.91,516.16,assigned_by=shape; source=auto,pt-1789ee80a1a57df3,src-91eeef3767199f26,CO2,true,Legend heading 'CO2 @' binds the row '363K' to CO2.,co2_loading,per gram of sorbent,visible_marker,,,,,,,,review
figp1a,a,figp1a:a:co2-363k-eb2ec54f,CO2 363K,470.2126,mbar,1.6488,mmol/g,star,solid,#197b35,false,low,559.29,503.27,overlap_flag=true; assigned_by=shape; source=auto,pt-33ad9ba5af40ab8a,src-94e4558ea8cebae2,CO2,true,Legend heading 'CO2 @' binds the row '363K' to CO2.,co2_loading,per gram of sorbent,partially_visible_marker,,,,,,,,review
figp1a,a,figp1a:a:co2-363k-eb2ec54f,CO2 363K,483.8548,mbar,1.7109,mmol/g,star,solid,#197b35,false,low,569.11,495.55,overlap_flag=true; assigned_by=shape; source=auto,pt-dba88558f26dcbb9,src-f32a4d82fe0d554a,CO2,true,Legend heading 'CO2 @' binds the row '363K' to CO2.,co2_loading,per gram of sorbent,partially_visible_marker,,,,,,,,review
figp1a,a,figp1a:a:co2-363k-eb2ec54f,CO2 363K,533.0056,mbar,1.7644,mmol/g,star,solid,#197b35,false,high,604.49,488.9,assigned_by=shape; source=auto,pt-bfa86f63a63100e1,src-7684e99b4f8d535d,CO2,true,Legend heading 'CO2 @' binds the row '363K' to CO2.,co2_loading,per gram of sorbent,visible_marker,,,,,,,,review
figp1a,a,figp1a:a:co2-363k-eb2ec54f,CO2 363K,560.0955,mbar,1.8224,mmol/g,star,solid,#197b35,false,high,623.99,481.7,assigned_by=shape; source=auto,pt-f96907eb9e220294,src-4e4b252eed15a51a,CO2,true,Legend heading 'CO2 @' binds the row '363K' to CO2.,co2_loading,per gram of sorbent,visible_marker,,,,,,,,review
figp1a,a,figp1a:a:co2-363k-eb2ec54f,CO2 363K,593.7564,mbar,1.8475,mmol/g,star,solid,#197b35,false,high,648.22,478.58,assigned_by=shape; source=auto,pt-50f56b380a944720,src-808e3ded636a6ccd,CO2,true,Legend heading 'CO2 @' binds the row '363K' to CO2.,co2_loading,per gram of sorbent,visible_marker,,,,,,,,review
figp1a,a,figp1a:a:co2-363k-eb2ec54f,CO2 363K,636.5307,mbar,1.9136,mmol/g,star,solid,#197b35,false,low,679.01,470.36,overlap_flag=true; assigned_by=shape; source=auto,pt-0f1c5c227e2eed6b,src-bc470a34d635a3bd,CO2,true,Legend heading 'CO2 @' binds the row '363K' to CO2.,co2_loading,per gram of sorbent,partially_visible_marker,,,,,,,,review
figp1a,a,figp1a:a:co2-363k-eb2ec54f,CO2 363K,653.6459,mbar,1.9128,mmol/g,star,solid,#197b35,false,medium,691.33,470.46,assigned_by=shape; source=auto,pt-b014cce919f380a1,src-3d7f8170a135129b,CO2,true,Legend heading 'CO2 @' binds the row '363K' to CO2.,co2_loading,per gram of sorbent,visible_marker,,,,,,,,review
figp1a,a,figp1a:a:co2-363k-eb2ec54f,CO2 363K,713.202,mbar,1.9905,mmol/g,star,solid,#197b35,false,high,734.2,460.81,assigned_by=shape; source=auto,pt-17956f0a397dc7ee,src-0da2f0eafccbd29d,CO2,true,Legend heading 'CO2 @' binds the row '363K' to CO2.,co2_loading,per gram of sorbent,visible_marker,,,,,,,,review
figp1a,a,figp1a:a:co2-363k-eb2ec54f,CO2 363K,780.0099,mbar,2.0512,mmol/g,star,solid,#197b35,false,medium,782.29,453.27,assigned_by=shape; source=auto,pt-a6aaecd496e4cb91,src-4203ed2d201383ac,CO2,true,Legend heading 'CO2 @' binds the row '363K' to CO2.,co2_loading,per gram of sorbent,visible_marker,,,,,,,,review
figp1a,a,figp1a:a:co2-363k-eb2ec54f,CO2 363K,791.9155,mbar,2.0735,mmol/g,star,solid,#197b35,false,medium,790.86,450.49,assigned_by=shape; source=auto,pt-e8d493e7ec52f172,src-a3972d4b91406a58,CO2,true,Legend heading 'CO2 @' binds the row '363K' to CO2.,co2_loading,per gram of sorbent,visible_marker,,,,,,,,review
figp1a,a,figp1a:a:co2-363k-eb2ec54f,CO2 363K,835.2455,mbar,2.101,mmol/g,star,solid,#197b35,false,high,822.05,447.08,assigned_by=shape; source=auto,pt-eb92aabeea35c69c,src-32fdc391ca0ec916,CO2,true,Legend heading 'CO2 @' binds the row '363K' to CO2.,co2_loading,per gram of sorbent,visible_marker,,,,,,,,review
figp1a,a,figp1a:a:co2-363k-eb2ec54f,CO2 363K,870.4345,mbar,2.1409,mmol/g,star,solid,#197b35,false,high,847.38,442.12,assigned_by=shape; source=auto,pt-541d2a2cfc8342cc,src-e5b30e5a5544b7a9,CO2,true,Legend heading 'CO2 @' binds the row '363K' to CO2.,co2_loading,per gram of sorbent,visible_marker,,,,,,,,review
figp1a,a,figp1a:a:co2-363k-eb2ec54f,CO2 363K,897.8578,mbar,2.141,mmol/g,star,solid,#197b35,false,high,867.12,442.11,assigned_by=shape; source=auto,pt-4d0e03d08d5e2a31,src-b4cf3b6d05df754f,CO2,true,Legend heading 'CO2 @' binds the row '363K' to CO2.,co2_loading,per gram of sorbent,visible_marker,,,,,,,,review
figp1a,a,figp1a:a:co2-363k-eb2ec54f,CO2 363K,927.3372,mbar,2.1778,mmol/g,star,solid,#197b35,false,high,888.34,437.53,assigned_by=shape; source=auto,pt-0d5d23ed88517c28,src-997007540ae19dad,CO2,true,Legend heading 'CO2 @' binds the row '363K' to CO2.,co2_loading,per gram of sorbent,visible_marker,,,,,,,,review
figp1a,a,figp1a:a:co2-363k-eb2ec54f,CO2 363K,956.8721,mbar,2.1829,mmol/g,star,solid,#197b35,false,high,909.6,436.9,assigned_by=shape; source=auto,pt-eda83e750dc4ad56,src-bff3fc8729017980,CO2,true,Legend heading 'CO2 @' binds the row '363K' to CO2.,co2_loading,per gram of sorbent,visible_marker,,,,,,,,review
figp1a,a,figp1a:a:co2-363k-eb2ec54f,CO2 363K,1005.0921,mbar,2.2144,mmol/g,star,solid,#197b35,false,low,944.31,432.99,overlap_flag=true; assigned_by=shape; source=auto,pt-5c119b1831d431cf,src-216584947eb8c7d8,CO2,true,Legend heading 'CO2 @' binds the row '363K' to CO2.,co2_loading,per gram of sorbent,partially_visible_marker,,,,,,,,review
figp1a,a,figp1a:a:co2-363k-eb2ec54f,CO2 363K,1017.0117,mbar,2.2163,mmol/g,star,solid,#197b35,false,low,952.89,432.75,overlap_flag=true; assigned_by=shape; source=auto,pt-c5abd340ccbd1b20,src-5eb09fb48341c813,CO2,true,Legend heading 'CO2 @' binds the row '363K' to CO2.,co2_loading,per gram of sorbent,partially_visible_marker,,,,,,,,review
figp1a,a,figp1a:a:co2-363k-eb2ec54f,CO2 363K,1081.7079,mbar,2.2508,mmol/g,star,solid,#197b35,false,high,999.46,428.46,assigned_by=shape; source=auto,pt-183f3259018d027d,src-cb43f1bf524815fb,CO2,true,Legend heading 'CO2 @' binds the row '363K' to CO2.,co2_loading,per gram of sorbent,visible_marker,,,,,,,,review
figp1a,a,figp1a:a:co2-363k-eb2ec54f,CO2 363K,1138.7495,mbar,2.2785,mmol/g,star,solid,#197b35,false,high,1040.52,425.02,assigned_by=shape; source=auto,pt-6339c626edd362f6,src-951e16f9a30fb8ea,CO2,true,Legend heading 'CO2 @' binds the row '363K' to CO2.,co2_loading,per gram of sorbent,visible_marker,,,,,,,,review
figp1a,a,figp1a:a:co2-373k-9f2f766d,CO2 373K,84.258,mbar,0.3059,mmol/g,circle,solid,#2e3195,false,medium,281.47,670.13,overlap_flag=true; assigned_by=joint_assignment; source=auto,pt-b61e96ee0759904d,src-0a8384ae5c3d73b7,CO2,true,Legend heading 'CO2 @' binds the row '373K' to CO2.,co2_loading,per gram of sorbent,partially_visible_marker,,,,,,,,review
figp1a,a,figp1a:a:co2-373k-9f2f766d,CO2 373K,257.3555,mbar,0.8254,mmol/g,circle,solid,#2e3195,false,high,406.07,605.58,assigned_by=joint_assignment; source=auto,pt-5eb9db3767ff6b41,src-8d79945f45e35364,CO2,true,Legend heading 'CO2 @' binds the row '373K' to CO2.,co2_loading,per gram of sorbent,visible_marker,,,,,,,,review
figp1a,a,figp1a:a:co2-373k-9f2f766d,CO2 373K,297.1707,mbar,0.9622,mmol/g,circle,solid,#2e3195,false,high,434.73,588.59,assigned_by=joint_assignment; source=auto,pt-0717ddbf5cb0e630,src-d7674357af62746d,CO2,true,Legend heading 'CO2 @' binds the row '373K' to CO2.,co2_loading,per gram of sorbent,visible_marker,,,,,,,,review
figp1a,a,figp1a:a:co2-373k-9f2f766d,CO2 373K,323.2326,mbar,0.9947,mmol/g,circle,solid,#2e3195,false,high,453.49,584.54,assigned_by=joint_assignment; source=auto,pt-542cc4adc71ce2e9,src-8bf77eb64441cc73,CO2,true,Legend heading 'CO2 @' binds the row '373K' to CO2.,co2_loading,per gram of sorbent,visible_marker,,,,,,,,review
figp1a,a,figp1a:a:co2-373k-9f2f766d,CO2 373K,387.9705,mbar,1.1615,mmol/g,circle,solid,#2e3195,false,high,500.09,563.82,assigned_by=joint_assignment; source=auto,pt-bf4b44c70be7f049,src-85df90a6d8f3ed14,CO2,true,Legend heading 'CO2 @' binds the row '373K' to CO2.,co2_loading,per gram of sorbent,visible_marker,,,,,,,,review
figp1a,a,figp1a:a:co2-373k-9f2f766d,CO2 373K,401.9183,mbar,1.2143,mmol/g,circle,solid,#2e3195,false,medium,510.13,557.26,assigned_by=joint_assignment; source=auto,pt-c470a3e3293b841d,src-7b41046c64ac6867,CO2,true,Legend heading 'CO2 @' binds the row '373K' to CO2.,co2_loading,per gram of sorbent,visible_marker,,,,,,,,review
figp1a,a,figp1a:a:co2-373k-9f2f766d,CO2 373K,448.6379,mbar,1.2763,mmol/g,circle,solid,#2e3195,false,high,543.76,549.55,assigned_by=joint_assignment; source=auto,pt-5095c10d53259a01,src-463a48de923421a2,CO2,true,Legend heading 'CO2 @' binds the row '373K' to CO2.,co2_loading,per gram of sorbent,visible_marker,,,,,,,,review
figp1a,a,figp1a:a:co2-373k-9f2f766d,CO2 373K,506.6242,mbar,1.3814,mmol/g,circle,solid,#2e3195,false,high,585.5,536.49,assigned_by=joint_assignment; source=auto,pt-9e8853335ee00d6a,src-755f2aa6d170ca52,CO2,true,Legend heading 'CO2 @' binds the row '373K' to CO2.,co2_loading,per gram of sorbent,visible_marker,,,,,,,,review
figp1a,a,figp1a:a:co2-373k-9f2f766d,CO2 373K,573.2098,mbar,1.4948,mmol/g,circle,solid,#2e3195,false,high,633.43,522.41,assigned_by=joint_assignment; source=auto,pt-da4fefe6d381fc94,src-c237e22a329f5764,CO2,true,Legend heading 'CO2 @' binds the row '373K' to CO2.,co2_loading,per gram of sorbent,visible_marker,,,,,,,,review
figp1a,a,figp1a:a:co2-373k-9f2f766d,CO2 373K,601.1888,mbar,1.5441,mmol/g,circle,solid,#2e3195,false,high,653.57,516.28,assigned_by=joint_assignment; source=auto,pt-cd289b211a619cbc,src-8c8ac60c9d66f38a,CO2,true,Legend heading 'CO2 @' binds the row '373K' to CO2.,co2_loading,per gram of sorbent,visible_marker,,,,,,,,review
figp1a,a,figp1a:a:co2-373k-9f2f766d,CO2 373K,633.8495,mbar,1.5683,mmol/g,circle,solid,#2e3195,false,high,677.08,513.27,assigned_by=joint_assignment; source=auto,pt-0a7bcfa0263f7d52,src-df891129359bdb92,CO2,true,Legend heading 'CO2 @' binds the row '373K' to CO2.,co2_loading,per gram of sorbent,visible_marker,,,,,,,,review
figp1a,a,figp1a:a:co2-373k-9f2f766d,CO2 373K,698.1567,mbar,1.6476,mmol/g,circle,solid,#2e3195,false,high,723.37,503.42,assigned_by=joint_assignment; source=auto,pt-a0a116730b11d6bc,src-7ab11f7a28858a4e,CO2,true,Legend heading 'CO2 @' binds the row '373K' to CO2.,co2_loading,per gram of sorbent,visible_marker,,,,,,,,review
figp1a,a,figp1a:a:co2-373k-9f2f766d,CO2 373K,758.463,mbar,1.7085,mmol/g,circle,solid,#2e3195,false,high,766.78,495.85,assigned_by=joint_assignment; source=auto,pt-39a773359227fac0,src-2632771aa57707ee,CO2,true,Legend heading 'CO2 @' binds the row '373K' to CO2.,co2_loading,per gram of sorbent,visible_marker,,,,,,,,review
figp1a,a,figp1a:a:co2-373k-9f2f766d,CO2 373K,800.3342,mbar,1.7753,mmol/g,circle,solid,#2e3195,false,high,796.92,487.55,assigned_by=joint_assignment; source=auto,pt-194bd97e0b2fc8d9,src-bd218deee6212dba,CO2,true,Legend heading 'CO2 @' binds the row '373K' to CO2.,co2_loading,per gram of sorbent,visible_marker,,,,,,,,review
figp1a,a,figp1a:a:co2-373k-9f2f766d,CO2 373K,823.6176,mbar,1.7701,mmol/g,circle,solid,#2e3195,false,high,813.68,488.19,assigned_by=joint_assignment; source=auto,pt-4c0f6a174c4e3474,src-87d1ef40119bd450,CO2,true,Legend heading 'CO2 @' binds the row '373K' to CO2.,co2_loading,per gram of sorbent,visible_marker,,,,,,,,review
figp1a,a,figp1a:a:co2-373k-9f2f766d,CO2 373K,884.1879,mbar,1.8286,mmol/g,circle,solid,#2e3195,false,high,857.28,480.93,assigned_by=joint_assignment; source=auto,pt-28d4f6e79e8f5d31,src-137b8f52ff173264,CO2,true,Legend heading 'CO2 @' binds the row '373K' to CO2.,co2_loading,per gram of sorbent,visible_marker,,,,,,,,review
figp1a,a,figp1a:a:co2-373k-9f2f766d,CO2 373K,948.4951,mbar,1.8797,mmol/g,circle,solid,#2e3195,false,high,903.57,474.58,assigned_by=joint_assignment; source=auto,pt-2dd6fc36c76b3595,src-801b53ce32f64366,CO2,true,Legend heading 'CO2 @' binds the row '373K' to CO2.,co2_loading,per gram of sorbent,visible_marker,,,,,,,,review
figp1a,a,figp1a:a:co2-373k-9f2f766d,CO2 373K,982.0171,mbar,1.934,mmol/g,circle,solid,#2e3195,false,high,927.7,467.83,assigned_by=joint_assignment; source=auto,pt-108db1e14564c2db,src-1659a0faa595352b,CO2,true,Legend heading 'CO2 @' binds the row '373K' to CO2.,co2_loading,per gram of sorbent,visible_marker,,,,,,,,review
figp1a,a,figp1a:a:co2-373k-9f2f766d,CO2 373K,1010.4546,mbar,1.9218,mmol/g,circle,solid,#2e3195,false,high,948.17,469.34,assigned_by=joint_assignment; source=auto,pt-3c251fa3bf07bb81,src-5d128ae15f594486,CO2,true,Legend heading 'CO2 @' binds the row '373K' to CO2.,co2_loading,per gram of sorbent,visible_marker,,,,,,,,review
figp1a,a,figp1a:a:co2-373k-9f2f766d,CO2 373K,1074.7618,mbar,1.9756,mmol/g,circle,solid,#2e3195,false,high,994.46,462.66,assigned_by=joint_assignment; source=auto,pt-6ff054e323fe66a1,src-03f3e6157bd3943f,CO2,true,Legend heading 'CO2 @' binds the row '373K' to CO2.,co2_loading,per gram of sorbent,visible_marker,,,,,,,,review
figp1a,a,figp1a:a:co2-373k-9f2f766d,CO2 373K,1085.9451,mbar,2.009,mmol/g,circle,solid,#2e3195,false,low,1002.51,458.51,assigned_by=joint_assignment; source=auto,pt-76aed9a6a75b6026,src-e251fc519f332338,CO2,true,Legend heading 'CO2 @' binds the row '373K' to CO2.,co2_loading,per gram of sorbent,visible_marker,,,,,,,,review
figp1a,a,figp1a:a:co2-373k-9f2f766d,CO2 373K,1137.4159,mbar,2.011,mmol/g,circle,solid,#2e3195,false,high,1039.56,458.26,assigned_by=joint_assignment; source=auto,pt-23cbe8ff0c566af2,src-575787b9731f9884,CO2,true,Legend heading 'CO2 @' binds the row '373K' to CO2.,co2_loading,per gram of sorbent,visible_marker,,,,,,,,review
