figure_id,panel_id,series_id,series_name,x,x_unit,y,y_unit,marker_shape,line_style,color_hex,is_inferred,confidence,source_pixel_x,source_pixel_y,notes,point_id,source_instance_id,species,export_eligible,species_evidence,quantity_type,loading_basis,evidence_type,normalized_x,normalized_x_unit,normalized_y,normalized_y_unit,conversion_id,uncertainty_x,uncertainty_y
figp1a,a,figp1a:a:co2-273k-78e92393,CO2 273K,167.4217,mbar,3.1004,mmol/g,square,solid,#040404,false,medium,341.33,322.9,assigned_by=joint_assignment; source=auto,pt-f35b6763f25a9cb5,src-9c7c608822476280,CO2,true,Legend group heading 'CO2 @' binds the temperature row '273K'.,co2_loading,mmol per gram of sorbent,visible_marker,,,,,,,
figp1a,a,figp1a:a:co2-273k-78e92393,CO2 273K,176.6743,mbar,2.8147,mmol/g,square,solid,#040404,false,high,347.99,358.4,assigned_by=joint_assignment; source=auto,pt-1f83ab999a446a34,src-af5172e3cef15984,CO2,true,Legend group heading 'CO2 @' binds the temperature row '273K'.,co2_loading,mmol per gram of sorbent,visible_marker,,,,,,,
figp1a,a,figp1a:a:co2-273k-78e92393,CO2 273K,179.4496,mbar,3.1799,mmol/g,square,solid,#040404,false,low,349.99,313.01,assigned_by=joint_assignment; source=auto,pt-11121b646218b0cb,src-fc894c1d23980d81,CO2,true,Legend group heading 'CO2 @' binds the temperature row '273K'.,co2_loading,mmol per gram of sorbent,visible_marker,,,,,,,
figp1a,a,figp1a:a:co2-273k-78e92393,CO2 273K,219.7492,mbar,3.3249,mmol/g,square,solid,#040404,false,medium,379.0,295.0,overlap_flag=true; assigned_by=joint_assignment; source=auto,pt-f1ac9573b0f73a40,src-8cc50c04b1bb4dff,CO2,true,Legend group heading 'CO2 @' binds the temperature row '273K'.,co2_loading,mmol per gram of sorbent,partially_visible_marker,,,,,,,
figp1a,a,figp1a:a:co2-273k-78e92393,CO2 273K,222.5276,mbar,3.856,mmol/g,square,solid,#040404,false,medium,381.0,229.0,overlap_flag=true; assigned_by=joint_assignment; source=auto,pt-06f7c1a49c55b8e5,src-bcc090e7baf87e88,CO2,true,Legend group heading 'CO2 @' binds the temperature row '273K'.,co2_loading,mmol per gram of sorbent,partially_visible_marker,,,,,,,
figp1a,a,figp1a:a:co2-273k-78e92393,CO2 273K,253.0906,mbar,3.9647,mmol/g,square,solid,#040404,false,high,403.0,215.5,assigned_by=joint_assignment; source=auto,pt-54feeec55e0d07d5,src-345f9f942e633a97,CO2,true,Legend group heading 'CO2 @' binds the temperature row '273K'.,co2_loading,mmol per gram of sorbent,visible_marker,,,,,,,
figp1a,a,figp1a:a:co2-273k-78e92393,CO2 273K,289.9051,mbar,4.0653,mmol/g,square,solid,#040404,false,high,429.5,203.0,assigned_by=joint_assignment; source=auto,pt-c32f4cf694b489c6,src-87910cf074dc971d,CO2,true,Legend group heading 'CO2 @' binds the temperature row '273K'.,co2_loading,mmol per gram of sorbent,visible_marker,,,,,,,
figp1a,a,figp1a:a:co2-273k-78e92393,CO2 273K,326.175,mbar,4.184,mmol/g,square,solid,#040404,false,high,455.61,188.25,assigned_by=joint_assignment; source=auto,pt-b655d1d852373c18,src-2db92c2663819ce5,CO2,true,Legend group heading 'CO2 @' binds the temperature row '273K'.,co2_loading,mmol per gram of sorbent,visible_marker,,,,,,,
figp1a,a,figp1a:a:co2-273k-78e92393,CO2 273K,361.5106,mbar,4.2504,mmol/g,square,solid,#040404,false,high,481.04,179.99,assigned_by=joint_assignment; source=auto,pt-10877756add90185,src-4a27470545f1033f,CO2,true,Legend group heading 'CO2 @' binds the temperature row '273K'.,co2_loading,mmol per gram of sorbent,visible_marker,,,,,,,
figp1a,a,figp1a:a:co2-273k-78e92393,CO2 273K,396.8754,mbar,4.3389,mmol/g,square,solid,#040404,false,high,506.5,169.0,assigned_by=joint_assignment; source=auto,pt-2787e5f1ca7d5a79,src-0148c6ad4f83c9d5,CO2,true,Legend group heading 'CO2 @' binds the temperature row '273K'.,co2_loading,mmol per gram of sorbent,visible_marker,,,,,,,
figp1a,a,figp1a:a:co2-273k-78e92393,CO2 273K,432.637,mbar,4.413,mmol/g,square,solid,#040404,false,high,532.24,159.79,assigned_by=joint_assignment; source=auto,pt-52e5687b3386af54,src-2c423b6e0465d825,CO2,true,Legend group heading 'CO2 @' binds the temperature row '273K'.,co2_loading,mmol per gram of sorbent,visible_marker,,,,,,,
figp1a,a,figp1a:a:co2-273k-78e92393,CO2 273K,468.5461,mbar,4.4666,mmol/g,square,solid,#040404,false,high,558.09,153.13,assigned_by=joint_assignment; source=auto,pt-b70c260c650047b3,src-218cba2be7647b05,CO2,true,Legend group heading 'CO2 @' binds the temperature row '273K'.,co2_loading,mmol per gram of sorbent,visible_marker,,,,,,,
figp1a,a,figp1a:a:co2-273k-78e92393,CO2 273K,503.8458,mbar,4.516,mmol/g,square,solid,#040404,false,high,583.5,147.0,assigned_by=joint_assignment; source=auto,pt-b47eb3eecc9d91dc,src-da771b5da58f25c4,CO2,true,Legend group heading 'CO2 @' binds the temperature row '273K'.,co2_loading,mmol per gram of sorbent,visible_marker,,,,,,,
figp1a,a,figp1a:a:co2-273k-78e92393,CO2 273K,540.2283,mbar,4.5843,mmol/g,square,solid,#040404,false,high,609.69,138.51,assigned_by=joint_assignment; source=auto,pt-529e6b3db16870c6,src-c8465c086e792cea,CO2,true,Legend group heading 'CO2 @' binds the temperature row '273K'.,co2_loading,mmol per gram of sorbent,visible_marker,,,,,,,
figp1a,a,figp1a:a:co2-273k-78e92393,CO2 273K,577.1493,mbar,4.6117,mmol/g,square,solid,#040404,false,high,636.27,135.1,assigned_by=joint_assignment; source=auto,pt-a3f1bc5983f2a79f,src-7761060475348443,CO2,true,Legend group heading 'CO2 @' binds the temperature row '273K'.,co2_loading,mmol per gram of sorbent,visible_marker,,,,,,,
figp1a,a,figp1a:a:co2-273k-78e92393,CO2 273K,613.0858,mbar,4.6651,mmol/g,square,solid,#040404,false,high,662.13,128.47,assigned_by=joint_assignment; source=auto,pt-35eef3eedec8c13f,src-c7a385e23d577326,CO2,true,Legend group heading 'CO2 @' binds the temperature row '273K'.,co2_loading,mmol per gram of sorbent,visible_marker,,,,,,,
figp1a,a,figp1a:a:co2-273k-78e92393,CO2 273K,648.5466,mbar,4.7129,mmol/g,square,solid,#040404,false,high,687.66,122.53,assigned_by=joint_assignment; source=auto,pt-dff1d2fbaf3c0deb,src-f2728a7a56fecfc0,CO2,true,Legend group heading 'CO2 @' binds the temperature row '273K'.,co2_loading,mmol per gram of sorbent,visible_marker,,,,,,,
figp1a,a,figp1a:a:co2-273k-78e92393,CO2 273K,684.4451,mbar,4.7333,mmol/g,square,solid,#040404,false,high,713.5,120.0,assigned_by=joint_assignment; source=auto,pt-555c76ee3faaeeac,src-4eedb3fda0a6de1f,CO2,true,Legend group heading 'CO2 @' binds the temperature row '273K'.,co2_loading,mmol per gram of sorbent,visible_marker,,,,,,,
figp1a,a,figp1a:a:co2-273k-78e92393,CO2 273K,720.4726,mbar,4.7663,mmol/g,square,solid,#040404,false,medium,739.43,115.9,assigned_by=joint_assignment; source=auto,pt-54e3ef3c657404cc,src-fa69929279cb60fa,CO2,true,Legend group heading 'CO2 @' binds the temperature row '273K'.,co2_loading,mmol per gram of sorbent,visible_marker,,,,,,,
figp1a,a,figp1a:a:co2-273k-78e92393,CO2 273K,739.4581,mbar,4.8013,mmol/g,square,solid,#040404,false,medium,753.1,111.55,assigned_by=joint_assignment; source=auto,pt-0869421f1e89d0dc,src-bfd0378efb396b72,CO2,true,Legend group heading 'CO2 @' binds the temperature row '273K'.,co2_loading,mmol per gram of sorbent,visible_marker,,,,,,,
figp1a,a,figp1a:a:co2-273k-78e92393,CO2 273K,746.2656,mbar,4.8057,mmol/g,square,solid,#040404,false,medium,758.0,111.0,assigned_by=joint_assignment; source=auto,pt-d86cc143b7c883dd,src-287958117eff31f2,CO2,true,Legend group heading 'CO2 @' binds the temperature row '273K'.,co2_loading,mmol per gram of sorbent,visible_marker,,,,,,,
figp1a,a,figp1a:a:co2-273k-78e92393,CO2 273K,752.7015,mbar,4.8077,mmol/g,square,solid,#040404,false,medium,762.63,110.74,assigned_by=joint_assignment; source=auto,pt-69abab3832a23031,src-adfb74c939b9caf6,CO2,true,Legend group heading 'CO2 @' binds the temperature row '273K'.,co2_loading,mmol per gram of sorbent,visible_marker,,,,,,,
figp1a,a,figp1a:a:co2-273k-78e92393,CO2 273K,791.6371,mbar,4.8298,mmol/g,square,solid,#040404,false,high,790.66,108.0,assigned_by=joint_assignment; source=auto,pt-30fa47e79c44d526,src-1c6dcbcae75f3531,CO2,true,Legend group heading 'CO2 @' binds the temperature row '273K'.,co2_loading,mmol per gram of sorbent,visible_marker,,,,,,,
figp1a,a,figp1a:a:co2-273k-78e92393,CO2 273K,827.0784,mbar,4.8587,mmol/g,square,solid,#040404,false,high,816.17,104.42,assigned_by=joint_assignment; source=auto,pt-1de8f7976e335518,src-36acb4a7af88f08c,CO2,true,Legend group heading 'CO2 @' binds the temperature row '273K'.,co2_loading,mmol per gram of sorbent,visible_marker,,,,,,,
figp1a,a,figp1a:a:co2-273k-78e92393,CO2 273K,844.3077,mbar,4.8897,mmol/g,square,solid,#040404,false,medium,828.57,100.56,assigned_by=joint_assignment; source=auto,pt-7a2c65f72c5a4286,src-b81c1f3a3c45f179,CO2,true,Legend group heading 'CO2 @' binds the temperature row '273K'.,co2_loading,mmol per gram of sorbent,visible_marker,,,,,,,
figp1a,a,figp1a:a:co2-273k-78e92393,CO2 273K,853.2359,mbar,4.8942,mmol/g,square,solid,#040404,false,medium,835.0,100.0,assigned_by=joint_assignment; source=auto,pt-5e0801dd0ec18d66,src-3af49feccf6bcef5,CO2,true,Legend group heading 'CO2 @' binds the temperature row '273K'.,co2_loading,mmol per gram of sorbent,visible_marker,,,,,,,
figp1a,a,figp1a:a:co2-273k-78e92393,CO2 273K,863.8827,mbar,4.8895,mmol/g,square,solid,#040404,false,medium,842.66,100.58,assigned_by=joint_assignment; source=auto,pt-a0789be04c414711,src-b0a40c03b81ce4ee,CO2,true,Legend group heading 'CO2 @' binds the temperature row '273K'.,co2_loading,mmol per gram of sorbent,visible_marker,,,,,,,
figp1a,a,figp1a:a:co2-273k-78e92393,CO2 273K,898.6868,mbar,4.9104,mmol/g,square,solid,#040404,false,high,867.72,97.98,assigned_by=joint_assignment; source=auto,pt-fc45c76bdc7e70d1,src-614f3bbfa0a0f432,CO2,true,Legend group heading 'CO2 @' binds the temperature row '273K'.,co2_loading,mmol per gram of sorbent,visible_marker,,,,,,,
figp1a,a,figp1a:a:co2-273k-78e92393,CO2 273K,936.9608,mbar,4.9313,mmol/g,square,solid,#040404,false,high,895.27,95.39,assigned_by=joint_assignment; source=auto,pt-fd545f925b50d893,src-42658a81501f3ca5,CO2,true,Legend group heading 'CO2 @' binds the temperature row '273K'.,co2_loading,mmol per gram of sorbent,visible_marker,,,,,,,
figp1a,a,figp1a:a:co2-273k-78e92393,CO2 273K,951.8709,mbar,4.9505,mmol/g,square,solid,#040404,false,medium,906.0,93.0,assigned_by=joint_assignment; source=auto,pt-9efcd7cd943bcfd3,src-35cbf85482989c92,CO2,true,Legend group heading 'CO2 @' binds the temperature row '273K'.,co2_loading,mmol per gram of sorbent,visible_marker,,,,,,,
figp1a,a,figp1a:a:co2-273k-78e92393,CO2 273K,967.9674,mbar,4.9465,mmol/g,square,solid,#040404,false,medium,917.59,93.5,assigned_by=joint_assignment; source=auto,pt-670377566f8ef68e,src-96588a39ef235e8a,CO2,true,Legend group heading 'CO2 @' binds the temperature row '273K'.,co2_loading,mmol per gram of sorbent,visible_marker,,,,,,,
figp1a,a,figp1a:a:co2-273k-78e92393,CO2 273K,1006.5601,mbar,4.968,mmol/g,square,solid,#040404,false,high,945.37,90.83,assigned_by=joint_assignment; source=auto,pt-1eb61cf934f0340c,src-5040259500a3b54f,CO2,true,Legend group heading 'CO2 @' binds the temperature row '273K'.,co2_loading,mmol per gram of sorbent,visible_marker,,,,,,,
figp1a,a,figp1a:a:co2-273k-78e92393,CO2 273K,1097.045,mbar,5.0104,mmol/g,square,solid,#040404,false,high,1010.5,85.56,assigned_by=joint_assignment; source=auto,pt-f10b7f5850a03d56,src-732d2a52061c8a3f,CO2,true,Legend group heading 'CO2 @' binds the temperature row '273K'.,co2_loading,mmol per gram of sorbent,visible_marker,,,,,,,
figp1a,a,figp1a:a:co2-283k-09bb156a,CO2 283K,114.1681,mbar,2.2384,mmol/g,hexagon,solid,#f1231f,false,medium,303.0,430.0,overlap_flag=true; assigned_by=joint_assignment; source=auto,pt-0024fe42f913243d,src-5e8476c9456cb8a2,CO2,true,Legend group heading 'CO2 @' binds the temperature row '283K'.,co2_loading,mmol per gram of sorbent,partially_visible_marker,,,,,,,
figp1a,a,figp1a:a:co2-283k-09bb156a,CO2 283K,124.6206,mbar,2.2224,mmol/g,hexagon,solid,#f1231f,false,high,310.52,432.0,assigned_by=joint_assignment; source=auto,pt-5fdd505bc22d9a71,src-971345dd0cfd0ca1,CO2,true,Legend group heading 'CO2 @' binds the temperature row '283K'.,co2_loading,mmol per gram of sorbent,visible_marker,,,,,,,
figp1a,a,figp1a:a:co2-283k-09bb156a,CO2 283K,187.797,mbar,2.8662,mmol/g,hexagon,solid,#f1231f,false,medium,356.0,352.0,overlap_flag=true; assigned_by=joint_assignment; source=auto,pt-358799d05ac25c23,src-c827f719ae743c08,CO2,true,Legend group heading 'CO2 @' binds the temperature row '283K'.,co2_loading,mmol per gram of sorbent,partially_visible_marker,,,,,,,
figp1a,a,figp1a:a:co2-283k-09bb156a,CO2 283K,191.9647,mbar,3.1961,mmol/g,hexagon,solid,#f1231f,false,medium,359.0,311.0,overlap_flag=true; assigned_by=joint_assignment; source=auto,pt-3cef0799c613c707,src-c62439bd026fe482,CO2,true,Legend group heading 'CO2 @' binds the temperature row '283K'.,co2_loading,mmol per gram of sorbent,partially_visible_marker,,,,,,,
figp1a,a,figp1a:a:co2-283k-09bb156a,CO2 283K,228.9858,mbar,3.2948,mmol/g,hexagon,solid,#f1231f,false,high,385.65,298.74,assigned_by=joint_assignment; source=auto,pt-16f29c72db35b063,src-a4daaae8a6132bc0,CO2,true,Legend group heading 'CO2 @' binds the temperature row '283K'.,co2_loading,mmol per gram of sorbent,visible_marker,,,,,,,
figp1a,a,figp1a:a:co2-283k-09bb156a,CO2 283K,252.0038,mbar,3.3992,mmol/g,hexagon,solid,#f1231f,false,high,402.22,285.77,assigned_by=joint_assignment; source=auto,pt-176d029558373880,src-d97ef664d6f0b64f,CO2,true,Legend group heading 'CO2 @' binds the temperature row '283K'.,co2_loading,mmol per gram of sorbent,visible_marker,,,,,,,
figp1a,a,figp1a:a:co2-283k-09bb156a,CO2 283K,294.7963,mbar,3.4647,mmol/g,hexagon,solid,#f1231f,false,high,433.02,277.63,assigned_by=joint_assignment; source=auto,pt-3cf13d914b8a5c19,src-920153ae7df9e4e0,CO2,true,Legend group heading 'CO2 @' binds the temperature row '283K'.,co2_loading,mmol per gram of sorbent,visible_marker,,,,,,,
figp1a,a,figp1a:a:co2-283k-09bb156a,CO2 283K,327.5534,mbar,3.5909,mmol/g,hexagon,solid,#f1231f,false,high,456.6,261.94,assigned_by=joint_assignment; source=auto,pt-db5c84f827673299,src-af747f7fe671a162,CO2,true,Legend group heading 'CO2 @' binds the temperature row '283K'.,co2_loading,mmol per gram of sorbent,visible_marker,,,,,,,
figp1a,a,figp1a:a:co2-283k-09bb156a,CO2 283K,355.8967,mbar,3.5998,mmol/g,hexagon,solid,#f1231f,false,high,477.0,260.84,assigned_by=joint_assignment; source=auto,pt-dbfd21875269a845,src-b5ef08a233ae1dad,CO2,true,Legend group heading 'CO2 @' binds the temperature row '283K'.,co2_loading,mmol per gram of sorbent,visible_marker,,,,,,,
figp1a,a,figp1a:a:co2-283k-09bb156a,CO2 283K,398.9593,mbar,3.7112,mmol/g,hexagon,solid,#f1231f,false,medium,508.0,247.0,overlap_flag=true; assigned_by=joint_assignment; source=auto,pt-5ce17a674fb513c9,src-f5568bb1f263d5c6,CO2,true,Legend group heading 'CO2 @' binds the temperature row '283K'.,co2_loading,mmol per gram of sorbent,partially_visible_marker,,,,,,,
figp1a,a,figp1a:a:co2-283k-09bb156a,CO2 283K,408.4971,mbar,3.7459,mmol/g,hexagon,solid,#f1231f,false,medium,514.87,242.69,assigned_by=joint_assignment; source=auto,pt-4633f843eb12e6b2,src-e4d548dfaa2e4bd3,CO2,true,Legend group heading 'CO2 @' binds the temperature row '283K'.,co2_loading,mmol per gram of sorbent,visible_marker,,,,,,,
figp1a,a,figp1a:a:co2-283k-09bb156a,CO2 283K,420.0874,mbar,3.7284,mmol/g,hexagon,solid,#f1231f,false,medium,523.21,244.86,assigned_by=joint_assignment; source=auto,pt-bd47783f846c19d0,src-84f57c84a49f4906,CO2,true,Legend group heading 'CO2 @' binds the temperature row '283K'.,co2_loading,mmol per gram of sorbent,visible_marker,,,,,,,
figp1a,a,figp1a:a:co2-283k-09bb156a,CO2 283K,460.0852,mbar,3.8078,mmol/g,hexagon,solid,#f1231f,false,medium,552.0,235.0,overlap_flag=true; assigned_by=joint_assignment; source=auto,pt-2406b7cea30f903e,src-287b3de8dd43e472,CO2,true,Legend group heading 'CO2 @' binds the temperature row '283K'.,co2_loading,mmol per gram of sorbent,partially_visible_marker,,,,,,,
figp1a,a,figp1a:a:co2-283k-09bb156a,CO2 283K,471.2479,mbar,3.83,mmol/g,hexagon,solid,#f1231f,false,medium,560.04,232.23,assigned_by=joint_assignment; source=auto,pt-3485c488d5748a2f,src-414e00721b616aa0,CO2,true,Legend group heading 'CO2 @' binds the temperature row '283K'.,co2_loading,mmol per gram of sorbent,visible_marker,,,,,,,
figp1a,a,figp1a:a:co2-283k-09bb156a,CO2 283K,481.792,mbar,3.887,mmol/g,hexagon,solid,#f1231f,false,medium,567.63,225.15,assigned_by=joint_assignment; source=auto,pt-065221d666786d66,src-20716e6abe6dc944,CO2,true,Legend group heading 'CO2 @' binds the temperature row '283K'.,co2_loading,mmol per gram of sorbent,visible_marker,,,,,,,
figp1a,a,figp1a:a:co2-283k-09bb156a,CO2 283K,532.9229,mbar,3.9304,mmol/g,hexagon,solid,#f1231f,false,high,604.43,219.76,assigned_by=joint_assignment; source=auto,pt-d2f22eefc184bdf2,src-250228557a3133fc,CO2,true,Legend group heading 'CO2 @' binds the temperature row '283K'.,co2_loading,mmol per gram of sorbent,visible_marker,,,,,,,
figp1a,a,figp1a:a:co2-283k-09bb156a,CO2 283K,558.9338,mbar,4.0077,mmol/g,hexagon,solid,#f1231f,false,high,623.15,210.16,assigned_by=joint_assignment; source=auto,pt-311155f52e5dc372,src-6b2c36d931d2c960,CO2,true,Legend group heading 'CO2 @' binds the temperature row '283K'.,co2_loading,mmol per gram of sorbent,visible_marker,,,,,,,
figp1a,a,figp1a:a:co2-283k-09bb156a,CO2 283K,594.1119,mbar,4.0128,mmol/g,hexagon,solid,#f1231f,false,high,648.48,209.52,assigned_by=joint_assignment; source=auto,pt-fe9aae4fd05e7a3e,src-0d3ecbcb1a9d16ef,CO2,true,Legend group heading 'CO2 @' binds the temperature row '283K'.,co2_loading,mmol per gram of sorbent,visible_marker,,,,,,,
figp1a,a,figp1a:a:co2-283k-09bb156a,CO2 283K,635.7547,mbar,4.1118,mmol/g,hexagon,solid,#f1231f,false,medium,678.45,197.22,assigned_by=joint_assignment; source=auto,pt-8e18fb7011bc3d0a,src-0533e0026eb2537b,CO2,true,Legend group heading 'CO2 @' binds the temperature row '283K'.,co2_loading,mmol per gram of sorbent,visible_marker,,,,,,,
figp1a,a,figp1a:a:co2-283k-09bb156a,CO2 283K,655.9107,mbar,4.0944,mmol/g,hexagon,solid,#f1231f,false,medium,692.96,199.39,assigned_by=joint_assignment; source=auto,pt-47c5937fce5d44c8,src-731f398178669e77,CO2,true,Legend group heading 'CO2 @' binds the temperature row '283K'.,co2_loading,mmol per gram of sorbent,visible_marker,,,,,,,
figp1a,a,figp1a:a:co2-283k-09bb156a,CO2 283K,713.1381,mbar,4.1711,mmol/g,hexagon,solid,#f1231f,false,high,734.15,189.85,assigned_by=joint_assignment; source=auto,pt-56324ffc2d4fc2d0,src-ab3eb38b86819345,CO2,true,Legend group heading 'CO2 @' binds the temperature row '283K'.,co2_loading,mmol per gram of sorbent,visible_marker,,,,,,,
figp1a,a,figp1a:a:co2-283k-09bb156a,CO2 283K,775.2809,mbar,4.2195,mmol/g,hexagon,solid,#f1231f,false,medium,778.89,183.83,assigned_by=joint_assignment; source=auto,pt-140f594ae58dcae6,src-929da60e99260712,CO2,true,Legend group heading 'CO2 @' binds the temperature row '283K'.,co2_loading,mmol per gram of sorbent,visible_marker,,,,,,,
figp1a,a,figp1a:a:co2-283k-09bb156a,CO2 283K,788.3087,mbar,4.2634,mmol/g,hexagon,solid,#f1231f,false,low,788.26,178.38,assigned_by=joint_assignment; source=auto,pt-9999cc9589fb3326,src-5a8d4551b64fa5c2,CO2,true,Legend group heading 'CO2 @' binds the temperature row '283K'.,co2_loading,mmol per gram of sorbent,visible_marker,,,,,,,
figp1a,a,figp1a:a:co2-283k-09bb156a,CO2 283K,836.3632,mbar,4.2714,mmol/g,hexagon,solid,#f1231f,false,high,822.85,177.39,assigned_by=joint_assignment; source=auto,pt-49c5657aa88ce1e8,src-2e87977693aa1e45,CO2,true,Legend group heading 'CO2 @' binds the temperature row '283K'.,co2_loading,mmol per gram of sorbent,visible_marker,,,,,,,
figp1a,a,figp1a:a:co2-283k-09bb156a,CO2 283K,867.0459,mbar,4.3268,mmol/g,hexagon,solid,#f1231f,false,high,844.94,170.51,assigned_by=joint_assignment; source=auto,pt-2e010015ece7abcf,src-20c3cf59483cc675,CO2,true,Legend group heading 'CO2 @' binds the temperature row '283K'.,co2_loading,mmol per gram of sorbent,visible_marker,,,,,,,
figp1a,a,figp1a:a:co2-283k-09bb156a,CO2 283K,895.704,mbar,4.3234,mmol/g,hexagon,solid,#f1231f,false,high,865.57,170.92,assigned_by=joint_assignment; source=auto,pt-abe4f0bd6d838511,src-82b012be47fc148b,CO2,true,Legend group heading 'CO2 @' binds the temperature row '283K'.,co2_loading,mmol per gram of sorbent,visible_marker,,,,,,,
figp1a,a,figp1a:a:co2-283k-09bb156a,CO2 283K,926.7823,mbar,4.3657,mmol/g,hexagon,solid,#f1231f,false,high,887.94,165.67,assigned_by=joint_assignment; source=auto,pt-cfe685f4c0ea49a2,src-a54bfd8c9fba0033,CO2,true,Legend group heading 'CO2 @' binds the temperature row '283K'.,co2_loading,mmol per gram of sorbent,visible_marker,,,,,,,
figp1a,a,figp1a:a:co2-283k-09bb156a,CO2 283K,956.3431,mbar,4.3703,mmol/g,hexagon,solid,#f1231f,false,high,909.22,165.1,assigned_by=joint_assignment; source=auto,pt-ae1d13d2ca916297,src-10b7fc01e369717f,CO2,true,Legend group heading 'CO2 @' binds the temperature row '283K'.,co2_loading,mmol per gram of sorbent,visible_marker,,,,,,,
figp1a,a,figp1a:a:co2-283k-09bb156a,CO2 283K,1003.9395,mbar,4.4164,mmol/g,hexagon,solid,#f1231f,false,medium,943.48,159.37,assigned_by=joint_assignment; source=auto,pt-1ff4942a113f4cd5,src-66f2660230f033e7,CO2,true,Legend group heading 'CO2 @' binds the temperature row '283K'.,co2_loading,mmol per gram of sorbent,visible_marker,,,,,,,
figp1a,a,figp1a:a:co2-283k-09bb156a,CO2 283K,1016.669,mbar,4.4096,mmol/g,hexagon,solid,#f1231f,false,medium,952.64,160.22,assigned_by=joint_assignment; source=auto,pt-0fb7f65d6d51bee6,src-1537a3a230a1caab,CO2,true,Legend group heading 'CO2 @' binds the temperature row '283K'.,co2_loading,mmol per gram of sorbent,visible_marker,,,,,,,
figp1a,a,figp1a:a:co2-283k-09bb156a,CO2 283K,1078.5857,mbar,4.4526,mmol/g,hexagon,solid,#f1231f,false,high,997.21,154.88,assigned_by=joint_assignment; source=auto,pt-981f733b462d95df,src-026dcb0748598193,CO2,true,Legend group heading 'CO2 @' binds the temperature row '283K'.,co2_loading,mmol per gram of sorbent,visible_marker,,,,,,,
figp1a,a,figp1a:a:co2-283k-09bb156a,CO2 283K,1137.9563,mbar,4.4783,mmol/g,hexagon,solid,#f1231f,false,high,1039.95,151.68,assigned_by=joint_assignment; source=auto,pt-c5fedf3c150931a3,src-6244e8e30feabbaa,CO2,true,Legend group heading 'CO2 @' binds the temperature row '283K'.,co2_loading,mmol per gram of sorbent,visible_marker,,,,,,,
figp1a,a,figp1a:a:co2-293k-5864b600,CO2 293K,-3.9807,mbar,0.3968,mmol/g,triangle_up,solid,#2d308d,false,high,217.95,658.84,assigned_by=joint_assignment; source=auto,pt-f301887b743c1d03,src-c7fc305f9da9fa4e,CO2,true,Legend group heading 'CO2 @' binds the temperature row '293K'.,co2_loading,mmol per gram of sorbent,visible_marker,,,,,,,
figp1a,a,figp1a:a:co2-293k-5864b600,CO2 293K,15.5331,mbar,0.8462,mmol/g,triangle_up,solid,#2d308d,false,medium,232.0,603.0,overlap_flag=true; assigned_by=joint_assignment; source=auto,pt-dfba19f3821a4ded,src-d04bfd458be24052,CO2,true,Legend group heading 'CO2 @' binds the temperature row '293K'.,co2_loading,mmol per gram of sorbent,partially_visible_marker,,,,,,,
figp1a,a,figp1a:a:co2-293k-5864b600,CO2 293K,174.4099,mbar,1.7765,mmol/g,triangle_up,solid,#2d308d,false,high,346.36,487.4,assigned_by=joint_assignment; source=auto,pt-ef972c2ef5368e1d,src-c28c9a7619a83b9e,CO2,true,Legend group heading 'CO2 @' binds the temperature row '293K'.,co2_loading,mmol per gram of sorbent,visible_marker,,,,,,,
figp1a,a,figp1a:a:co2-293k-5864b600,CO2 293K,207.2462,mbar,2.5604,mmol/g,triangle_up,solid,#2d308d,false,medium,370.0,390.0,overlap_flag=true; assigned_by=joint_assignment; source=auto,pt-adb348962e212017,src-a8900a80107c06fb,CO2,true,Legend group heading 'CO2 @' binds the temperature row '293K'.,co2_loading,mmol per gram of sorbent,partially_visible_marker,,,,,,,
figp1a,a,figp1a:a:co2-293k-5864b600,CO2 293K,235.0166,mbar,2.9564,mmol/g,triangle_up,solid,#2d308d,false,high,389.99,340.79,assigned_by=joint_assignment; source=auto,pt-9c0090fe18516597,src-531c0f949dcf5825,CO2,true,Legend group heading 'CO2 @' binds the temperature row '293K'.,co2_loading,mmol per gram of sorbent,visible_marker,,,,,,,
figp1a,a,figp1a:a:co2-293k-5864b600,CO2 293K,296.4817,mbar,3.0795,mmol/g,triangle_up,solid,#2d308d,false,high,434.23,325.5,assigned_by=joint_assignment; source=auto,pt-2e955bc8add7707a,src-13314da99fa34449,CO2,true,Legend group heading 'CO2 @' binds the temperature row '293K'.,co2_loading,mmol per gram of sorbent,visible_marker,,,,,,,
figp1a,a,figp1a:a:co2-293k-5864b600,CO2 293K,329.5694,mbar,3.1855,mmol/g,triangle_up,solid,#2d308d,false,high,458.05,312.33,assigned_by=joint_assignment; source=auto,pt-afe56624fa136b72,src-505f3f9ae08d49db,CO2,true,Legend group heading 'CO2 @' binds the temperature row '293K'.,co2_loading,mmol per gram of sorbent,visible_marker,,,,,,,
figp1a,a,figp1a:a:co2-293k-5864b600,CO2 293K,359.3595,mbar,3.1962,mmol/g,triangle_up,solid,#2d308d,false,high,479.5,311.0,assigned_by=joint_assignment; source=auto,pt-87e28053e583e50e,src-5bfcce3c465d37d3,CO2,true,Legend group heading 'CO2 @' binds the temperature row '293K'.,co2_loading,mmol per gram of sorbent,visible_marker,,,,,,,
figp1a,a,figp1a:a:co2-293k-5864b600,CO2 293K,400.0028,mbar,3.304,mmol/g,triangle_up,solid,#2d308d,false,low,508.75,297.6,assigned_by=joint_assignment; source=auto,pt-d0b94da2e1ce716d,src-369749b87982e78d,CO2,true,Legend group heading 'CO2 @' binds the temperature row '293K'.,co2_loading,mmol per gram of sorbent,visible_marker,,,,,,,
figp1a,a,figp1a:a:co2-293k-5864b600,CO2 293K,417.9916,mbar,3.2943,mmol/g,triangle_up,solid,#2d308d,false,high,521.7,298.8,assigned_by=joint_assignment; source=auto,pt-9787cd7803e0aaf9,src-50baa1bb7ca01ae1,CO2,true,Legend group heading 'CO2 @' binds the temperature row '293K'.,co2_loading,mmol per gram of sorbent,visible_marker,,,,,,,
figp1a,a,figp1a:a:co2-293k-5864b600,CO2 293K,465.6421,mbar,3.3651,mmol/g,triangle_up,solid,#2d308d,false,medium,556.0,290.0,overlap_flag=true; assigned_by=joint_assignment; source=auto,pt-79f34149938412fa,src-86771f746611022a,CO2,true,Legend group heading 'CO2 @' binds the temperature row '293K'.,co2_loading,mmol per gram of sorbent,partially_visible_marker,,,,,,,
figp1a,a,figp1a:a:co2-293k-5864b600,CO2 293K,473.3967,mbar,3.3719,mmol/g,triangle_up,solid,#2d308d,false,high,561.58,289.16,assigned_by=joint_assignment; source=auto,pt-c7fd1d343d172e95,src-0e1a7f03f35b02ff,CO2,true,Legend group heading 'CO2 @' binds the temperature row '293K'.,co2_loading,mmol per gram of sorbent,visible_marker,,,,,,,
figp1a,a,figp1a:a:co2-293k-5864b600,CO2 293K,483.6593,mbar,3.4295,mmol/g,triangle_up,solid,#2d308d,false,medium,568.97,282.0,assigned_by=joint_assignment; source=auto,pt-0c3b7b315d2c4e9f,src-91fff097d3f66c70,CO2,true,Legend group heading 'CO2 @' binds the temperature row '293K'.,co2_loading,mmol per gram of sorbent,visible_marker,,,,,,,
figp1a,a,figp1a:a:co2-293k-5864b600,CO2 293K,536.4356,mbar,3.479,mmol/g,triangle_up,solid,#2d308d,false,high,606.96,275.85,assigned_by=joint_assignment; source=auto,pt-5919bee70f22a7da,src-e11f0427ab0831f1,CO2,true,Legend group heading 'CO2 @' binds the temperature row '293K'.,co2_loading,mmol per gram of sorbent,visible_marker,,,,,,,
figp1a,a,figp1a:a:co2-293k-5864b600,CO2 293K,557.4134,mbar,3.5298,mmol/g,triangle_up,solid,#2d308d,false,high,622.06,269.53,assigned_by=joint_assignment; source=auto,pt-6ad20c3f6f7f8a52,src-5cf72a00d4405637,CO2,true,Legend group heading 'CO2 @' binds the temperature row '293K'.,co2_loading,mmol per gram of sorbent,visible_marker,,,,,,,
figp1a,a,figp1a:a:co2-293k-5864b600,CO2 293K,596.0711,mbar,3.5494,mmol/g,triangle_up,solid,#2d308d,false,high,649.89,267.1,assigned_by=joint_assignment; source=auto,pt-5ef1a90910e3cd05,src-435f5f5a16f32059,CO2,true,Legend group heading 'CO2 @' binds the temperature row '293K'.,co2_loading,mmol per gram of sorbent,visible_marker,,,,,,,
figp1a,a,figp1a:a:co2-293k-5864b600,CO2 293K,640.3749,mbar,3.6214,mmol/g,triangle_up,solid,#2d308d,false,high,681.78,258.16,assigned_by=joint_assignment; source=auto,pt-3ab8aa3daebb0fa6,src-365db235dfcc8b69,CO2,true,Legend group heading 'CO2 @' binds the temperature row '293K'.,co2_loading,mmol per gram of sorbent,visible_marker,,,,,,,
figp1a,a,figp1a:a:co2-293k-5864b600,CO2 293K,656.0367,mbar,3.6151,mmol/g,triangle_up,solid,#2d308d,false,medium,693.05,258.94,assigned_by=joint_assignment; source=auto,pt-1973f332a9a854a5,src-cf5ccb6b583f0372,CO2,true,Legend group heading 'CO2 @' binds the temperature row '293K'.,co2_loading,mmol per gram of sorbent,visible_marker,,,,,,,
figp1a,a,figp1a:a:co2-293k-5864b600,CO2 293K,708.2154,mbar,3.6974,mmol/g,triangle_up,solid,#2d308d,false,high,730.61,248.71,assigned_by=joint_assignment; source=auto,pt-459688f4d9a7cbc4,src-9bd1c056134fbde1,CO2,true,Legend group heading 'CO2 @' binds the temperature row '293K'.,co2_loading,mmol per gram of sorbent,visible_marker,,,,,,,
figp1a,a,figp1a:a:co2-293k-5864b600,CO2 293K,721.8068,mbar,3.7062,mmol/g,triangle_up,solid,#2d308d,false,low,740.39,247.63,assigned_by=joint_assignment; source=auto,pt-6d29f652c9c9b9a4,src-4ebb5d73bded675a,CO2,true,Legend group heading 'CO2 @' binds the temperature row '293K'.,co2_loading,mmol per gram of sorbent,visible_marker,,,,,,,
figp1a,a,figp1a:a:co2-293k-5864b600,CO2 293K,776.2763,mbar,3.7366,mmol/g,triangle_up,solid,#2d308d,false,high,779.6,243.84,assigned_by=joint_assignment; source=auto,pt-63896692b9b1a632,src-729346a0a4266469,CO2,true,Legend group heading 'CO2 @' binds the temperature row '293K'.,co2_loading,mmol per gram of sorbent,visible_marker,,,,,,,
figp1a,a,figp1a:a:co2-293k-5864b600,CO2 293K,789.5794,mbar,3.7989,mmol/g,triangle_up,solid,#2d308d,false,low,789.18,236.1,assigned_by=joint_assignment; source=auto,pt-fb59c8eba279b670,src-11896a184d31d070,CO2,true,Legend group heading 'CO2 @' binds the temperature row '293K'.,co2_loading,mmol per gram of sorbent,visible_marker,,,,,,,
figp1a,a,figp1a:a:co2-293k-5864b600,CO2 293K,837.1615,mbar,3.8,mmol/g,triangle_up,solid,#2d308d,false,high,823.43,235.97,assigned_by=joint_assignment; source=auto,pt-e03ab17f1cf6bf40,src-70dd386f7abd3ac4,CO2,true,Legend group heading 'CO2 @' binds the temperature row '293K'.,co2_loading,mmol per gram of sorbent,visible_marker,,,,,,,
figp1a,a,figp1a:a:co2-293k-5864b600,CO2 293K,872.0526,mbar,3.8614,mmol/g,triangle_up,solid,#2d308d,false,high,848.54,228.34,assigned_by=joint_assignment; source=auto,pt-f7f4fd788ff4d974,src-8cc9b8008e44cbfa,CO2,true,Legend group heading 'CO2 @' binds the temperature row '293K'.,co2_loading,mmol per gram of sorbent,visible_marker,,,,,,,
figp1a,a,figp1a:a:co2-293k-5864b600,CO2 293K,897.5588,mbar,3.8591,mmol/g,triangle_up,solid,#2d308d,false,high,866.9,228.62,assigned_by=joint_assignment; source=auto,pt-aaae868f1d43961d,src-7705fa3382a108bd,CO2,true,Legend group heading 'CO2 @' binds the temperature row '293K'.,co2_loading,mmol per gram of sorbent,visible_marker,,,,,,,
figp1a,a,figp1a:a:co2-293k-5864b600,CO2 293K,926.7073,mbar,3.9103,mmol/g,triangle_up,solid,#2d308d,false,medium,887.89,222.26,assigned_by=joint_assignment; source=auto,pt-621d4e0db19e4400,src-5d0d727cc1c63c22,CO2,true,Legend group heading 'CO2 @' binds the temperature row '293K'.,co2_loading,mmol per gram of sorbent,visible_marker,,,,,,,
figp1a,a,figp1a:a:co2-293k-5864b600,CO2 293K,948.7767,mbar,3.8916,mmol/g,triangle_up,solid,#2d308d,false,high,903.77,224.58,assigned_by=joint_assignment; source=auto,pt-03dcd323e3b5b3cf,src-ecfc1eb8ffb589e1,CO2,true,Legend group heading 'CO2 @' binds the temperature row '293K'.,co2_loading,mmol per gram of sorbent,visible_marker,,,,,,,
figp1a,a,figp1a:a:co2-293k-5864b600,CO2 293K,957.4278,mbar,3.9043,mmol/g,triangle_up,solid,#2d308d,false,medium,910.0,223.0,overlap_flag=true; assigned_by=joint_assignment; source=auto,pt-7f0607b71c78e3fb,src-26e5ba716ad87fdb,CO2,true,Legend group heading 'CO2 @' binds the temperature row '293K'.,co2_loading,mmol per gram of sorbent,partially_visible_marker,,,,,,,
figp1a,a,figp1a:a:co2-293k-5864b600,CO2 293K,1003.8568,mbar,3.9549,mmol/g,triangle_up,solid,#2d308d,false,medium,943.42,216.72,assigned_by=joint_assignment; source=auto,pt-303cc3642b0039ec,src-ffff495d67b43cc2,CO2,true,Legend group heading 'CO2 @' binds the temperature row '293K'.,co2_loading,mmol per gram of sorbent,visible_marker,,,,,,,
figp1a,a,figp1a:a:co2-293k-5864b600,CO2 293K,1020.5471,mbar,3.9444,mmol/g,triangle_up,solid,#2d308d,false,low,955.43,218.02,assigned_by=joint_assignment; source=auto,pt-570c05cb30f51760,src-d27d62e6b461e3e4,CO2,true,Legend group heading 'CO2 @' binds the temperature row '293K'.,co2_loading,mmol per gram of sorbent,visible_marker,,,,,,,
figp1a,a,figp1a:a:co2-293k-5864b600,CO2 293K,1082.3698,mbar,4.0067,mmol/g,triangle_up,solid,#2d308d,false,high,999.94,210.28,assigned_by=joint_assignment; source=auto,pt-9188dcba230cf24d,src-956edd1f995a7ccf,CO2,true,Legend group heading 'CO2 @' binds the temperature row '293K'.,co2_loading,mmol per gram of sorbent,visible_marker,,,,,,,
figp1a,a,figp1a:a:co2-293k-5864b600,CO2 293K,1139.7507,mbar,4.0374,mmol/g,triangle_up,solid,#2d308d,false,high,1041.24,206.47,assigned_by=joint_assignment; source=auto,pt-7da90465b95588f9,src-03d5fd5f0d7064fa,CO2,true,Legend group heading 'CO2 @' binds the temperature row '293K'.,co2_loading,mmol per gram of sorbent,visible_marker,,,,,,,
figp1a,a,figp1a:a:co2-293k-5864b600,CO2 293K,1185.0678,mbar,4.0521,mmol/g,triangle_up,solid,#2d308d,false,high,1073.86,204.64,assigned_by=joint_assignment; source=auto,pt-50f82e295814eb2f,src-3d77d3bb2781e021,CO2,true,Legend group heading 'CO2 @' binds the temperature row '293K'.,co2_loading,mmol per gram of sorbent,visible_marker,,,,,,,
figp1a,a,figp1a:a:co2-303k-bc2a4dd1,CO2 303K,170.9816,mbar,2.1258,mmol/g,triangle_down,solid,#0d7d75,false,high,343.9,444.0,assigned_by=joint_assignment; source=auto,pt-ef3c47854b2a990e,src-d4a3a135cad3ab64,CO2,true,Legend group heading 'CO2 @' binds the temperature row '303K'.,co2_loading,mmol per gram of sorbent,visible_marker,,,,,,,
figp1a,a,figp1a:a:co2-303k-bc2a4dd1,CO2 303K,222.5276,mbar,2.6247,mmol/g,triangle_down,solid,#0d7d75,false,medium,381.0,382.0,overlap_flag=true; assigned_by=joint_assignment; source=auto,pt-c4ab4add68e6ae25,src-1a699dd9b5a98d2a,CO2,true,Legend group heading 'CO2 @' binds the temperature row '303K'.,co2_loading,mmol per gram of sorbent,partially_visible_marker,,,,,,,
figp1a,a,figp1a:a:co2-303k-bc2a4dd1,CO2 303K,230.5226,mbar,2.7017,mmol/g,triangle_down,solid,#0d7d75,false,high,386.75,372.43,assigned_by=joint_assignment; source=auto,pt-ca82033c948aa704,src-de174d4604b9656f,CO2,true,Legend group heading 'CO2 @' binds the temperature row '303K'.,co2_loading,mmol per gram of sorbent,visible_marker,,,,,,,
figp1a,a,figp1a:a:co2-303k-bc2a4dd1,CO2 303K,249.6175,mbar,2.7816,mmol/g,triangle_down,solid,#0d7d75,false,high,400.5,362.51,assigned_by=joint_assignment; source=auto,pt-522a5797116bafc8,src-3ac0850449664c36,CO2,true,Legend group heading 'CO2 @' binds the temperature row '303K'.,co2_loading,mmol per gram of sorbent,visible_marker,,,,,,,
figp1a,a,figp1a:a:co2-303k-bc2a4dd1,CO2 303K,283.6535,mbar,2.6972,mmol/g,triangle_down,solid,#0d7d75,false,medium,425.0,373.0,overlap_flag=true; assigned_by=joint_assignment; source=auto,pt-58d5ab1c54e131b5,src-8d9e07272a737acf,CO2,true,Legend group heading 'CO2 @' binds the temperature row '303K'.,co2_loading,mmol per gram of sorbent,partially_visible_marker,,,,,,,
figp1a,a,figp1a:a:co2-303k-bc2a4dd1,CO2 303K,292.2367,mbar,2.8239,mmol/g,triangle_down,solid,#0d7d75,false,low,431.18,357.25,assigned_by=joint_assignment; source=auto,pt-dea5b93f9feafa5a,src-92115bd7eeb25d64,CO2,true,Legend group heading 'CO2 @' binds the temperature row '303K'.,co2_loading,mmol per gram of sorbent,visible_marker,,,,,,,
figp1a,a,figp1a:a:co2-303k-bc2a4dd1,CO2 303K,324.4615,mbar,2.9134,mmol/g,triangle_down,solid,#0d7d75,false,high,454.37,346.13,assigned_by=joint_assignment; source=auto,pt-3c4767a53c8a6e44,src-e76bb0bd3771a8a1,CO2,true,Legend group heading 'CO2 @' binds the temperature row '303K'.,co2_loading,mmol per gram of sorbent,visible_marker,,,,,,,
figp1a,a,figp1a:a:co2-303k-bc2a4dd1,CO2 303K,356.6416,mbar,2.9355,mmol/g,triangle_down,solid,#0d7d75,false,high,477.54,343.38,assigned_by=joint_assignment; source=auto,pt-e4a5fbf9265ccf4c,src-6b63f69595919ea9,CO2,true,Legend group heading 'CO2 @' binds the temperature row '303K'.,co2_loading,mmol per gram of sorbent,visible_marker,,,,,,,
figp1a,a,figp1a:a:co2-303k-bc2a4dd1,CO2 303K,401.7377,mbar,2.8823,mmol/g,triangle_down,solid,#0d7d75,false,medium,510.0,350.0,overlap_flag=true; assigned_by=joint_assignment; source=auto,pt-6d8670505d3d1d8d,src-30180b2f5fb6f737,CO2,true,Legend group heading 'CO2 @' binds the temperature row '303K'.,co2_loading,mmol per gram of sorbent,partially_visible_marker,,,,,,,
figp1a,a,figp1a:a:co2-303k-bc2a4dd1,CO2 303K,401.7377,mbar,2.834,mmol/g,triangle_down,solid,#0d7d75,false,medium,510.0,356.0,overlap_flag=true; assigned_by=joint_assignment; source=auto,pt-fb1bae3240cefc9f,src-e6fe2214d11ef5bb,CO2,true,Legend group heading 'CO2 @' binds the temperature row '303K'.,co2_loading,mmol per gram of sorbent,partially_visible_marker,,,,,,,
figp1a,a,figp1a:a:co2-303k-bc2a4dd1,CO2 303K,403.0187,mbar,3.0219,mmol/g,triangle_down,solid,#0d7d75,false,high,510.92,332.65,assigned_by=joint_assignment; source=auto,pt-6b4e0ddec39c221f,src-31693e8649a3717b,CO2,true,Legend group heading 'CO2 @' binds the temperature row '303K'.,co2_loading,mmol per gram of sorbent,visible_marker,,,,,,,
figp1a,a,figp1a:a:co2-303k-bc2a4dd1,CO2 303K,465.6421,mbar,2.9064,mmol/g,triangle_down,solid,#0d7d75,false,medium,556.0,347.0,overlap_flag=true; assigned_by=joint_assignment; source=auto,pt-994a780640944ee7,src-5e45ecc59802eec8,CO2,true,Legend group heading 'CO2 @' binds the temperature row '303K'.,co2_loading,mmol per gram of sorbent,partially_visible_marker,,,,,,,
figp1a,a,figp1a:a:co2-303k-bc2a4dd1,CO2 303K,474.8197,mbar,3.0816,mmol/g,triangle_down,solid,#0d7d75,false,high,562.61,325.24,assigned_by=joint_assignment; source=auto,pt-f136f35d53b7a899,src-f37fe2654a63f8e7,CO2,true,Legend group heading 'CO2 @' binds the temperature row '303K'.,co2_loading,mmol per gram of sorbent,visible_marker,,,,,,,
figp1a,a,figp1a:a:co2-303k-bc2a4dd1,CO2 303K,523.9895,mbar,3.0191,mmol/g,triangle_down,solid,#0d7d75,false,medium,598.0,333.0,overlap_flag=true; assigned_by=joint_assignment; source=auto,pt-413441a09aa9c092,src-fa79714c2ffa757b,CO2,true,Legend group heading 'CO2 @' binds the temperature row '303K'.,co2_loading,mmol per gram of sorbent,partially_visible_marker,,,,,,,
figp1a,a,figp1a:a:co2-303k-bc2a4dd1,CO2 303K,533.7141,mbar,3.1076,mmol/g,triangle_down,solid,#0d7d75,false,high,605.0,322.0,assigned_by=joint_assignment; source=auto,pt-bca687ffd391a1c7,src-047cf7f75ed8e21a,CO2,true,Legend group heading 'CO2 @' binds the temperature row '303K'.,co2_loading,mmol per gram of sorbent,visible_marker,,,,,,,
figp1a,a,figp1a:a:co2-303k-bc2a4dd1,CO2 303K,558.6493,mbar,3.1863,mmol/g,triangle_down,solid,#0d7d75,false,high,622.95,312.22,assigned_by=joint_assignment; source=auto,pt-7a887807adda1bd2,src-b68a0e1743b5933b,CO2,true,Legend group heading 'CO2 @' binds the temperature row '303K'.,co2_loading,mmol per gram of sorbent,visible_marker,,,,,,,
figp1a,a,figp1a:a:co2-303k-bc2a4dd1,CO2 303K,592.1324,mbar,3.1702,mmol/g,triangle_down,solid,#0d7d75,false,high,647.05,314.22,assigned_by=joint_assignment; source=auto,pt-465feea0d798e025,src-2717613ffb4e089c,CO2,true,Legend group heading 'CO2 @' binds the temperature row '303K'.,co2_loading,mmol per gram of sorbent,visible_marker,,,,,,,
figp1a,a,figp1a:a:co2-303k-bc2a4dd1,CO2 303K,594.84,mbar,3.0352,mmol/g,triangle_down,solid,#0d7d75,false,medium,649.0,331.0,overlap_flag=true; assigned_by=joint_assignment; source=auto,pt-04a9838bc6dfb026,src-81a90f8ba2ce8404,CO2,true,Legend group heading 'CO2 @' binds the temperature row '303K'.,co2_loading,mmol per gram of sorbent,partially_visible_marker,,,,,,,
figp1a,a,figp1a:a:co2-303k-bc2a4dd1,CO2 303K,631.7684,mbar,3.2609,mmol/g,triangle_down,solid,#0d7d75,false,high,675.58,302.95,assigned_by=joint_assignment; source=auto,pt-0c94993e4e196b10,src-1b066d919be6f8f5,CO2,true,Legend group heading 'CO2 @' binds the temperature row '303K'.,co2_loading,mmol per gram of sorbent,visible_marker,,,,,,,
figp1a,a,figp1a:a:co2-303k-bc2a4dd1,CO2 303K,655.6069,mbar,3.2275,mmol/g,triangle_down,solid,#0d7d75,false,high,692.74,307.1,assigned_by=joint_assignment; source=auto,pt-6458f203d9b0d1a6,src-1d2f2265cbb361ec,CO2,true,Legend group heading 'CO2 @' binds the temperature row '303K'.,co2_loading,mmol per gram of sorbent,visible_marker,,,,,,,
figp1a,a,figp1a:a:co2-303k-bc2a4dd1,CO2 303K,711.4129,mbar,3.317,mmol/g,triangle_down,solid,#0d7d75,false,high,732.91,295.98,assigned_by=joint_assignment; source=auto,pt-35310bd82660dfd1,src-fcb3949c0043cc76,CO2,true,Legend group heading 'CO2 @' binds the temperature row '303K'.,co2_loading,mmol per gram of sorbent,visible_marker,,,,,,,
figp1a,a,figp1a:a:co2-303k-bc2a4dd1,CO2 303K,781.2299,mbar,3.3532,mmol/g,triangle_down,solid,#0d7d75,false,high,783.17,291.48,assigned_by=joint_assignment; source=auto,pt-001a270e9d8649d5,src-6e9bdb97bc3cccd9,CO2,true,Legend group heading 'CO2 @' binds the temperature row '303K'.,co2_loading,mmol per gram of sorbent,visible_marker,,,,,,,
figp1a,a,figp1a:a:co2-303k-bc2a4dd1,CO2 303K,786.5531,mbar,3.3168,mmol/g,triangle_down,solid,#0d7d75,false,medium,787.0,296.0,assigned_by=joint_assignment; source=auto,pt-eadb1cf876dd352d,src-97cb002a50a803de,CO2,true,Legend group heading 'CO2 @' binds the temperature row '303K'.,co2_loading,mmol per gram of sorbent,visible_marker,,,,,,,
figp1a,a,figp1a:a:co2-303k-bc2a4dd1,CO2 303K,836.8908,mbar,3.3842,mmol/g,triangle_down,solid,#0d7d75,false,high,823.23,287.63,assigned_by=joint_assignment; source=auto,pt-ca217b0fe8e1430f,src-100ee961c44d059f,CO2,true,Legend group heading 'CO2 @' binds the temperature row '303K'.,co2_loading,mmol per gram of sorbent,visible_marker,,,,,,,
figp1a,a,figp1a:a:co2-303k-bc2a4dd1,CO2 303K,866.4336,mbar,3.4335,mmol/g,triangle_down,solid,#0d7d75,false,high,844.5,281.5,assigned_by=joint_assignment; source=auto,pt-8a1ea0266129cebf,src-9e5c7d7f6145fa34,CO2,true,Legend group heading 'CO2 @' binds the temperature row '303K'.,co2_loading,mmol per gram of sorbent,visible_marker,,,,,,,
figp1a,a,figp1a:a:co2-303k-bc2a4dd1,CO2 303K,895.7396,mbar,3.4377,mmol/g,triangle_down,solid,#0d7d75,false,high,865.6,280.98,assigned_by=joint_assignment; source=auto,pt-7fb4db6c8dda6066,src-cf69789471229487,CO2,true,Legend group heading 'CO2 @' binds the temperature row '303K'.,co2_loading,mmol per gram of sorbent,visible_marker,,,,,,,
figp1a,a,figp1a:a:co2-303k-bc2a4dd1,CO2 303K,927.9638,mbar,3.4795,mmol/g,triangle_down,solid,#0d7d75,false,high,888.79,275.78,assigned_by=joint_assignment; source=auto,pt-daeb35a98bc25f04,src-7b8d06aced56dddc,CO2,true,Legend group heading 'CO2 @' binds the temperature row '303K'.,co2_loading,mmol per gram of sorbent,visible_marker,,,,,,,
figp1a,a,figp1a:a:co2-303k-bc2a4dd1,CO2 303K,929.6433,mbar,3.3088,mmol/g,triangle_down,solid,#0d7d75,false,medium,890.0,297.0,overlap_flag=true; assigned_by=joint_assignment; source=auto,pt-99b2024a54c53a7d,src-5520139bb9b0c502,CO2,true,Legend group heading 'CO2 @' binds the temperature row '303K'.,co2_loading,mmol per gram of sorbent,partially_visible_marker,,,,,,,
figp1a,a,figp1a:a:co2-303k-bc2a4dd1,CO2 303K,957.7944,mbar,3.4789,mmol/g,triangle_down,solid,#0d7d75,false,high,910.26,275.87,assigned_by=joint_assignment; source=auto,pt-273e51af6028e958,src-15f957401e47c7d2,CO2,true,Legend group heading 'CO2 @' binds the temperature row '303K'.,co2_loading,mmol per gram of sorbent,visible_marker,,,,,,,
figp1a,a,figp1a:a:co2-303k-bc2a4dd1,CO2 303K,1003.4128,mbar,3.5352,mmol/g,triangle_down,solid,#0d7d75,false,low,943.1,268.87,assigned_by=joint_assignment; source=auto,pt-6e60f26bacb76dde,src-fdb2908ad30217f8,CO2,true,Legend group heading 'CO2 @' binds the temperature row '303K'.,co2_loading,mmol per gram of sorbent,visible_marker,,,,,,,
figp1a,a,figp1a:a:co2-303k-bc2a4dd1,CO2 303K,1012.9968,mbar,3.4939,mmol/g,triangle_down,solid,#0d7d75,false,medium,950.0,274.0,assigned_by=joint_assignment; source=auto,pt-b010bfa6bfd4d79f,src-56068ebc1d015eb3,CO2,true,Legend group heading 'CO2 @' binds the temperature row '303K'.,co2_loading,mmol per gram of sorbent,visible_marker,,,,,,,
figp1a,a,figp1a:a:co2-303k-bc2a4dd1,CO2 303K,1020.1523,mbar,3.5196,mmol/g,triangle_down,solid,#0d7d75,false,low,955.15,270.81,assigned_by=joint_assignment; source=auto,pt-5c0c2fd960bb5b00,src-de30ebad57acff65,CO2,true,Legend group heading 'CO2 @' binds the temperature row '303K'.,co2_loading,mmol per gram of sorbent,visible_marker,,,,,,,
figp1a,a,figp1a:a:co2-303k-bc2a4dd1,CO2 303K,1080.9935,mbar,3.5527,mmol/g,triangle_down,solid,#0d7d75,false,high,998.95,266.7,assigned_by=joint_assignment; source=auto,pt-93abdf16f8122f74,src-26c62b7ff14b74f6,CO2,true,Legend group heading 'CO2 @' binds the temperature row '303K'.,co2_loading,mmol per gram of sorbent,visible_marker,,,,,,,
figp1a,a,figp1a:a:co2-303k-bc2a4dd1,CO2 303K,1137.3325,mbar,3.5873,mmol/g,triangle_down,solid,#0d7d75,false,high,1039.5,262.39,assigned_by=joint_assignment; source=auto,pt-1a6640a4d6e90041,src-abbd6d8896e9f0a3,CO2,true,Legend group heading 'CO2 @' binds the temperature row '303K'.,co2_loading,mmol per gram of sorbent,visible_marker,,,,,,,
figp1a,a,figp1a:a:co2-303k-bc2a4dd1,CO2 303K,1183.8654,mbar,3.5997,mmol/g,triangle_down,solid,#0d7d75,false,medium,1073.0,260.85,assigned_by=joint_assignment; source=auto,pt-78d8d80ed28ad5fb,src-4b90b6aa3a217f8e,CO2,true,Legend group heading 'CO2 @' binds the temperature row '303K'.,co2_loading,mmol per gram of sorbent,visible_marker,,,,,,,
figp1a,a,figp1a:a:co2-313k-21d87380,CO2 313K,236.0103,mbar,2.5775,mmol/g,triangle_left,solid,#b94fa3,false,medium,390.71,387.87,assigned_by=joint_assignment; source=auto,pt-78e5c65eafc3311e,src-d6ccf2277ab9b951,CO2,true,Legend group heading 'CO2 @' binds the temperature row '313K'.,co2_loading,mmol per gram of sorbent,visible_marker,,,,,,,
figp1a,a,figp1a:a:co2-313k-21d87380,CO2 313K,251.2278,mbar,2.646,mmol/g,triangle_left,solid,#b94fa3,false,high,401.66,379.36,assigned_by=joint_assignment; source=auto,pt-98b5fc0f8f9975fa,src-f55c77535925ae5e,CO2,true,Legend group heading 'CO2 @' binds the temperature row '313K'.,co2_loading,mmol per gram of sorbent,visible_marker,,,,,,,
figp1a,a,figp1a:a:co2-313k-21d87380,CO2 313K,296.7901,mbar,2.7026,mmol/g,triangle_left,solid,#b94fa3,false,high,434.46,372.32,assigned_by=joint_assignment; source=auto,pt-13619d3a1567788e,src-1f7fcfe209364859,CO2,true,Legend group heading 'CO2 @' binds the temperature row '313K'.,co2_loading,mmol per gram of sorbent,visible_marker,,,,,,,
figp1a,a,figp1a:a:co2-313k-21d87380,CO2 313K,331.6227,mbar,2.799,mmol/g,triangle_left,solid,#b94fa3,false,high,459.53,360.34,assigned_by=joint_assignment; source=auto,pt-5fde8be5ff98c7de,src-efffd6d13ce67cf0,CO2,true,Legend group heading 'CO2 @' binds the temperature row '313K'.,co2_loading,mmol per gram of sorbent,visible_marker,,,,,,,
figp1a,a,figp1a:a:co2-313k-21d87380,CO2 313K,358.107,mbar,2.7945,mmol/g,triangle_left,solid,#b94fa3,false,high,478.59,360.91,assigned_by=joint_assignment; source=auto,pt-9d97826efd3078b9,src-580825ae305db2cf,CO2,true,Legend group heading 'CO2 @' binds the temperature row '313K'.,co2_loading,mmol per gram of sorbent,visible_marker,,,,,,,
figp1a,a,figp1a:a:co2-313k-21d87380,CO2 313K,398.9593,mbar,2.9627,mmol/g,triangle_left,solid,#b94fa3,false,medium,508.0,340.0,overlap_flag=true; assigned_by=joint_assignment; source=auto,pt-0c374c4d80bb5c3d,src-ef79944b15749141,CO2,true,Legend group heading 'CO2 @' binds the temperature row '313K'.,co2_loading,mmol per gram of sorbent,partially_visible_marker,,,,,,,
figp1a,a,figp1a:a:co2-313k-21d87380,CO2 313K,410.1832,mbar,2.8969,mmol/g,triangle_left,solid,#b94fa3,false,medium,516.08,348.19,assigned_by=joint_assignment; source=auto,pt-19faef27fd7da429,src-ee032fd52e9cfc26,CO2,true,Legend group heading 'CO2 @' binds the temperature row '313K'.,co2_loading,mmol per gram of sorbent,visible_marker,,,,,,,
figp1a,a,figp1a:a:co2-313k-21d87380,CO2 313K,462.8636,mbar,3.0754,mmol/g,triangle_left,solid,#b94fa3,false,medium,554.0,326.0,overlap_flag=true; assigned_by=joint_assignment; source=auto,pt-0d2b2a9c0d33343b,src-c32e03057d68e5b4,CO2,true,Legend group heading 'CO2 @' binds the temperature row '313K'.,co2_loading,mmol per gram of sorbent,partially_visible_marker,,,,,,,
figp1a,a,figp1a:a:co2-313k-21d87380,CO2 313K,474.1818,mbar,2.9475,mmol/g,triangle_left,solid,#b94fa3,false,medium,562.15,341.89,assigned_by=joint_assignment; source=auto,pt-2a2b522afa2b044d,src-90016c8e1fe0c1d5,CO2,true,Legend group heading 'CO2 @' binds the temperature row '313K'.,co2_loading,mmol per gram of sorbent,visible_marker,,,,,,,
figp1a,a,figp1a:a:co2-313k-21d87380,CO2 313K,485.6969,mbar,2.9834,mmol/g,triangle_left,solid,#b94fa3,false,medium,570.44,337.44,assigned_by=joint_assignment; source=auto,pt-ea2265dd2f44e857,src-263cc9859024f957,CO2,true,Legend group heading 'CO2 @' binds the temperature row '313K'.,co2_loading,mmol per gram of sorbent,visible_marker,,,,,,,
figp1a,a,figp1a:a:co2-313k-21d87380,CO2 313K,544.8279,mbar,3.0754,mmol/g,triangle_left,solid,#b94fa3,false,medium,613.0,326.0,assigned_by=joint_assignment; source=auto,pt-92f9d327b6eae96a,src-56b158fced3ac032,CO2,true,Legend group heading 'CO2 @' binds the temperature row '313K'.,co2_loading,mmol per gram of sorbent,visible_marker,,,,,,,
figp1a,a,figp1a:a:co2-313k-21d87380,CO2 313K,562.0918,mbar,3.0645,mmol/g,triangle_left,solid,#b94fa3,false,high,625.43,327.36,assigned_by=joint_assignment; source=auto,pt-c81aae37c9ec150a,src-4639b34ef59f6b55,CO2,true,Legend group heading 'CO2 @' binds the temperature row '313K'.,co2_loading,mmol per gram of sorbent,visible_marker,,,,,,,
figp1a,a,figp1a:a:co2-313k-21d87380,CO2 313K,585.1154,mbar,3.2283,mmol/g,triangle_left,solid,#b94fa3,false,medium,642.0,307.0,overlap_flag=true; assigned_by=joint_assignment; source=auto,pt-17fec59ddf68bd9f,src-b61953bc07f4de77,CO2,true,Legend group heading 'CO2 @' binds the temperature row '313K'.,co2_loading,mmol per gram of sorbent,partially_visible_marker,,,,,,,
figp1a,a,figp1a:a:co2-313k-21d87380,CO2 313K,646.8984,mbar,3.1003,mmol/g,triangle_left,solid,#b94fa3,false,low,686.47,322.9,assigned_by=joint_assignment; source=auto,pt-620500bff3f1e2b0,src-1c8805875f390935,CO2,true,Legend group heading 'CO2 @' binds the temperature row '313K'.,co2_loading,mmol per gram of sorbent,visible_marker,,,,,,,
figp1a,a,figp1a:a:co2-313k-21d87380,CO2 313K,649.0198,mbar,3.1478,mmol/g,triangle_left,solid,#b94fa3,false,medium,688.0,317.0,assigned_by=joint_assignment; source=auto,pt-0e5bbc0ce67290c8,src-362bca435fce2908,CO2,true,Legend group heading 'CO2 @' binds the temperature row '313K'.,co2_loading,mmol per gram of sorbent,visible_marker,,,,,,,
figp1a,a,figp1a:a:co2-323k-c5e1f4c4,CO2 323K,-3.8993,mbar,0.269,mmol/g,triangle_right,solid,#76792b,false,low,218.01,674.72,overlap_flag=true; assigned_by=color; source=auto,pt-bd3d5d788ce9d292,src-9d5efdf13c51a70b,CO2,true,Legend group heading 'CO2 @' binds the temperature row '323K'.,co2_loading,mmol per gram of sorbent,partially_visible_marker,,,,,,,
figp1a,a,figp1a:a:co2-323k-c5e1f4c4,CO2 323K,17.5072,mbar,0.454,mmol/g,triangle_right,solid,#76792b,false,high,233.42,651.74,assigned_by=color; source=auto,pt-b242a37e5e62559b,src-b7ee96ecee2daefa,CO2,true,Legend group heading 'CO2 @' binds the temperature row '323K'.,co2_loading,mmol per gram of sorbent,visible_marker,,,,,,,
figp1a,a,figp1a:a:co2-323k-c5e1f4c4,CO2 323K,17.6223,mbar,0.5241,mmol/g,triangle_right,solid,#76792b,false,medium,233.5,643.02,assigned_by=color; source=auto,pt-dad2b341c804e400,src-a7e372920cda1e92,CO2,true,Legend group heading 'CO2 @' binds the temperature row '323K'.,co2_loading,mmol per gram of sorbent,visible_marker,,,,,,,
figp1a,a,figp1a:a:co2-323k-c5e1f4c4,CO2 323K,29.4253,mbar,0.7818,mmol/g,triangle_right,solid,#76792b,false,medium,242.0,611.0,overlap_flag=true; assigned_by=color; source=auto,pt-3bbca8ce9c0448e6,src-17d464edc3d62c8d,CO2,true,Legend group heading 'CO2 @' binds the temperature row '323K'.,co2_loading,mmol per gram of sorbent,partially_visible_marker,,,,,,,
figp1a,a,figp1a:a:co2-323k-c5e1f4c4,CO2 323K,237.8893,mbar,2.3369,mmol/g,triangle_right,solid,#76792b,false,high,392.06,417.77,assigned_by=color; source=auto,pt-e972ced693347d07,src-64fb7276dce66788,CO2,true,Legend group heading 'CO2 @' binds the temperature row '323K'.,co2_loading,mmol per gram of sorbent,visible_marker,,,,,,,
figp1a,a,figp1a:a:co2-323k-c5e1f4c4,CO2 323K,252.5117,mbar,2.4079,mmol/g,triangle_right,solid,#76792b,false,high,402.58,408.94,assigned_by=color; source=auto,pt-65a364a230adad7e,src-76a6e8a9244f98d4,CO2,true,Legend group heading 'CO2 @' binds the temperature row '323K'.,co2_loading,mmol per gram of sorbent,visible_marker,,,,,,,
figp1a,a,figp1a:a:co2-323k-c5e1f4c4,CO2 323K,296.412,mbar,2.4532,mmol/g,triangle_right,solid,#76792b,false,high,434.18,403.32,assigned_by=color; source=auto,pt-b2be58bafae0d698,src-3ed3d05be3b2e4cf,CO2,true,Legend group heading 'CO2 @' binds the temperature row '323K'.,co2_loading,mmol per gram of sorbent,visible_marker,,,,,,,
figp1a,a,figp1a:a:co2-323k-c5e1f4c4,CO2 323K,330.1435,mbar,2.5494,mmol/g,triangle_right,solid,#76792b,false,high,458.46,391.36,assigned_by=color; source=auto,pt-d56f9a7534915c26,src-09479f2518b24dda,CO2,true,Legend group heading 'CO2 @' binds the temperature row '323K'.,co2_loading,mmol per gram of sorbent,visible_marker,,,,,,,
figp1a,a,figp1a:a:co2-323k-c5e1f4c4,CO2 323K,358.3212,mbar,2.5534,mmol/g,triangle_right,solid,#76792b,false,high,478.75,390.87,assigned_by=color; source=auto,pt-cb67c29bd19550e3,src-d7d6a0389b0ec95b,CO2,true,Legend group heading 'CO2 @' binds the temperature row '323K'.,co2_loading,mmol per gram of sorbent,visible_marker,,,,,,,
figp1a,a,figp1a:a:co2-323k-c5e1f4c4,CO2 323K,376.7316,mbar,2.5925,mmol/g,triangle_right,solid,#76792b,false,low,492.0,386.0,overlap_flag=true; assigned_by=template; source=template_fit,pt-f006c1b4b9eeeb50,src-fbc7944236ff45e0,CO2,true,Legend group heading 'CO2 @' binds the temperature row '323K'.,co2_loading,mmol per gram of sorbent,template_fit,,,,,,,
figp1a,a,figp1a:a:co2-323k-c5e1f4c4,CO2 323K,412.5814,mbar,2.6379,mmol/g,triangle_right,solid,#76792b,false,high,517.81,380.37,assigned_by=color; source=auto,pt-4df6317e6e4b1c0a,src-f003841e2a1f0964,CO2,true,Legend group heading 'CO2 @' binds the temperature row '323K'.,co2_loading,mmol per gram of sorbent,visible_marker,,,,,,,
figp1a,a,figp1a:a:co2-323k-c5e1f4c4,CO2 323K,480.641,mbar,2.7184,mmol/g,triangle_right,solid,#76792b,false,high,566.8,370.36,assigned_by=color; source=auto,pt-4776d0f19c7998fb,src-374d7e9ef27dfe40,CO2,true,Legend group heading 'CO2 @' binds the temperature row '323K'.,co2_loading,mmol per gram of sorbent,visible_marker,,,,,,,
figp1a,a,figp1a:a:co2-323k-c5e1f4c4,CO2 323K,535.2602,mbar,2.7458,mmol/g,triangle_right,solid,#76792b,false,high,606.11,366.95,assigned_by=color; source=auto,pt-0dcc59421161f09d,src-958c353e09cccc5e,CO2,true,Legend group heading 'CO2 @' binds the temperature row '323K'.,co2_loading,mmol per gram of sorbent,visible_marker,,,,,,,
figp1a,a,figp1a:a:co2-323k-c5e1f4c4,CO2 323K,562.7086,mbar,2.803,mmol/g,triangle_right,solid,#76792b,false,high,625.87,359.85,assigned_by=color; source=auto,pt-5992bad6c5b77308,src-38f0dc9fb39cb44f,CO2,true,Legend group heading 'CO2 @' binds the temperature row '323K'.,co2_loading,mmol per gram of sorbent,visible_marker,,,,,,,
figp1a,a,figp1a:a:co2-323k-c5e1f4c4,CO2 323K,595.5346,mbar,2.7937,mmol/g,triangle_right,solid,#76792b,false,high,649.5,361.0,assigned_by=color; source=auto,pt-411ca6f2380282aa,src-0ac3fe1e1f1cc0e2,CO2,true,Legend group heading 'CO2 @' binds the temperature row '323K'.,co2_loading,mmol per gram of sorbent,visible_marker,,,,,,,
figp1a,a,figp1a:a:co2-323k-c5e1f4c4,CO2 323K,637.0352,mbar,2.8681,mmol/g,triangle_right,solid,#76792b,false,high,679.37,351.76,assigned_by=color; source=auto,pt-5f2f84fd1b22406a,src-f3012994f6a7c768,CO2,true,Legend group heading 'CO2 @' binds the temperature row '323K'.,co2_loading,mmol per gram of sorbent,visible_marker,,,,,,,
figp1a,a,figp1a:a:co2-323k-c5e1f4c4,CO2 323K,655.307,mbar,2.8404,mmol/g,triangle_right,solid,#76792b,false,medium,692.53,355.2,assigned_by=color; source=auto,pt-ae865c4a8eb09632,src-e667b4301627a885,CO2,true,Legend group heading 'CO2 @' binds the temperature row '323K'.,co2_loading,mmol per gram of sorbent,visible_marker,,,,,,,
figp1a,a,figp1a:a:co2-323k-c5e1f4c4,CO2 323K,715.8468,mbar,2.8905,mmol/g,triangle_right,solid,#76792b,false,high,736.1,348.97,assigned_by=color; source=auto,pt-9e9dbc4dc151abf9,src-3da306f48ebd8819,CO2,true,Legend group heading 'CO2 @' binds the temperature row '323K'.,co2_loading,mmol per gram of sorbent,visible_marker,,,,,,,
figp1a,a,figp1a:a:co2-323k-c5e1f4c4,CO2 323K,775.5913,mbar,2.9225,mmol/g,triangle_right,solid,#76792b,false,high,779.11,345.0,assigned_by=color; source=auto,pt-b8bb52a23e1d5809,src-0b5b0a70b8d03091,CO2,true,Legend group heading 'CO2 @' binds the temperature row '323K'.,co2_loading,mmol per gram of sorbent,visible_marker,,,,,,,
figp1a,a,figp1a:a:co2-323k-c5e1f4c4,CO2 323K,792.5112,mbar,2.9602,mmol/g,triangle_right,solid,#76792b,false,medium,791.29,340.32,assigned_by=color; source=auto,pt-dac6c6b27eeb4b71,src-7bcfbb569893b2a3,CO2,true,Legend group heading 'CO2 @' binds the temperature row '323K'.,co2_loading,mmol per gram of sorbent,visible_marker,,,,,,,
figp1a,a,figp1a:a:co2-323k-c5e1f4c4,CO2 323K,838.0404,mbar,2.9596,mmol/g,triangle_right,solid,#76792b,false,high,824.06,340.39,assigned_by=color; source=auto,pt-dffcb534dd78fb27,src-1daf38aa96504a23,CO2,true,Legend group heading 'CO2 @' binds the temperature row '323K'.,co2_loading,mmol per gram of sorbent,visible_marker,,,,,,,
figp1a,a,figp1a:a:co2-323k-c5e1f4c4,CO2 323K,865.6532,mbar,2.9889,mmol/g,triangle_right,solid,#76792b,false,high,843.94,336.75,assigned_by=color; source=auto,pt-fcb3316d72aa62ff,src-ee7aed1ac44a0b14,CO2,true,Legend group heading 'CO2 @' binds the temperature row '323K'.,co2_loading,mmol per gram of sorbent,visible_marker,,,,,,,
figp1a,a,figp1a:a:co2-323k-c5e1f4c4,CO2 323K,897.1758,mbar,2.9873,mmol/g,triangle_right,solid,#76792b,false,high,866.63,336.95,assigned_by=color; source=auto,pt-1248b0fd56dc6be9,src-bbc2d8ea538d3a04,CO2,true,Legend group heading 'CO2 @' binds the temperature row '323K'.,co2_loading,mmol per gram of sorbent,visible_marker,,,,,,,
figp1a,a,figp1a:a:co2-323k-c5e1f4c4,CO2 323K,928.5683,mbar,3.03,mmol/g,triangle_right,solid,#76792b,false,high,889.23,331.64,assigned_by=color; source=auto,pt-21f919bfab6588e4,src-eaace4d1cf162828,CO2,true,Legend group heading 'CO2 @' binds the temperature row '323K'.,co2_loading,mmol per gram of sorbent,visible_marker,,,,,,,
figp1a,a,figp1a:a:co2-323k-c5e1f4c4,CO2 323K,957.0489,mbar,3.0241,mmol/g,triangle_right,solid,#76792b,false,high,909.73,332.38,assigned_by=color; source=auto,pt-435b2b05dcd7602d,src-b189648a6411d453,CO2,true,Legend group heading 'CO2 @' binds the temperature row '323K'.,co2_loading,mmol per gram of sorbent,visible_marker,,,,,,,
figp1a,a,figp1a:a:co2-323k-c5e1f4c4,CO2 323K,1008.0994,mbar,3.0544,mmol/g,triangle_right,solid,#76792b,false,high,946.47,328.61,assigned_by=color; source=auto,pt-09d607d9d9634600,src-683a827ac7379956,CO2,true,Legend group heading 'CO2 @' binds the temperature row '323K'.,co2_loading,mmol per gram of sorbent,visible_marker,,,,,,,
figp1a,a,figp1a:a:co2-323k-c5e1f4c4,CO2 323K,1079.1354,mbar,3.0821,mmol/g,triangle_right,solid,#76792b,false,high,997.61,325.16,assigned_by=color; source=auto,pt-65184167b60a541d,src-9f0b48557efebca2,CO2,true,Legend group heading 'CO2 @' binds the temperature row '323K'.,co2_loading,mmol per gram of sorbent,visible_marker,,,,,,,
figp1a,a,figp1a:a:co2-323k-c5e1f4c4,CO2 323K,1138.1313,mbar,3.109,mmol/g,triangle_right,solid,#76792b,false,high,1040.08,321.82,assigned_by=color; source=auto,pt-329f9bc61b2af196,src-3b347a63164b9f12,CO2,true,Legend group heading 'CO2 @' binds the temperature row '323K'.,co2_loading,mmol per gram of sorbent,visible_marker,,,,,,,
figp1a,a,figp1a:a:co2-323k-c5e1f4c4,CO2 323K,1182.9073,mbar,3.1363,mmol/g,triangle_right,solid,#76792b,false,low,1072.31,318.43,assigned_by=color; source=auto,pt-6a3d56cc3af72692,src-aee48a5dc4c9f3d9,CO2,true,Legend group heading 'CO2 @' binds the temperature row '323K'.,co2_loading,mmol per gram of sorbent,visible_marker,,,,,,,
figp1a,a,figp1a:a:co2-333k-94a1f9ba,CO2 333K,9.3181,mbar,0.9008,mmol/g,diamond,solid,#b751a5,false,high,227.53,596.22,assigned_by=joint_assignment; source=auto,pt-5ff81bd4e22053c1,src-8955f2e9a3074183,CO2,true,Legend group heading 'CO2 @' binds the temperature row '333K'.,co2_loading,mmol per gram of sorbent,visible_marker,,,,,,,
figp1a,a,figp1a:a:co2-333k-94a1f9ba,CO2 333K,16.9223,mbar,1.2244,mmol/g,diamond,solid,#b751a5,false,medium,233.0,556.0,overlap_flag=true; assigned_by=joint_assignment; source=auto,pt-00bb36fa14b40ea6,src-daac1f02717ddb76,CO2,true,Legend group heading 'CO2 @' binds the temperature row '333K'.,co2_loading,mmol per gram of sorbent,partially_visible_marker,,,,,,,
figp1a,a,figp1a:a:co2-333k-94a1f9ba,CO2 333K,19.1208,mbar,1.0243,mmol/g,diamond,solid,#b751a5,false,high,234.58,580.86,assigned_by=joint_assignment; source=auto,pt-097095defe3a326f,src-6833b8cc1abd7b15,CO2,true,Legend group heading 'CO2 @' binds the temperature row '333K'.,co2_loading,mmol per gram of sorbent,visible_marker,,,,,,,
figp1a,a,figp1a:a:co2-333k-94a1f9ba,CO2 333K,190.5755,mbar,1.8763,mmol/g,diamond,solid,#b751a5,false,medium,358.0,475.0,overlap_flag=true; assigned_by=joint_assignment; source=auto,pt-3ff1e0210824a4f8,src-55d4a6ad645093c7,CO2,true,Legend group heading 'CO2 @' binds the temperature row '333K'.,co2_loading,mmol per gram of sorbent,partially_visible_marker,,,,,,,
figp1a,a,figp1a:a:co2-333k-94a1f9ba,CO2 333K,251.7014,mbar,1.6992,mmol/g,diamond,solid,#b751a5,false,medium,402.0,497.0,overlap_flag=true; assigned_by=joint_assignment; source=auto,pt-9fa7c1992841faf7,src-4b0e9f9dc0212153,CO2,true,Legend group heading 'CO2 @' binds the temperature row '333K'.,co2_loading,mmol per gram of sorbent,partially_visible_marker,,,,,,,
figp1a,a,figp1a:a:co2-333k-94a1f9ba,CO2 333K,285.0428,mbar,2.2304,mmol/g,diamond,solid,#b751a5,false,medium,426.0,431.0,overlap_flag=true; assigned_by=joint_assignment; source=auto,pt-7143f9cd2a16b01d,src-869630cc4134f8bc,CO2,true,Legend group heading 'CO2 @' binds the temperature row '333K'.,co2_loading,mmol per gram of sorbent,partially_visible_marker,,,,,,,
figp1a,a,figp1a:a:co2-333k-94a1f9ba,CO2 333K,330.8872,mbar,2.3028,mmol/g,diamond,solid,#b751a5,false,medium,459.0,422.0,overlap_flag=true; assigned_by=joint_assignment; source=auto,pt-df116e74171a15bd,src-def8adb48b097c75,CO2,true,Legend group heading 'CO2 @' binds the temperature row '333K'.,co2_loading,mmol per gram of sorbent,partially_visible_marker,,,,,,,
figp1a,a,figp1a:a:co2-333k-94a1f9ba,CO2 333K,363.5528,mbar,2.3214,mmol/g,diamond,solid,#b751a5,false,high,482.51,419.7,assigned_by=joint_assignment; source=auto,pt-4df8b295e2e6a1ad,src-6ca501eb5223ed2a,CO2,true,Legend group heading 'CO2 @' binds the temperature row '333K'.,co2_loading,mmol per gram of sorbent,visible_marker,,,,,,,
figp1a,a,figp1a:a:co2-333k-94a1f9ba,CO2 333K,400.3485,mbar,2.4075,mmol/g,diamond,solid,#b751a5,false,medium,509.0,409.0,overlap_flag=true; assigned_by=joint_assignment; source=auto,pt-cba8db966fe0bbb3,src-c2bf1de54c7055ef,CO2,true,Legend group heading 'CO2 @' binds the temperature row '333K'.,co2_loading,mmol per gram of sorbent,partially_visible_marker,,,,,,,
figp1a,a,figp1a:a:co2-333k-94a1f9ba,CO2 333K,418.623,mbar,2.3951,mmol/g,diamond,solid,#b751a5,false,high,522.15,410.53,assigned_by=joint_assignment; source=auto,pt-f75b5e1f27c10687,src-f300c491cf454588,CO2,true,Legend group heading 'CO2 @' binds the temperature row '333K'.,co2_loading,mmol per gram of sorbent,visible_marker,,,,,,,
figp1a,a,figp1a:a:co2-333k-94a1f9ba,CO2 333K,433.6899,mbar,2.4235,mmol/g,diamond,solid,#b751a5,false,medium,533.0,407.0,overlap_flag=true; assigned_by=joint_assignment; source=auto,pt-5097e92b8ad85ad5,src-0dbbe9475e01aaa0,CO2,true,Legend group heading 'CO2 @' binds the temperature row '333K'.,co2_loading,mmol per gram of sorbent,partially_visible_marker,,,,,,,
figp1a,a,figp1a:a:co2-333k-94a1f9ba,CO2 333K,483.019,mbar,2.5437,mmol/g,diamond,solid,#b751a5,false,high,568.51,392.07,assigned_by=joint_assignment; source=auto,pt-1fc2b2204c0e824f,src-fed1f6e5bc635ea8,CO2,true,Legend group heading 'CO2 @' binds the temperature row '333K'.,co2_loading,mmol per gram of sorbent,visible_marker,,,,,,,
figp1a,a,figp1a:a:co2-333k-94a1f9ba,CO2 333K,525.3788,mbar,2.7294,mmol/g,diamond,solid,#b751a5,false,medium,599.0,369.0,overlap_flag=true; assigned_by=joint_assignment; source=auto,pt-da4e0cb160f2e1a5,src-aeb9e0f9fb157f2a,CO2,true,Legend group heading 'CO2 @' binds the temperature row '333K'.,co2_loading,mmol per gram of sorbent,partially_visible_marker,,,,,,,
figp1a,a,figp1a:a:co2-333k-94a1f9ba,CO2 333K,562.3398,mbar,2.5883,mmol/g,diamond,solid,#b751a5,false,high,625.61,386.53,assigned_by=joint_assignment; source=auto,pt-24642b4a01c00c98,src-5bb6982a94720cd9,CO2,true,Legend group heading 'CO2 @' binds the temperature row '333K'.,co2_loading,mmol per gram of sorbent,visible_marker,,,,,,,
figp1a,a,figp1a:a:co2-333k-94a1f9ba,CO2 333K,594.84,mbar,2.5765,mmol/g,diamond,solid,#b751a5,false,medium,649.0,388.0,overlap_flag=true; assigned_by=joint_assignment; source=auto,pt-03f4e17db03726e1,src-4d7a2e5fa9bd0c63,CO2,true,Legend group heading 'CO2 @' binds the temperature row '333K'.,co2_loading,mmol per gram of sorbent,partially_visible_marker,,,,,,,
figp1a,a,figp1a:a:co2-333k-94a1f9ba,CO2 333K,655.9659,mbar,2.6247,mmol/g,diamond,solid,#b751a5,false,medium,693.0,382.0,overlap_flag=true; assigned_by=joint_assignment; source=auto,pt-da597613f6439679,src-6cd746b0d36f0cd2,CO2,true,Legend group heading 'CO2 @' binds the temperature row '333K'.,co2_loading,mmol per gram of sorbent,partially_visible_marker,,,,,,,
figp1a,a,figp1a:a:co2-333k-94a1f9ba,CO2 333K,714.3134,mbar,2.6811,mmol/g,diamond,solid,#b751a5,false,medium,735.0,375.0,overlap_flag=true; assigned_by=joint_assignment; source=auto,pt-c66b48a61e7252ff,src-0dea569c3427d197,CO2,true,Legend group heading 'CO2 @' binds the temperature row '333K'.,co2_loading,mmol per gram of sorbent,partially_visible_marker,,,,,,,
figp1a,a,figp1a:a:co2-333k-94a1f9ba,CO2 333K,776.8285,mbar,2.7133,mmol/g,diamond,solid,#b751a5,false,medium,780.0,371.0,overlap_flag=true; assigned_by=joint_assignment; source=auto,pt-ef8849f6beebf330,src-255fc64f02d6a22b,CO2,true,Legend group heading 'CO2 @' binds the temperature row '333K'.,co2_loading,mmol per gram of sorbent,partially_visible_marker,,,,,,,
figp1a,a,figp1a:a:co2-333k-94a1f9ba,CO2 333K,837.9545,mbar,2.7374,mmol/g,diamond,solid,#b751a5,false,medium,824.0,368.0,overlap_flag=true; assigned_by=joint_assignment; source=auto,pt-e7698346f449fda1,src-c456b723a8e1ce03,CO2,true,Legend group heading 'CO2 @' binds the temperature row '333K'.,co2_loading,mmol per gram of sorbent,partially_visible_marker,,,,,,,
figp1a,a,figp1a:a:co2-333k-94a1f9ba,CO2 333K,868.5174,mbar,2.7776,mmol/g,diamond,solid,#b751a5,false,medium,846.0,363.0,overlap_flag=true; assigned_by=joint_assignment; source=auto,pt-51076b4a4c3a4b12,src-e70b0f775e05ab7c,CO2,true,Legend group heading 'CO2 @' binds the temperature row '333K'.,co2_loading,mmol per gram of sorbent,partially_visible_marker,,,,,,,
figp1a,a,figp1a:a:co2-333k-94a1f9ba,CO2 333K,896.3019,mbar,2.7616,mmol/g,diamond,solid,#b751a5,false,medium,866.0,365.0,overlap_flag=true; assigned_by=joint_assignment; source=auto,pt-1aeed557ed2362e1,src-6da9a5c981f20a56,CO2,true,Legend group heading 'CO2 @' binds the temperature row '333K'.,co2_loading,mmol per gram of sorbent,partially_visible_marker,,,,,,,
figp1a,a,figp1a:a:co2-333k-94a1f9ba,CO2 333K,927.0909,mbar,2.8061,mmol/g,diamond,solid,#b751a5,false,medium,888.16,359.46,assigned_by=joint_assignment; source=auto,pt-ec88de1c8234cc6f,src-b2ccdcc81ce2d587,CO2,true,Legend group heading 'CO2 @' binds the temperature row '333K'.,co2_loading,mmol per gram of sorbent,visible_marker,,,,,,,
figp1a,a,figp1a:a:co2-333k-94a1f9ba,CO2 333K,958.8171,mbar,2.7857,mmol/g,diamond,solid,#b751a5,false,medium,911.0,362.0,overlap_flag=true; assigned_by=joint_assignment; source=auto,pt-b734e7f9a0eb6402,src-0d61bb1a0dd593b7,CO2,true,Legend group heading 'CO2 @' binds the temperature row '333K'.,co2_loading,mmol per gram of sorbent,partially_visible_marker,,,,,,,
figp1a,a,figp1a:a:co2-333k-94a1f9ba,CO2 333K,1001.883,mbar,2.8179,mmol/g,diamond,solid,#b751a5,false,medium,942.0,358.0,overlap_flag=true; assigned_by=joint_assignment; source=auto,pt-df70443654a82db2,src-f2acbdf7ca458777,CO2,true,Legend group heading 'CO2 @' binds the temperature row '333K'.,co2_loading,mmol per gram of sorbent,partially_visible_marker,,,,,,,
figp1a,a,figp1a:a:co2-333k-94a1f9ba,CO2 333K,1081.0689,mbar,2.8581,mmol/g,diamond,solid,#b751a5,false,medium,999.0,353.0,overlap_flag=true; assigned_by=joint_assignment; source=auto,pt-b2dd8bb81385d33b,src-1e195b4cfe62d236,CO2,true,Legend group heading 'CO2 @' binds the temperature row '333K'.,co2_loading,mmol per gram of sorbent,partially_visible_marker,,,,,,,
figp1a,a,figp1a:a:co2-333k-94a1f9ba,CO2 333K,1138.0271,mbar,2.8581,mmol/g,diamond,solid,#b751a5,false,medium,1040.0,353.0,overlap_flag=true; assigned_by=joint_assignment; source=auto,pt-c7028be4f735f84d,src-917a847b24e45179,CO2,true,Legend group heading 'CO2 @' binds the temperature row '333K'.,co2_loading,mmol per gram of sorbent,partially_visible_marker,,,,,,,
figp1a,a,figp1a:a:co2-333k-94a1f9ba,CO2 333K,1189.5077,mbar,2.8739,mmol/g,diamond,solid,#b751a5,false,low,1077.06,351.04,assigned_by=joint_assignment; source=auto,pt-be1c1bf4935958e4,src-d0c57fcdd21e59d5,CO2,true,Legend group heading 'CO2 @' binds the temperature row '333K'.,co2_loading,mmol per gram of sorbent,visible_marker,,,,,,,
figp1a,a,figp1a:a:co2-343k-4b01cc9f,CO2 343K,29.4253,mbar,0.3707,mmol/g,pentagon,solid,#7b0f13,false,high,242.0,662.08,assigned_by=color; source=auto,pt-3b56dc02a1e0ee67,src-872bc2d58d0128f4,CO2,true,Legend group heading 'CO2 @' binds the temperature row '343K'.,co2_loading,mmol per gram of sorbent,visible_marker,,,,,,,
figp1a,a,figp1a:a:co2-343k-4b01cc9f,CO2 343K,49.1691,mbar,0.5484,mmol/g,pentagon,solid,#7b0f13,false,low,256.21,640.0,overlap_flag=true; assigned_by=color; source=auto,pt-ba724391c46215f1,src-fc26f045d0fcac7a,CO2,true,Legend group heading 'CO2 @' binds the temperature row '343K'.,co2_loading,mmol per gram of sorbent,partially_visible_marker,,,,,,,
figp1a,a,figp1a:a:co2-343k-4b01cc9f,CO2 343K,61.8628,mbar,0.6502,mmol/g,pentagon,solid,#7b0f13,false,low,265.35,627.36,overlap_flag=true; assigned_by=color; source=auto,pt-7871aac181be73dc,src-a3fbd5f387324a43,CO2,true,Legend group heading 'CO2 @' binds the temperature row '343K'.,co2_loading,mmol per gram of sorbent,partially_visible_marker,,,,,,,
figp1a,a,figp1a:a:co2-343k-4b01cc9f,CO2 343K,80.6796,mbar,0.8033,mmol/g,pentagon,solid,#7b0f13,false,high,278.89,608.32,assigned_by=color; source=auto,pt-86778a50593adc9b,src-e375ad8ce416de2f,CO2,true,Legend group heading 'CO2 @' binds the temperature row '343K'.,co2_loading,mmol per gram of sorbent,visible_marker,,,,,,,
figp1a,a,figp1a:a:co2-343k-4b01cc9f,CO2 343K,105.118,mbar,1.0113,mmol/g,pentagon,solid,#7b0f13,false,medium,296.49,582.48,assigned_by=color; source=auto,pt-fe494126851f4038,src-d735b2bc83b73d10,CO2,true,Legend group heading 'CO2 @' binds the temperature row '343K'.,co2_loading,mmol per gram of sorbent,visible_marker,,,,,,,
figp1a,a,figp1a:a:co2-343k-4b01cc9f,CO2 343K,110.0004,mbar,1.0796,mmol/g,pentagon,solid,#7b0f13,false,medium,300.0,574.0,overlap_flag=true; assigned_by=color; source=auto,pt-90de1d8ae4d9b8d0,src-52205da43b083884,CO2,true,Legend group heading 'CO2 @' binds the temperature row '343K'.,co2_loading,mmol per gram of sorbent,partially_visible_marker,,,,,,,
figp1a,a,figp1a:a:co2-343k-4b01cc9f,CO2 343K,121.1716,mbar,1.1184,mmol/g,pentagon,solid,#7b0f13,false,medium,308.04,569.17,assigned_by=color; source=auto,pt-eb28fbd556a0cf4b,src-10357772253b417e,CO2,true,Legend group heading 'CO2 @' binds the temperature row '343K'.,co2_loading,mmol per gram of sorbent,visible_marker,,,,,,,
figp1a,a,figp1a:a:co2-343k-4b01cc9f,CO2 343K,219.7492,mbar,1.6832,mmol/g,pentagon,solid,#7b0f13,false,low,379.0,499.0,overlap_flag=true; assigned_by=template; source=template_fit,pt-614beab3cc52ca24,src-4c5bdb7e93aca952,CO2,true,Legend group heading 'CO2 @' binds the temperature row '343K'.,co2_loading,mmol per gram of sorbent,template_fit,,,,,,,
figp1a,a,figp1a:a:co2-343k-4b01cc9f,CO2 343K,235.3279,mbar,1.7021,mmol/g,pentagon,solid,#7b0f13,false,high,390.21,496.64,assigned_by=color; source=auto,pt-0424790e81606754,src-113420bed2d38a1d,CO2,true,Legend group heading 'CO2 @' binds the temperature row '343K'.,co2_loading,mmol per gram of sorbent,visible_marker,,,,,,,
figp1a,a,figp1a:a:co2-343k-4b01cc9f,CO2 343K,253.8742,mbar,1.7978,mmol/g,pentagon,solid,#7b0f13,false,medium,403.56,484.76,assigned_by=color; source=auto,pt-32e19b057c851a11,src-d0f1a948d10a7f69,CO2,true,Legend group heading 'CO2 @' binds the temperature row '343K'.,co2_loading,mmol per gram of sorbent,visible_marker,,,,,,,
figp1a,a,figp1a:a:co2-343k-4b01cc9f,CO2 343K,297.9135,mbar,1.8985,mmol/g,pentagon,solid,#7b0f13,false,high,435.26,472.25,assigned_by=color; source=auto,pt-a7da2e6472a63fd5,src-c8df4ad421a62e46,CO2,true,Legend group heading 'CO2 @' binds the temperature row '343K'.,co2_loading,mmol per gram of sorbent,visible_marker,,,,,,,
figp1a,a,figp1a:a:co2-343k-4b01cc9f,CO2 343K,330.1954,mbar,2.0172,mmol/g,pentagon,solid,#7b0f13,false,high,458.5,457.49,assigned_by=color; source=auto,pt-2191f6621ebf5f21,src-2160adbf1be4e400,CO2,true,Legend group heading 'CO2 @' binds the temperature row '343K'.,co2_loading,mmol per gram of sorbent,visible_marker,,,,,,,
figp1a,a,figp1a:a:co2-343k-4b01cc9f,CO2 343K,359.0439,mbar,2.0362,mmol/g,pentagon,solid,#7b0f13,false,high,479.27,455.13,assigned_by=color; source=auto,pt-8c32c0932ff3c526,src-49ecc3ff0bf18357,CO2,true,Legend group heading 'CO2 @' binds the temperature row '343K'.,co2_loading,mmol per gram of sorbent,visible_marker,,,,,,,
figp1a,a,figp1a:a:co2-343k-4b01cc9f,CO2 343K,405.3124,mbar,2.1553,mmol/g,pentagon,solid,#7b0f13,false,low,512.57,440.33,overlap_flag=true; assigned_by=color; source=auto,pt-161ec6e3bdcb59aa,src-cb2cb5995370de06,CO2,true,Legend group heading 'CO2 @' binds the temperature row '343K'.,co2_loading,mmol per gram of sorbent,partially_visible_marker,,,,,,,
figp1a,a,figp1a:a:co2-343k-4b01cc9f,CO2 343K,421.5832,mbar,2.1453,mmol/g,pentagon,solid,#7b0f13,false,low,524.29,441.58,overlap_flag=true; assigned_by=color; source=auto,pt-99f7b96a06d135f7,src-db51438caa354d2c,CO2,true,Legend group heading 'CO2 @' binds the temperature row '343K'.,co2_loading,mmol per gram of sorbent,partially_visible_marker,,,,,,,
figp1a,a,figp1a:a:co2-343k-4b01cc9f,CO2 343K,470.3969,mbar,2.2237,mmol/g,pentagon,solid,#7b0f13,false,low,559.42,431.84,overlap_flag=true; assigned_by=color; source=auto,pt-36615a4b223cb377,src-7334d0770082bca1,CO2,true,Legend group heading 'CO2 @' binds the temperature row '343K'.,co2_loading,mmol per gram of sorbent,partially_visible_marker,,,,,,,
figp1a,a,figp1a:a:co2-343k-4b01cc9f,CO2 343K,486.2957,mbar,2.2784,mmol/g,pentagon,solid,#7b0f13,false,low,570.87,425.03,overlap_flag=true; assigned_by=color; source=auto,pt-1637b3632512ccf6,src-d6493848571ed2f1,CO2,true,Legend group heading 'CO2 @' binds the temperature row '343K'.,co2_loading,mmol per gram of sorbent,partially_visible_marker,,,,,,,
figp1a,a,figp1a:a:co2-343k-4b01cc9f,CO2 343K,533.4098,mbar,2.291,mmol/g,pentagon,solid,#7b0f13,false,high,604.78,423.47,assigned_by=color; source=auto,pt-f76b1f8622cdee63,src-b08fdc28bd68c2a7,CO2,true,Legend group heading 'CO2 @' binds the temperature row '343K'.,co2_loading,mmol per gram of sorbent,visible_marker,,,,,,,
figp1a,a,figp1a:a:co2-343k-4b01cc9f,CO2 343K,560.9983,mbar,2.3654,mmol/g,pentagon,solid,#7b0f13,false,high,624.64,414.23,assigned_by=color; source=auto,pt-b61acbd022662020,src-021ef870add14808,CO2,true,Legend group heading 'CO2 @' binds the temperature row '343K'.,co2_loading,mmol per gram of sorbent,visible_marker,,,,,,,
figp1a,a,figp1a:a:co2-343k-4b01cc9f,CO2 343K,594.5072,mbar,2.3507,mmol/g,pentagon,solid,#7b0f13,false,high,648.76,416.05,assigned_by=color; source=auto,pt-fa206007881da77d,src-4a93a8fd62765be2,CO2,true,Legend group heading 'CO2 @' binds the temperature row '343K'.,co2_loading,mmol per gram of sorbent,visible_marker,,,,,,,
figp1a,a,figp1a:a:co2-343k-4b01cc9f,CO2 343K,638.7605,mbar,2.4255,mmol/g,pentagon,solid,#7b0f13,false,medium,680.62,406.75,assigned_by=color; source=auto,pt-152a449142a288e2,src-ccc70a048d671aad,CO2,true,Legend group heading 'CO2 @' binds the temperature row '343K'.,co2_loading,mmol per gram of sorbent,visible_marker,,,,,,,
figp1a,a,figp1a:a:co2-343k-4b01cc9f,CO2 343K,653.4615,mbar,2.4107,mmol/g,pentagon,solid,#7b0f13,false,medium,691.2,408.6,assigned_by=color; source=auto,pt-5728286de9bc460a,src-1d9dcabab7d30542,CO2,true,Legend group heading 'CO2 @' binds the temperature row '343K'.,co2_loading,mmol per gram of sorbent,visible_marker,,,,,,,
figp1a,a,figp1a:a:co2-343k-4b01cc9f,CO2 343K,713.9902,mbar,2.4715,mmol/g,pentagon,solid,#7b0f13,false,high,734.77,401.04,assigned_by=color; source=auto,pt-3068ee326f7bc84c,src-3ca71a1c00dcfcc4,CO2,true,Legend group heading 'CO2 @' binds the temperature row '343K'.,co2_loading,mmol per gram of sorbent,visible_marker,,,,,,,
figp1a,a,figp1a:a:co2-343k-4b01cc9f,CO2 343K,723.3161,mbar,2.6537,mmol/g,pentagon,solid,#7b0f13,false,low,741.48,378.4,overlap_flag=true; assigned_by=color; source=auto,pt-230a53c7e3c0be45,src-0e05eef56da86855,CO2,true,Legend group heading 'CO2 @' binds the temperature row '343K'.,co2_loading,mmol per gram of sorbent,partially_visible_marker,,,,,,,
figp1a,a,figp1a:a:co2-343k-4b01cc9f,CO2 343K,775.5119,mbar,2.4893,mmol/g,pentagon,solid,#7b0f13,false,low,779.05,398.82,overlap_flag=true; assigned_by=color; source=auto,pt-f81f93518c98bba9,src-f29dfaaf8f5e7c1e,CO2,true,Legend group heading 'CO2 @' binds the temperature row '343K'.,co2_loading,mmol per gram of sorbent,partially_visible_marker,,,,,,,
figp1a,a,figp1a:a:co2-343k-4b01cc9f,CO2 343K,792.5818,mbar,2.5379,mmol/g,pentagon,solid,#7b0f13,false,low,791.34,392.79,overlap_flag=true; assigned_by=color; source=auto,pt-f8c03a862f81bc92,src-8205f67528cc43dc,CO2,true,Legend group heading 'CO2 @' binds the temperature row '343K'.,co2_loading,mmol per gram of sorbent,partially_visible_marker,,,,,,,
figp1a,a,figp1a:a:co2-343k-4b01cc9f,CO2 343K,836.1022,mbar,2.5282,mmol/g,pentagon,solid,#7b0f13,false,high,822.67,394.0,assigned_by=color; source=auto,pt-c69a912ccba34dce,src-74aed407532fba91,CO2,true,Legend group heading 'CO2 @' binds the temperature row '343K'.,co2_loading,mmol per gram of sorbent,visible_marker,,,,,,,
figp1a,a,figp1a:a:co2-343k-4b01cc9f,CO2 343K,867.3169,mbar,2.5781,mmol/g,pentagon,solid,#7b0f13,false,high,845.14,387.8,assigned_by=color; source=auto,pt-3b35ed2cac09c7c9,src-29e5a8c1f09805d3,CO2,true,Legend group heading 'CO2 @' binds the temperature row '343K'.,co2_loading,mmol per gram of sorbent,visible_marker,,,,,,,
figp1a,a,figp1a:a:co2-343k-4b01cc9f,CO2 343K,896.4871,mbar,2.5674,mmol/g,pentagon,solid,#7b0f13,false,high,866.13,389.12,assigned_by=color; source=auto,pt-ca17dfe3ba2c2503,src-9e990e6955553b6a,CO2,true,Legend group heading 'CO2 @' binds the temperature row '343K'.,co2_loading,mmol per gram of sorbent,visible_marker,,,,,,,
figp1a,a,figp1a:a:co2-343k-4b01cc9f,CO2 343K,927.0936,mbar,2.6028,mmol/g,pentagon,solid,#7b0f13,false,high,888.16,384.73,assigned_by=color; source=auto,pt-a4f6e2170f1f230d,src-9d9110fe8256e12d,CO2,true,Legend group heading 'CO2 @' binds the temperature row '343K'.,co2_loading,mmol per gram of sorbent,visible_marker,,,,,,,
figp1a,a,figp1a:a:co2-343k-4b01cc9f,CO2 343K,957.2168,mbar,2.5882,mmol/g,pentagon,solid,#7b0f13,false,high,909.85,386.54,assigned_by=color; source=auto,pt-1a672eabc8de3afa,src-4a525120856003c1,CO2,true,Legend group heading 'CO2 @' binds the temperature row '343K'.,co2_loading,mmol per gram of sorbent,visible_marker,,,,,,,
figp1a,a,figp1a:a:co2-343k-4b01cc9f,CO2 343K,1003.3441,mbar,2.6278,mmol/g,pentagon,solid,#7b0f13,false,low,943.05,381.62,overlap_flag=true; assigned_by=color; source=auto,pt-aed4217426dd933e,src-48f61cfd8197a8b5,CO2,true,Legend group heading 'CO2 @' binds the temperature row '343K'.,co2_loading,mmol per gram of sorbent,partially_visible_marker,,,,,,,
figp1a,a,figp1a:a:co2-343k-4b01cc9f,CO2 343K,1020.5002,mbar,2.6265,mmol/g,pentagon,solid,#7b0f13,false,low,955.4,381.78,overlap_flag=true; assigned_by=color; source=auto,pt-ee0c3a45b313d761,src-efde9fd18ca01bfe,CO2,true,Legend group heading 'CO2 @' binds the temperature row '343K'.,co2_loading,mmol per gram of sorbent,partially_visible_marker,,,,,,,
figp1a,a,figp1a:a:co2-343k-4b01cc9f,CO2 343K,1078.4838,mbar,2.6483,mmol/g,pentagon,solid,#7b0f13,false,high,997.14,379.07,assigned_by=color; source=auto,pt-55d4e921f7d57279,src-6dff38f015ece6fa,CO2,true,Legend group heading 'CO2 @' binds the temperature row '343K'.,co2_loading,mmol per gram of sorbent,visible_marker,,,,,,,
figp1a,a,figp1a:a:co2-343k-4b01cc9f,CO2 343K,1138.0212,mbar,2.6662,mmol/g,pentagon,solid,#7b0f13,false,high,1040.0,376.85,assigned_by=color; source=auto,pt-375ca22e4184cc45,src-93d8db2c2df9fdf4,CO2,true,Legend group heading 'CO2 @' binds the temperature row '343K'.,co2_loading,mmol per gram of sorbent,visible_marker,,,,,,,
figp1a,a,figp1a:a:co2-343k-4b01cc9f,CO2 343K,1191.2651,mbar,2.6824,mmol/g,pentagon,solid,#7b0f13,false,low,1078.32,374.84,assigned_by=color; source=auto,pt-f9829c48f43492a9,src-5eac7aa9f8a1b000,CO2,true,Legend group heading 'CO2 @' binds the temperature row '343K'.,co2_loading,mmol per gram of sorbent,visible_marker,,,,,,,
figp1a,a,figp1a:a:co2-353k-c3530734,CO2 353K,62.8506,mbar,0.4693,mmol/g,hexagon,solid,#f31f74,false,low,266.06,649.84,overlap_flag=true; assigned_by=color; source=auto,pt-dae42c3bbbcb03dd,src-5711ab03d9854519,CO2,true,Legend group heading 'CO2 @' binds the temperature row '353K'.,co2_loading,mmol per gram of sorbent,partially_visible_marker,,,,,,,
figp1a,a,figp1a:a:co2-353k-c3530734,CO2 353K,76.5632,mbar,0.5599,mmol/g,hexagon,solid,#f31f74,false,low,275.93,638.57,overlap_flag=true; assigned_by=color; source=auto,pt-c634b4ac7f46f73c,src-3012bffca6506ab2,CO2,true,Legend group heading 'CO2 @' binds the temperature row '353K'.,co2_loading,mmol per gram of sorbent,partially_visible_marker,,,,,,,
figp1a,a,figp1a:a:co2-353k-c3530734,CO2 353K,104.0113,mbar,0.7272,mmol/g,hexagon,solid,#f31f74,false,high,295.69,617.79,assigned_by=color; source=auto,pt-f55da74dd9d02222,src-20b8c57f05b97957,CO2,true,Legend group heading 'CO2 @' binds the temperature row '353K'.,co2_loading,mmol per gram of sorbent,visible_marker,,,,,,,
figp1a,a,figp1a:a:co2-353k-c3530734,CO2 353K,122.5851,mbar,0.8244,mmol/g,hexagon,solid,#f31f74,false,high,309.06,605.71,assigned_by=color; source=auto,pt-d7e3c90763415c75,src-89e93dd0daa6a158,CO2,true,Legend group heading 'CO2 @' binds the temperature row '353K'.,co2_loading,mmol per gram of sorbent,visible_marker,,,,,,,
figp1a,a,figp1a:a:co2-353k-c3530734,CO2 353K,174.1637,mbar,1.1191,mmol/g,hexagon,solid,#f31f74,false,high,346.19,569.09,assigned_by=color; source=auto,pt-09e53cb7d271094c,src-ca5ad40fed134403,CO2,true,Legend group heading 'CO2 @' binds the temperature row '353K'.,co2_loading,mmol per gram of sorbent,visible_marker,,,,,,,
figp1a,a,figp1a:a:co2-353k-c3530734,CO2 353K,206.1765,mbar,1.2427,mmol/g,hexagon,solid,#f31f74,true,low,369.23,553.73,overlap_flag=true; assigned_by=template; source=template_fill,pt-29be0c790f811ce8,src-0bc805636c7da603,CO2,true,Legend group heading 'CO2 @' binds the temperature row '353K'.,co2_loading,mmol per gram of sorbent,template_fill,,,,,,,
figp1a,a,figp1a:a:co2-353k-c3530734,CO2 353K,235.5386,mbar,1.3561,mmol/g,hexagon,solid,#f31f74,false,high,390.37,539.64,assigned_by=color; source=auto,pt-3fd0d5bdb2640edc,src-38d0147141cb99e6,CO2,true,Legend group heading 'CO2 @' binds the temperature row '353K'.,co2_loading,mmol per gram of sorbent,visible_marker,,,,,,,
figp1a,a,figp1a:a:co2-353k-c3530734,CO2 353K,252.756,mbar,1.4526,mmol/g,hexagon,solid,#f31f74,false,high,402.76,527.65,assigned_by=color; source=auto,pt-c2e1c6b0c07f51a9,src-de9e61cd4b26184b,CO2,true,Legend group heading 'CO2 @' binds the temperature row '353K'.,co2_loading,mmol per gram of sorbent,visible_marker,,,,,,,
figp1a,a,figp1a:a:co2-353k-c3530734,CO2 353K,296.3389,mbar,1.5641,mmol/g,hexagon,solid,#f31f74,false,high,434.13,513.79,assigned_by=color; source=auto,pt-631a043ccb0a9d6b,src-d52e77866f6c4b8a,CO2,true,Legend group heading 'CO2 @' binds the temperature row '353K'.,co2_loading,mmol per gram of sorbent,visible_marker,,,,,,,
figp1a,a,figp1a:a:co2-353k-c3530734,CO2 353K,330.7976,mbar,1.6946,mmol/g,hexagon,solid,#f31f74,false,high,458.94,497.58,assigned_by=color; source=auto,pt-c3e209f45c8f467a,src-b95557a65934daad,CO2,true,Legend group heading 'CO2 @' binds the temperature row '353K'.,co2_loading,mmol per gram of sorbent,visible_marker,,,,,,,
figp1a,a,figp1a:a:co2-353k-c3530734,CO2 353K,358.2967,mbar,1.7323,mmol/g,hexagon,solid,#f31f74,false,high,478.73,492.9,assigned_by=color; source=auto,pt-950e1bb99c9ad7f4,src-462299361f7b4e42,CO2,true,Legend group heading 'CO2 @' binds the temperature row '353K'.,co2_loading,mmol per gram of sorbent,visible_marker,,,,,,,
figp1a,a,figp1a:a:co2-353k-c3530734,CO2 353K,423.7739,mbar,1.8475,mmol/g,hexagon,solid,#f31f74,false,low,525.86,478.58,overlap_flag=true; assigned_by=color; source=auto,pt-5f17b82e5a67b665,src-17d6c307e0e82428,CO2,true,Legend group heading 'CO2 @' binds the temperature row '353K'.,co2_loading,mmol per gram of sorbent,partially_visible_marker,,,,,,,
figp1a,a,figp1a:a:co2-353k-c3530734,CO2 353K,467.0313,mbar,1.9407,mmol/g,hexagon,solid,#f31f74,false,medium,557.0,467.0,overlap_flag=true; assigned_by=color; source=auto,pt-7bc8a9d4c0e88c10,src-4180698c651f0243,CO2,true,Legend group heading 'CO2 @' binds the temperature row '353K'.,co2_loading,mmol per gram of sorbent,partially_visible_marker,,,,,,,
figp1a,a,figp1a:a:co2-353k-c3530734,CO2 353K,478.3711,mbar,1.9651,mmol/g,hexagon,solid,#f31f74,false,high,565.16,463.97,assigned_by=color; source=auto,pt-1d17dfc752a0f45e,src-9305bafe71b9435a,CO2,true,Legend group heading 'CO2 @' binds the temperature row '353K'.,co2_loading,mmol per gram of sorbent,visible_marker,,,,,,,
figp1a,a,figp1a:a:co2-353k-c3530734,CO2 353K,534.303,mbar,2.0264,mmol/g,hexagon,solid,#f31f74,false,high,605.42,456.35,assigned_by=color; source=auto,pt-fe957cdac922ae39,src-aad7b4670cc9cc1d,CO2,true,Legend group heading 'CO2 @' binds the temperature row '353K'.,co2_loading,mmol per gram of sorbent,visible_marker,,,,,,,
figp1a,a,figp1a:a:co2-353k-c3530734,CO2 353K,561.5791,mbar,2.0987,mmol/g,hexagon,solid,#f31f74,false,high,625.06,447.36,assigned_by=color; source=auto,pt-75cec6d6fb525f1b,src-ae6fca09ea9d5747,CO2,true,Legend group heading 'CO2 @' binds the temperature row '353K'.,co2_loading,mmol per gram of sorbent,visible_marker,,,,,,,
figp1a,a,figp1a:a:co2-353k-c3530734,CO2 353K,596.2382,mbar,2.1054,mmol/g,hexagon,solid,#f31f74,false,high,650.01,446.53,assigned_by=color; source=auto,pt-93f60f85a64bbf12,src-9314b2d51de961cf,CO2,true,Legend group heading 'CO2 @' binds the temperature row '353K'.,co2_loading,mmol per gram of sorbent,visible_marker,,,,,,,
figp1a,a,figp1a:a:co2-353k-c3530734,CO2 353K,636.5588,mbar,2.1844,mmol/g,hexagon,solid,#f31f74,false,medium,679.03,436.71,assigned_by=color; source=auto,pt-28a9e54a0b4fdefb,src-ba9a6572f69d237e,CO2,true,Legend group heading 'CO2 @' binds the temperature row '353K'.,co2_loading,mmol per gram of sorbent,visible_marker,,,,,,,
figp1a,a,figp1a:a:co2-353k-c3530734,CO2 353K,654.7287,mbar,2.1652,mmol/g,hexagon,solid,#f31f74,false,medium,692.11,439.1,assigned_by=color; source=auto,pt-859170783076cea5,src-0c27b279985fdf3f,CO2,true,Legend group heading 'CO2 @' binds the temperature row '353K'.,co2_loading,mmol per gram of sorbent,visible_marker,,,,,,,
figp1a,a,figp1a:a:co2-353k-c3530734,CO2 353K,715.387,mbar,2.2344,mmol/g,hexagon,solid,#f31f74,false,high,735.77,430.5,assigned_by=color; source=auto,pt-f1ee0f01ad5ccd62,src-5b4e9cb93ce50c66,CO2,true,Legend group heading 'CO2 @' binds the temperature row '353K'.,co2_loading,mmol per gram of sorbent,visible_marker,,,,,,,
figp1a,a,figp1a:a:co2-353k-c3530734,CO2 353K,777.9887,mbar,2.2694,mmol/g,hexagon,solid,#f31f74,false,medium,780.84,426.16,assigned_by=color; source=auto,pt-1c9afe89fa791300,src-c4f5675df542a93e,CO2,true,Legend group heading 'CO2 @' binds the temperature row '353K'.,co2_loading,mmol per gram of sorbent,visible_marker,,,,,,,
figp1a,a,figp1a:a:co2-353k-c3530734,CO2 353K,793.8493,mbar,2.2982,mmol/g,hexagon,solid,#f31f74,false,low,792.25,422.57,assigned_by=color; source=auto,pt-25cdb966b6068c72,src-29895c95d3feabdb,CO2,true,Legend group heading 'CO2 @' binds the temperature row '353K'.,co2_loading,mmol per gram of sorbent,visible_marker,,,,,,,
figp1a,a,figp1a:a:co2-353k-c3530734,CO2 353K,837.4594,mbar,2.3023,mmol/g,hexagon,solid,#f31f74,false,high,823.64,422.07,assigned_by=color; source=auto,pt-9019e6c1e58cc56c,src-dd0da50818be6e93,CO2,true,Legend group heading 'CO2 @' binds the temperature row '353K'.,co2_loading,mmol per gram of sorbent,visible_marker,,,,,,,
figp1a,a,figp1a:a:co2-353k-c3530734,CO2 353K,867.9149,mbar,2.3542,mmol/g,hexagon,solid,#f31f74,false,high,845.57,415.61,assigned_by=color; source=auto,pt-de6e96d4a2a5b0e2,src-f740e3cc2235d4ed,CO2,true,Legend group heading 'CO2 @' binds the temperature row '353K'.,co2_loading,mmol per gram of sorbent,visible_marker,,,,,,,
figp1a,a,figp1a:a:co2-353k-c3530734,CO2 353K,898.1037,mbar,2.3416,mmol/g,hexagon,solid,#f31f74,false,high,867.3,417.18,assigned_by=color; source=auto,pt-dfb921db079f8ad5,src-b9ad32550595af1c,CO2,true,Legend group heading 'CO2 @' binds the temperature row '353K'.,co2_loading,mmol per gram of sorbent,visible_marker,,,,,,,
figp1a,a,figp1a:a:co2-353k-c3530734,CO2 353K,927.0088,mbar,2.3778,mmol/g,hexagon,solid,#f31f74,false,high,888.1,412.68,assigned_by=color; source=auto,pt-7a96c1d11f3ded51,src-1aad7078a43a01cb,CO2,true,Legend group heading 'CO2 @' binds the temperature row '353K'.,co2_loading,mmol per gram of sorbent,visible_marker,,,,,,,
figp1a,a,figp1a:a:co2-353k-c3530734,CO2 353K,959.342,mbar,2.3829,mmol/g,hexagon,solid,#f31f74,false,high,911.38,412.05,assigned_by=color; source=auto,pt-90c90c06aa83b27a,src-e31d0786c14f671c,CO2,true,Legend group heading 'CO2 @' binds the temperature row '353K'.,co2_loading,mmol per gram of sorbent,visible_marker,,,,,,,
figp1a,a,figp1a:a:co2-353k-c3530734,CO2 353K,999.145,mbar,2.4234,mmol/g,hexagon,solid,#f31f74,false,low,940.03,407.02,overlap_flag=true; assigned_by=color; source=auto,pt-8389e810aea538be,src-9174151830aba39b,CO2,true,Legend group heading 'CO2 @' binds the temperature row '353K'.,co2_loading,mmol per gram of sorbent,partially_visible_marker,,,,,,,
figp1a,a,figp1a:a:co2-353k-c3530734,CO2 353K,1021.7366,mbar,2.3996,mmol/g,hexagon,solid,#f31f74,false,low,956.29,409.97,overlap_flag=true; assigned_by=color; source=auto,pt-d6bf860539c40dbf,src-257e5eb846ecef06,CO2,true,Legend group heading 'CO2 @' binds the temperature row '353K'.,co2_loading,mmol per gram of sorbent,partially_visible_marker,,,,,,,
figp1a,a,figp1a:a:co2-353k-c3530734,CO2 353K,1080.1821,mbar,2.4372,mmol/g,hexagon,solid,#f31f74,false,high,998.36,405.3,assigned_by=color; source=auto,pt-be0da1fe6942d932,src-60f7d22e179a6f82,CO2,true,Legend group heading 'CO2 @' binds the temperature row '353K'.,co2_loading,mmol per gram of sorbent,visible_marker,,,,,,,
figp1a,a,figp1a:a:co2-353k-c3530734,CO2 353K,1139.1338,mbar,2.4608,mmol/g,hexagon,solid,#f31f74,false,high,1040.8,402.37,assigned_by=color; source=auto,pt-5d02b7435a6d4f96,src-9457e86a5b07dbce,CO2,true,Legend group heading 'CO2 @' binds the temperature row '353K'.,co2_loading,mmol per gram of sorbent,visible_marker,,,,,,,
figp1a,a,figp1a:a:co2-363k-eb2ec54f,CO2 363K,46.3327,mbar,0.2714,mmol/g,star,solid,#197b35,false,medium,254.17,674.42,assigned_by=continuity; source=auto,pt-5c39545a3a0f6c19,src-b2b37e95d958aae8,CO2,true,Legend group heading 'CO2 @' binds the temperature row '363K'.,co2_loading,mmol per gram of sorbent,visible_marker,,,,,,,
figp1a,a,figp1a:a:co2-363k-eb2ec54f,CO2 363K,80.981,mbar,0.4142,mmol/g,star,solid,#197b35,false,high,279.11,656.68,assigned_by=shape; source=auto,pt-ecddf98213128c30,src-97bff665fc176685,CO2,true,Legend group heading 'CO2 @' binds the temperature row '363K'.,co2_loading,mmol per gram of sorbent,visible_marker,,,,,,,
figp1a,a,figp1a:a:co2-363k-eb2ec54f,CO2 363K,101.945,mbar,0.5164,mmol/g,star,solid,#197b35,false,high,294.2,643.98,assigned_by=shape; source=auto,pt-90c2cdce62ac3309,src-8921084f9846e89e,CO2,true,Legend group heading 'CO2 @' binds the temperature row '363K'.,co2_loading,mmol per gram of sorbent,visible_marker,,,,,,,
figp1a,a,figp1a:a:co2-363k-eb2ec54f,CO2 363K,114.1681,mbar,0.5404,mmol/g,star,solid,#197b35,false,medium,303.0,641.0,overlap_flag=true; assigned_by=shape; source=auto,pt-df6590524142095b,src-36a5f93018e09641,CO2,true,Legend group heading 'CO2 @' binds the temperature row '363K'.,co2_loading,mmol per gram of sorbent,partially_visible_marker,,,,,,,
figp1a,a,figp1a:a:co2-363k-eb2ec54f,CO2 363K,170.7861,mbar,0.8233,mmol/g,star,solid,#197b35,false,high,343.76,605.84,assigned_by=shape; source=auto,pt-aed9fb6ea7601497,src-1bcb150bf6a3b2a5,CO2,true,Legend group heading 'CO2 @' binds the temperature row '363K'.,co2_loading,mmol per gram of sorbent,visible_marker,,,,,,,
figp1a,a,figp1a:a:co2-363k-eb2ec54f,CO2 363K,215.5815,mbar,0.9749,mmol/g,star,solid,#197b35,false,low,376.0,587.0,overlap_flag=true; assigned_by=template; source=template_fit,pt-188138f0bdfe5377,src-fd9b83d7b5b64785,CO2,true,Legend group heading 'CO2 @' binds the temperature row '363K'.,co2_loading,mmol per gram of sorbent,template_fit,,,,,,,
figp1a,a,figp1a:a:co2-363k-eb2ec54f,CO2 363K,234.1971,mbar,1.0408,mmol/g,star,solid,#197b35,false,high,389.4,578.82,assigned_by=shape; source=auto,pt-7e7b572925197b9d,src-8525747b5b3d88a3,CO2,true,Legend group heading 'CO2 @' binds the temperature row '363K'.,co2_loading,mmol per gram of sorbent,visible_marker,,,,,,,
figp1a,a,figp1a:a:co2-363k-eb2ec54f,CO2 363K,253.1398,mbar,1.1271,mmol/g,star,solid,#197b35,false,high,403.04,568.1,assigned_by=shape; source=auto,pt-269b0c9b6455e38d,src-3162c5e541a07b5c,CO2,true,Legend group heading 'CO2 @' binds the temperature row '363K'.,co2_loading,mmol per gram of sorbent,visible_marker,,,,,,,
figp1a,a,figp1a:a:co2-363k-eb2ec54f,CO2 363K,294.627,mbar,1.2376,mmol/g,star,solid,#197b35,false,high,432.9,554.36,assigned_by=shape; source=auto,pt-c72c039b69772aae,src-511b57c574e49cd2,CO2,true,Legend group heading 'CO2 @' binds the temperature row '363K'.,co2_loading,mmol per gram of sorbent,visible_marker,,,,,,,
figp1a,a,figp1a:a:co2-363k-eb2ec54f,CO2 363K,330.4126,mbar,1.3665,mmol/g,star,solid,#197b35,false,high,458.66,538.35,assigned_by=shape; source=auto,pt-c632457d928b299e,src-284acd790d0f56fc,CO2,true,Legend group heading 'CO2 @' binds the temperature row '363K'.,co2_loading,mmol per gram of sorbent,visible_marker,,,,,,,
figp1a,a,figp1a:a:co2-363k-eb2ec54f,CO2 363K,358.2769,mbar,1.416,mmol/g,star,solid,#197b35,false,high,478.72,532.2,assigned_by=shape; source=auto,pt-813328002d1511a0,src-8bed777fe5993819,CO2,true,Legend group heading 'CO2 @' binds the temperature row '363K'.,co2_loading,mmol per gram of sorbent,visible_marker,,,,,,,
figp1a,a,figp1a:a:co2-363k-eb2ec54f,CO2 363K,398.9593,mbar,1.5061,mmol/g,star,solid,#197b35,false,medium,508.0,521.0,overlap_flag=true; assigned_by=shape; source=auto,pt-2382183ef4b9d0b0,src-82e7f80aaf4bfb88,CO2,true,Legend group heading 'CO2 @' binds the temperature row '363K'.,co2_loading,mmol per gram of sorbent,partially_visible_marker,,,,,,,
figp1a,a,figp1a:a:co2-363k-eb2ec54f,CO2 363K,407.596,mbar,1.5465,mmol/g,star,solid,#197b35,false,medium,514.22,515.97,assigned_by=shape; source=auto,pt-9b7c7ba154c3a2c2,src-2b14b886b94f3fb4,CO2,true,Legend group heading 'CO2 @' binds the temperature row '363K'.,co2_loading,mmol per gram of sorbent,visible_marker,,,,,,,
figp1a,a,figp1a:a:co2-363k-eb2ec54f,CO2 363K,460.0852,mbar,1.6349,mmol/g,star,solid,#197b35,false,low,552.0,505.0,overlap_flag=true; assigned_by=template; source=template_fit,pt-1feeb86730691120,src-26870dbdcf2cdf72,CO2,true,Legend group heading 'CO2 @' binds the temperature row '363K'.,co2_loading,mmol per gram of sorbent,template_fit,,,,,,,
figp1a,a,figp1a:a:co2-363k-eb2ec54f,CO2 363K,470.9415,mbar,1.6455,mmol/g,star,solid,#197b35,false,medium,559.81,503.68,assigned_by=shape; source=auto,pt-6cb309fc9ee9e5d5,src-a753c48db84b9031,CO2,true,Legend group heading 'CO2 @' binds the temperature row '363K'.,co2_loading,mmol per gram of sorbent,visible_marker,,,,,,,
figp1a,a,figp1a:a:co2-363k-eb2ec54f,CO2 363K,483.8604,mbar,1.7109,mmol/g,star,solid,#197b35,false,low,569.11,495.55,overlap_flag=true; assigned_by=shape; source=auto,pt-dba88558f26dcbb9,src-f32a4d82fe0d554a,CO2,true,Legend group heading 'CO2 @' binds the temperature row '363K'.,co2_loading,mmol per gram of sorbent,partially_visible_marker,,,,,,,
figp1a,a,figp1a:a:co2-363k-eb2ec54f,CO2 363K,533.0044,mbar,1.7644,mmol/g,star,solid,#197b35,false,high,604.49,488.9,assigned_by=shape; source=auto,pt-bfa86f63a63100e1,src-7684e99b4f8d535d,CO2,true,Legend group heading 'CO2 @' binds the temperature row '363K'.,co2_loading,mmol per gram of sorbent,visible_marker,,,,,,,
figp1a,a,figp1a:a:co2-363k-eb2ec54f,CO2 363K,560.804,mbar,1.8221,mmol/g,star,solid,#197b35,false,high,624.5,481.73,assigned_by=shape; source=auto,pt-d5eb576796e4e97c,src-668fca8c3ca89245,CO2,true,Legend group heading 'CO2 @' binds the temperature row '363K'.,co2_loading,mmol per gram of sorbent,visible_marker,,,,,,,
figp1a,a,figp1a:a:co2-363k-eb2ec54f,CO2 363K,593.7528,mbar,1.8475,mmol/g,star,solid,#197b35,false,high,648.22,478.58,assigned_by=shape; source=auto,pt-50f56b380a944720,src-808e3ded636a6ccd,CO2,true,Legend group heading 'CO2 @' binds the temperature row '363K'.,co2_loading,mmol per gram of sorbent,visible_marker,,,,,,,
figp1a,a,figp1a:a:co2-363k-eb2ec54f,CO2 363K,636.5249,mbar,1.9136,mmol/g,star,solid,#197b35,false,low,679.01,470.36,overlap_flag=true; assigned_by=shape; source=auto,pt-0f1c5c227e2eed6b,src-bc470a34d635a3bd,CO2,true,Legend group heading 'CO2 @' binds the temperature row '363K'.,co2_loading,mmol per gram of sorbent,partially_visible_marker,,,,,,,
figp1a,a,figp1a:a:co2-363k-eb2ec54f,CO2 363K,653.648,mbar,1.9128,mmol/g,star,solid,#197b35,false,medium,691.33,470.47,assigned_by=shape; source=auto,pt-0e54cf1c8ac2f370,src-52162e7488cec913,CO2,true,Legend group heading 'CO2 @' binds the temperature row '363K'.,co2_loading,mmol per gram of sorbent,visible_marker,,,,,,,
figp1a,a,figp1a:a:co2-363k-eb2ec54f,CO2 363K,714.0446,mbar,1.9908,mmol/g,star,solid,#197b35,false,high,734.81,460.77,assigned_by=shape; source=auto,pt-d9ef79d94f4453a3,src-38ba807b5caf27d8,CO2,true,Legend group heading 'CO2 @' binds the temperature row '363K'.,co2_loading,mmol per gram of sorbent,visible_marker,,,,,,,
figp1a,a,figp1a:a:co2-363k-eb2ec54f,CO2 363K,779.238,mbar,2.0491,mmol/g,star,solid,#197b35,false,medium,781.73,453.53,assigned_by=shape; source=auto,pt-60f90895ee90e5b8,src-0ae02512a46f4e57,CO2,true,Legend group heading 'CO2 @' binds the temperature row '363K'.,co2_loading,mmol per gram of sorbent,visible_marker,,,,,,,
figp1a,a,figp1a:a:co2-363k-eb2ec54f,CO2 363K,791.8432,mbar,2.0745,mmol/g,star,solid,#197b35,false,medium,790.81,450.37,assigned_by=shape; source=auto,pt-77c85c2c84b9ed72,src-dcc7842b265ac17a,CO2,true,Legend group heading 'CO2 @' binds the temperature row '363K'.,co2_loading,mmol per gram of sorbent,visible_marker,,,,,,,
figp1a,a,figp1a:a:co2-363k-eb2ec54f,CO2 363K,835.2491,mbar,2.101,mmol/g,star,solid,#197b35,false,high,822.05,447.08,assigned_by=shape; source=auto,pt-eb92aabeea35c69c,src-32fdc391ca0ec916,CO2,true,Legend group heading 'CO2 @' binds the temperature row '363K'.,co2_loading,mmol per gram of sorbent,visible_marker,,,,,,,
figp1a,a,figp1a:a:co2-363k-eb2ec54f,CO2 363K,870.441,mbar,2.1409,mmol/g,star,solid,#197b35,false,high,847.38,442.12,assigned_by=shape; source=auto,pt-541d2a2cfc8342cc,src-e5b30e5a5544b7a9,CO2,true,Legend group heading 'CO2 @' binds the temperature row '363K'.,co2_loading,mmol per gram of sorbent,visible_marker,,,,,,,
figp1a,a,figp1a:a:co2-363k-eb2ec54f,CO2 363K,897.8393,mbar,2.1422,mmol/g,star,solid,#197b35,false,high,867.11,441.96,assigned_by=shape; source=auto,pt-1c7c9328465980a4,src-c3cc0f4629403811,CO2,true,Legend group heading 'CO2 @' binds the temperature row '363K'.,co2_loading,mmol per gram of sorbent,visible_marker,,,,,,,
figp1a,a,figp1a:a:co2-363k-eb2ec54f,CO2 363K,927.3435,mbar,2.1779,mmol/g,star,solid,#197b35,false,high,888.34,437.53,assigned_by=shape; source=auto,pt-0d5d23ed88517c28,src-997007540ae19dad,CO2,true,Legend group heading 'CO2 @' binds the temperature row '363K'.,co2_loading,mmol per gram of sorbent,visible_marker,,,,,,,
figp1a,a,figp1a:a:co2-363k-eb2ec54f,CO2 363K,956.8721,mbar,2.1829,mmol/g,star,solid,#197b35,false,high,909.6,436.9,assigned_by=shape; source=auto,pt-eda83e750dc4ad56,src-bff3fc8729017980,CO2,true,Legend group heading 'CO2 @' binds the temperature row '363K'.,co2_loading,mmol per gram of sorbent,visible_marker,,,,,,,
figp1a,a,figp1a:a:co2-363k-eb2ec54f,CO2 363K,1003.7317,mbar,2.2153,mmol/g,star,solid,#197b35,false,medium,943.33,432.88,assigned_by=shape; source=auto,pt-1d2962cc385e91b2,src-0725767441250928,CO2,true,Legend group heading 'CO2 @' binds the temperature row '363K'.,co2_loading,mmol per gram of sorbent,visible_marker,,,,,,,
figp1a,a,figp1a:a:co2-363k-eb2ec54f,CO2 363K,1019.0363,mbar,2.217,mmol/g,star,solid,#197b35,false,low,954.35,432.67,overlap_flag=true; assigned_by=shape; source=auto,pt-55343c38aeb45e5f,src-fd6ee6a752fdd657,CO2,true,Legend group heading 'CO2 @' binds the temperature row '363K'.,co2_loading,mmol per gram of sorbent,partially_visible_marker,,,,,,,
figp1a,a,figp1a:a:co2-363k-eb2ec54f,CO2 363K,1081.2705,mbar,2.2502,mmol/g,star,solid,#197b35,false,high,999.15,428.54,assigned_by=shape; source=auto,pt-a6ef393bcceeccb9,src-a96d71e28e82cadb,CO2,true,Legend group heading 'CO2 @' binds the temperature row '363K'.,co2_loading,mmol per gram of sorbent,visible_marker,,,,,,,
figp1a,a,figp1a:a:co2-363k-eb2ec54f,CO2 363K,1138.753,mbar,2.2785,mmol/g,star,solid,#197b35,false,high,1040.52,425.02,assigned_by=shape; source=auto,pt-6339c626edd362f6,src-951e16f9a30fb8ea,CO2,true,Legend group heading 'CO2 @' binds the temperature row '363K'.,co2_loading,mmol per gram of sorbent,visible_marker,,,,,,,
figp1a,a,figp1a:a:co2-363k-eb2ec54f,CO2 363K,1186.6483,mbar,2.2848,mmol/g,star,solid,#197b35,false,medium,1075.0,424.25,assigned_by=shape; source=auto,pt-f0ee0b1b458e6f98,src-ac9f8033aa1459a9,CO2,true,Legend group heading 'CO2 @' binds the temperature row '363K'.,co2_loading,mmol per gram of sorbent,visible_marker,,,,,,,
figp1a,a,figp1a:a:co2-373k-9f2f766d,CO2 373K,35.2601,mbar,1.2287,mmol/g,circle,solid,#f41d25,false,high,246.2,555.48,assigned_by=joint_assignment; source=auto,pt-4400ea531c331a63,src-53b5884c6381c74a,CO2,true,Legend group heading 'CO2 @' binds the temperature row '373K'.,co2_loading,mmol per gram of sorbent,visible_marker,,,,,,,
figp1a,a,figp1a:a:co2-373k-9f2f766d,CO2 373K,65.8909,mbar,0.9469,mmol/g,circle,solid,#f41d25,false,high,268.25,590.49,assigned_by=joint_assignment; source=auto,pt-f07dda71580327d6,src-89d0f4c7d0e2969d,CO2,true,Legend group heading 'CO2 @' binds the temperature row '373K'.,co2_loading,mmol per gram of sorbent,visible_marker,,,,,,,
figp1a,a,figp1a:a:co2-373k-9f2f766d,CO2 373K,66.0843,mbar,1.334,mmol/g,circle,solid,#f41d25,false,high,268.39,542.39,assigned_by=joint_assignment; source=auto,pt-d33c4914003d397b,src-2fce39e79f91c797,CO2,true,Legend group heading 'CO2 @' binds the temperature row '373K'.,co2_loading,mmol per gram of sorbent,visible_marker,,,,,,,
figp1a,a,figp1a:a:co2-373k-9f2f766d,CO2 373K,86.292,mbar,1.1239,mmol/g,circle,solid,#f41d25,false,high,282.93,568.49,assigned_by=joint_assignment; source=auto,pt-2be034f086535ced,src-3408ac157ea72be5,CO2,true,Legend group heading 'CO2 @' binds the temperature row '373K'.,co2_loading,mmol per gram of sorbent,visible_marker,,,,,,,
figp1a,a,figp1a:a:co2-373k-9f2f766d,CO2 373K,91.55,mbar,0.3213,mmol/g,circle,solid,#f41d25,false,high,286.72,668.22,assigned_by=joint_assignment; source=auto,pt-a16f34520797fb30,src-1e4f36164daa5e25,CO2,true,Legend group heading 'CO2 @' binds the temperature row '373K'.,co2_loading,mmol per gram of sorbent,visible_marker,,,,,,,
figp1a,a,figp1a:a:co2-373k-9f2f766d,CO2 373K,117.2904,mbar,1.4114,mmol/g,circle,solid,#f41d25,false,high,305.25,532.76,assigned_by=joint_assignment; source=auto,pt-8177ce700f2d0a44,src-419939bfe54e4f7d,CO2,true,Legend group heading 'CO2 @' binds the temperature row '373K'.,co2_loading,mmol per gram of sorbent,visible_marker,,,,,,,
figp1a,a,figp1a:a:co2-373k-9f2f766d,CO2 373K,127.005,mbar,0.4439,mmol/g,circle,solid,#f41d25,false,high,312.24,652.99,assigned_by=joint_assignment; source=auto,pt-66890cb651a9d83e,src-12efc5b4dc329786,CO2,true,Legend group heading 'CO2 @' binds the temperature row '373K'.,co2_loading,mmol per gram of sorbent,visible_marker,,,,,,,
figp1a,a,figp1a:a:co2-373k-9f2f766d,CO2 373K,160.0125,mbar,1.0474,mmol/g,circle,solid,#f41d25,false,medium,336.0,578.0,overlap_flag=true; assigned_by=joint_assignment; source=auto,pt-03f3fa7b23ad7e1a,src-381893cec616feea,CO2,true,Legend group heading 'CO2 @' binds the temperature row '373K'.,co2_loading,mmol per gram of sorbent,partially_visible_marker,,,,,,,
figp1a,a,figp1a:a:co2-373k-9f2f766d,CO2 373K,191.9647,mbar,1.5302,mmol/g,circle,solid,#f41d25,false,medium,359.0,518.0,overlap_flag=true; assigned_by=joint_assignment; source=auto,pt-555739800c4f238a,src-853c151b177d7663,CO2,true,Legend group heading 'CO2 @' binds the temperature row '373K'.,co2_loading,mmol per gram of sorbent,partially_visible_marker,,,,,,,
figp1a,a,figp1a:a:co2-373k-9f2f766d,CO2 373K,231.0092,mbar,2.0233,mmol/g,circle,solid,#f41d25,false,high,387.11,456.74,assigned_by=joint_assignment; source=auto,pt-11f704aaf8c9f9e2,src-9f2107e0e82fd07a,CO2,true,Legend group heading 'CO2 @' binds the temperature row '373K'.,co2_loading,mmol per gram of sorbent,visible_marker,,,,,,,
figp1a,a,figp1a:a:co2-373k-9f2f766d,CO2 373K,239.1983,mbar,2.1338,mmol/g,circle,solid,#f41d25,false,medium,393.0,443.0,overlap_flag=true; assigned_by=joint_assignment; source=auto,pt-c314ee6813693522,src-56e231c83681dce2,CO2,true,Legend group heading 'CO2 @' binds the temperature row '373K'.,co2_loading,mmol per gram of sorbent,partially_visible_marker,,,,,,,
figp1a,a,figp1a:a:co2-373k-9f2f766d,CO2 373K,286.432,mbar,1.828,mmol/g,circle,solid,#f41d25,false,medium,427.0,481.0,overlap_flag=true; assigned_by=joint_assignment; source=auto,pt-337d340183bcc6a3,src-44378d9f3be46341,CO2,true,Legend group heading 'CO2 @' binds the temperature row '373K'.,co2_loading,mmol per gram of sorbent,partially_visible_marker,,,,,,,
figp1a,a,figp1a:a:co2-373k-9f2f766d,CO2 373K,316.995,mbar,2.0453,mmol/g,circle,solid,#f41d25,false,medium,449.0,454.0,overlap_flag=true; assigned_by=joint_assignment; source=auto,pt-9e77b4e498e2239d,src-40256320867eb576,CO2,true,Legend group heading 'CO2 @' binds the temperature row '373K'.,co2_loading,mmol per gram of sorbent,partially_visible_marker,,,,,,,
figp1a,a,figp1a:a:co2-373k-9f2f766d,CO2 373K,435.0791,mbar,1.9085,mmol/g,circle,solid,#f41d25,false,medium,534.0,471.0,overlap_flag=true; assigned_by=joint_assignment; source=auto,pt-2c198865ac58bf03,src-e3c6f8a09ad49af3,CO2,true,Legend group heading 'CO2 @' binds the temperature row '373K'.,co2_loading,mmol per gram of sorbent,partially_visible_marker,,,,,,,
figp1a,a,figp1a:a:co2-373k-9f2f766d,CO2 373K,526.768,mbar,1.8119,mmol/g,circle,solid,#f41d25,false,medium,600.0,483.0,overlap_flag=true; assigned_by=joint_assignment; source=auto,pt-4dcf7399d7792fe1,src-785662c22bc94ca4,CO2,true,Legend group heading 'CO2 @' binds the temperature row '373K'.,co2_loading,mmol per gram of sorbent,partially_visible_marker,,,,,,,
figp1a,a,figp1a:a:co2-373k-9f2f766d,CO2 373K,551.774,mbar,1.7878,mmol/g,circle,solid,#f41d25,false,medium,618.0,486.0,overlap_flag=true; assigned_by=joint_assignment; source=auto,pt-d24ddd6ee6b8fb10,src-0eca45666504f3f7,CO2,true,Legend group heading 'CO2 @' binds the temperature row '373K'.,co2_loading,mmol per gram of sorbent,partially_visible_marker,,,,,,,
figp1a,a,figp1a:a:co2-373k-9f2f766d,CO2 373K,599.0077,mbar,1.5624,mmol/g,circle,solid,#f41d25,false,medium,652.0,514.0,overlap_flag=true; assigned_by=joint_assignment; source=auto,pt-dd781818553480c3,src-2d0a55b72fe465ca,CO2,true,Legend group heading 'CO2 @' binds the temperature row '373K'.,co2_loading,mmol per gram of sorbent,partially_visible_marker,,,,,,,
figp1a,a,figp1a:a:co2-373k-9f2f766d,CO2 373K,635.9118,mbar,1.566,mmol/g,circle,solid,#f41d25,false,medium,678.56,513.56,assigned_by=joint_assignment; source=auto,pt-b220cbaad5873425,src-a3b6a39c98a11cf0,CO2,true,Legend group heading 'CO2 @' binds the temperature row '373K'.,co2_loading,mmol per gram of sorbent,visible_marker,,,,,,,
figp1a,a,figp1a:a:co2-373k-9f2f766d,CO2 373K,643.4629,mbar,1.5946,mmol/g,circle,solid,#f41d25,false,medium,684.0,510.0,overlap_flag=true; assigned_by=joint_assignment; source=auto,pt-94d14e2cf2ad0f14,src-198f82ebbd040c54,CO2,true,Legend group heading 'CO2 @' binds the temperature row '373K'.,co2_loading,mmol per gram of sorbent,partially_visible_marker,,,,,,,
figp1a,a,figp1a:a:co2-373k-9f2f766d,CO2 373K,698.2092,mbar,1.6578,mmol/g,circle,solid,#f41d25,false,medium,723.41,502.15,assigned_by=joint_assignment; source=auto,pt-e72ff41d8f2df011,src-a2c977c5d9ccf976,CO2,true,Legend group heading 'CO2 @' binds the temperature row '373K'.,co2_loading,mmol per gram of sorbent,visible_marker,,,,,,,
figp1a,a,figp1a:a:co2-373k-9f2f766d,CO2 373K,757.6148,mbar,1.7217,mmol/g,circle,solid,#f41d25,false,medium,766.17,494.21,assigned_by=joint_assignment; source=auto,pt-73a5d73f8b644f65,src-cfad00faff319a55,CO2,true,Legend group heading 'CO2 @' binds the temperature row '373K'.,co2_loading,mmol per gram of sorbent,visible_marker,,,,,,,
figp1a,a,figp1a:a:co2-373k-9f2f766d,CO2 373K,797.6669,mbar,1.7878,mmol/g,circle,solid,#f41d25,false,medium,795.0,486.0,overlap_flag=true; assigned_by=joint_assignment; source=auto,pt-370d469828503137,src-e208dcbb2dfb0557,CO2,true,Legend group heading 'CO2 @' binds the temperature row '373K'.,co2_loading,mmol per gram of sorbent,partially_visible_marker,,,,,,,
figp1a,a,figp1a:a:co2-373k-9f2f766d,CO2 373K,824.0622,mbar,1.7878,mmol/g,circle,solid,#f41d25,false,medium,814.0,486.0,overlap_flag=true; assigned_by=joint_assignment; source=auto,pt-d13e3071f486e72d,src-20168ffd779d993c,CO2,true,Legend group heading 'CO2 @' binds the temperature row '373K'.,co2_loading,mmol per gram of sorbent,partially_visible_marker,,,,,,,
figp1a,a,figp1a:a:co2-373k-9f2f766d,CO2 373K,885.1881,mbar,1.8441,mmol/g,circle,solid,#f41d25,false,medium,858.0,479.0,overlap_flag=true; assigned_by=joint_assignment; source=auto,pt-d775cccb53c95d24,src-6edc9ac51ba7a0fb,CO2,true,Legend group heading 'CO2 @' binds the temperature row '373K'.,co2_loading,mmol per gram of sorbent,partially_visible_marker,,,,,,,
figp1a,a,figp1a:a:co2-373k-9f2f766d,CO2 373K,925.4756,mbar,1.8763,mmol/g,circle,solid,#f41d25,false,medium,887.0,475.0,overlap_flag=true; assigned_by=joint_assignment; source=auto,pt-fa7a42339988a265,src-22d6d5cc6a948069,CO2,true,Legend group heading 'CO2 @' binds the temperature row '373K'.,co2_loading,mmol per gram of sorbent,partially_visible_marker,,,,,,,
figp1a,a,figp1a:a:co2-373k-9f2f766d,CO2 373K,940.7571,mbar,1.8924,mmol/g,circle,solid,#f41d25,false,medium,898.0,473.0,overlap_flag=true; assigned_by=joint_assignment; source=auto,pt-723caf9b8859cfa4,src-4f5e79e5cd570064,CO2,true,Legend group heading 'CO2 @' binds the temperature row '373K'.,co2_loading,mmol per gram of sorbent,partially_visible_marker,,,,,,,
figp1a,a,figp1a:a:co2-373k-9f2f766d,CO2 373K,1003.2723,mbar,1.9407,mmol/g,circle,solid,#f41d25,false,medium,943.0,467.0,overlap_flag=true; assigned_by=joint_assignment; source=auto,pt-38f6282fabd5e3f8,src-5bb89b287dc36111,CO2,true,Legend group heading 'CO2 @' binds the temperature row '373K'.,co2_loading,mmol per gram of sorbent,partially_visible_marker,,,,,,,
figp1a,a,figp1a:a:co2-373k-9f2f766d,CO2 373K,1074.1228,mbar,1.9809,mmol/g,circle,solid,#f41d25,false,medium,994.0,462.0,overlap_flag=true; assigned_by=joint_assignment; source=auto,pt-3892039bd4912351,src-ead837a69fa00cc9,CO2,true,Legend group heading 'CO2 @' binds the temperature row '373K'.,co2_loading,mmol per gram of sorbent,partially_visible_marker,,,,,,,
figp1a,a,figp1a:a:co2-373k-9f2f766d,CO2 373K,1136.6295,mbar,2.0184,mmol/g,circle,solid,#f41d25,false,medium,1038.99,457.34,assigned_by=joint_assignment; source=auto,pt-cb16fa0b9a6ab7c5,src-ff10d10eeea510cd,CO2,true,Legend group heading 'CO2 @' binds the temperature row '373K'.,co2_loading,mmol per gram of sorbent,visible_marker,,,,,,,
